{
	"credit": "Made with Blockbench",
	"texture_size": [256, 256],
	"textures": {
		"0": "item/amalon/tc/a4/skin_mallard",
		"particle": "item/amalon/tc/a4/skin_mallard"
	},
	"elements": [
		{
			"from": [-10, -5, -16],
			"to": [26, 5, 20],
			"faces": {
				"north": {"uv": [6.75, 5.125, 9, 5.75], "texture": "#0"},
				"east": {"uv": [6, 15, 8.25, 15.625], "texture": "#0"},
				"south": {"uv": [4.5, 5.125, 6.75, 5.75], "texture": "#0"},
				"west": {"uv": [2.6875, 12.3125, 4.9375, 12.9375], "texture": "#0"},
				"up": {"uv": [2.6875, 6.125, 4.9375, 8.375], "rotation": 90, "texture": "#0"}
			}
		},
		{
			"from": [-10, -5, 20],
			"to": [26, 4, 32],
			"faces": {
				"east": {"uv": [5.25, 15.0625, 6, 15.625], "texture": "#0"},
				"south": {"uv": [4.5, 5.1875, 6.75, 5.75], "texture": "#0"},
				"west": {"uv": [4.9375, 12.375, 5.6875, 12.9375], "texture": "#0"},
				"up": {"uv": [4.9375, 6.125, 5.6875, 8.375], "rotation": 90, "texture": "#0"}
			}
		},
		{
			"from": [-9, 4, 8.5],
			"to": [-8.8, 5, 13.5],
			"rotation": {"angle": 0, "axis": "y", "origin": [0, 0, -0.5]},
			"color": 0,
			"faces": {
				"north": {"uv": [0, 0, 0.0125, 0.0625], "texture": "#0"},
				"east": {"uv": [0, 0, 0.3125, 0.0625], "texture": "#0"},
				"south": {"uv": [0, 0, 0.0125, 0.0625], "texture": "#0"},
				"west": {"uv": [0, 0, 0.3125, 0.0625], "texture": "#0"},
				"up": {"uv": [0, 0, 0.0125, 0.3125], "texture": "#0"},
				"down": {"uv": [0, 0, 0.0125, 0.3125], "texture": "#0"}
			}
		},
		{
			"from": [-9, 4, 4.5],
			"to": [-8.8, 5, 8.5],
			"rotation": {"angle": -45, "axis": "x", "origin": [0, 5, 8.5]},
			"color": 0,
			"faces": {
				"north": {"uv": [0, 0, 0.0125, 0.0625], "texture": "#0"},
				"east": {"uv": [0, 0, 0.25, 0.0625], "texture": "#0"},
				"south": {"uv": [0, 0, 0.0125, 0.0625], "texture": "#0"},
				"west": {"uv": [0, 0, 0.25, 0.0625], "texture": "#0"},
				"up": {"uv": [0, 0, 0.0125, 0.25], "texture": "#0"},
				"down": {"uv": [0, 0, 0.0125, 0.25], "texture": "#0"}
			}
		},
		{
			"from": [-9, 2, 12.5],
			"to": [-8.8, 4, 13.5],
			"rotation": {"angle": 0, "axis": "y", "origin": [0, 0, -0.5]},
			"color": 0,
			"faces": {
				"north": {"uv": [0, 0, 0.0125, 0.125], "texture": "#0"},
				"east": {"uv": [0, 0, 0.0625, 0.125], "texture": "#0"},
				"south": {"uv": [0, 0, 0.0125, 0.125], "texture": "#0"},
				"west": {"uv": [0, 0, 0.0625, 0.125], "texture": "#0"},
				"up": {"uv": [0, 0, 0.0125, 0.0625], "texture": "#0"},
				"down": {"uv": [0, 0, 0.0125, 0.0625], "texture": "#0"}
			}
		},
		{
			"from": [-9, 2, 6.5],
			"to": [-8.8, 3, 13.5],
			"rotation": {"angle": 0, "axis": "x", "origin": [0, 2, 13.5]},
			"color": 0,
			"faces": {
				"north": {"uv": [0, 0, 0.0125, 0.0625], "rotation": 180, "texture": "#0"},
				"east": {"uv": [0, 0, 0.0625, 0.4375], "rotation": 270, "texture": "#0"},
				"south": {"uv": [0, 0, 0.0125, 0.0625], "texture": "#0"},
				"west": {"uv": [0, 0, 0.0625, 0.4375], "rotation": 90, "texture": "#0"},
				"up": {"uv": [0, 0, 0.0125, 0.4375], "rotation": 180, "texture": "#0"},
				"down": {"uv": [0, 0, 0.0125, 0.4375], "texture": "#0"}
			}
		},
		{
			"from": [24.8, 4, 8.5],
			"to": [25, 5, 13.5],
			"rotation": {"angle": 0, "axis": "y", "origin": [16, 0, -0.5]},
			"color": 0,
			"faces": {
				"north": {"uv": [0.0125, 0, 0, 0.0625], "texture": "#0"},
				"east": {"uv": [0.3125, 0, 0, 0.0625], "texture": "#0"},
				"south": {"uv": [0.0125, 0, 0, 0.0625], "texture": "#0"},
				"west": {"uv": [0.3125, 0, 0, 0.0625], "texture": "#0"},
				"up": {"uv": [0.0125, 0, 0, 0.3125], "texture": "#0"},
				"down": {"uv": [0.0125, 0, 0, 0.3125], "texture": "#0"}
			}
		},
		{
			"from": [24.8, 4, 4.5],
			"to": [25, 5, 8.5],
			"rotation": {"angle": -45, "axis": "x", "origin": [16, 5, 8.5]},
			"color": 0,
			"faces": {
				"north": {"uv": [0.0125, 0, 0, 0.0625], "texture": "#0"},
				"east": {"uv": [0.25, 0, 0, 0.0625], "texture": "#0"},
				"south": {"uv": [0.0125, 0, 0, 0.0625], "texture": "#0"},
				"west": {"uv": [0.25, 0, 0, 0.0625], "texture": "#0"},
				"up": {"uv": [0.0125, 0, 0, 0.25], "texture": "#0"},
				"down": {"uv": [0.0125, 0, 0, 0.25], "texture": "#0"}
			}
		},
		{
			"from": [24.8, 2, 12.5],
			"to": [25, 4, 13.5],
			"rotation": {"angle": 0, "axis": "y", "origin": [16, 0, -0.5]},
			"color": 0,
			"faces": {
				"north": {"uv": [0.0125, 0, 0, 0.125], "texture": "#0"},
				"east": {"uv": [0.0625, 0, 0, 0.125], "texture": "#0"},
				"south": {"uv": [0.0125, 0, 0, 0.125], "texture": "#0"},
				"west": {"uv": [0.0625, 0, 0, 0.125], "texture": "#0"},
				"up": {"uv": [0.0125, 0, 0, 0.0625], "texture": "#0"},
				"down": {"uv": [0.0125, 0, 0, 0.0625], "texture": "#0"}
			}
		},
		{
			"from": [24.8, 2, 6.5],
			"to": [25, 3, 13.5],
			"rotation": {"angle": 0, "axis": "x", "origin": [16, 2, 13.5]},
			"color": 0,
			"faces": {
				"north": {"uv": [0.0125, 0, 0, 0.0625], "rotation": 180, "texture": "#0"},
				"east": {"uv": [0, 0.4375, 0.0625, 0], "rotation": 90, "texture": "#0"},
				"south": {"uv": [0.0125, 0, 0, 0.0625], "texture": "#0"},
				"west": {"uv": [0, 0.4375, 0.0625, 0], "rotation": 270, "texture": "#0"},
				"up": {"uv": [0.0125, 0, 0, 0.4375], "rotation": 180, "texture": "#0"},
				"down": {"uv": [0.0125, 0, 0, 0.4375], "texture": "#0"}
			}
		},
		{
			"from": [4, 28, -16],
			"to": [12, 29, -4],
			"faces": {
				"north": {"uv": [7.625, 3.625, 8.125, 3.6875], "texture": "#0"},
				"east": {"uv": [7.5, 13.5, 8.25, 13.5625], "texture": "#0"},
				"west": {"uv": [2.6875, 10.8125, 3.4375, 10.875], "texture": "#0"},
				"up": {"uv": [2.6875, 7, 3.4375, 7.5], "rotation": 90, "texture": "#0"}
			}
		},
		{
			"from": [-5, 5, -16],
			"to": [21, 19, -4],
			"faces": {
				"north": {"uv": [7.0625, 4.25, 8.6875, 5.125], "texture": "#0"},
				"east": {"uv": [7.5, 14.125, 8.25, 15], "texture": "#0"},
				"west": {"uv": [2.6875, 11.4375, 3.4375, 12.3125], "texture": "#0"},
				"up": {"uv": [2.6875, 6.4375, 3.4375, 8.0625], "rotation": 90, "texture": "#0"}
			}
		},
		{
			"from": [-4, 19, -16],
			"to": [20, 23, -4],
			"faces": {
				"north": {"uv": [7.125, 4, 8.625, 4.25], "texture": "#0"},
				"east": {"uv": [7.5, 13.875, 8.25, 14.125], "texture": "#0"},
				"west": {"uv": [2.6875, 11.1875, 3.4375, 11.4375], "texture": "#0"},
				"up": {"uv": [2.6875, 6.5, 3.4375, 8], "rotation": 90, "texture": "#0"}
			}
		},
		{
			"from": [-3, 23, -16],
			"to": [19, 25, -4],
			"faces": {
				"north": {"uv": [7.1875, 3.875, 8.5625, 4], "texture": "#0"},
				"east": {"uv": [7.5, 13.75, 8.25, 13.875], "texture": "#0"},
				"west": {"uv": [2.6875, 11.0625, 3.4375, 11.1875], "texture": "#0"},
				"up": {"uv": [2.6875, 6.5625, 3.4375, 7.9375], "rotation": 90, "texture": "#0"}
			}
		},
		{
			"from": [-2, 25, -16],
			"to": [18, 26, -4],
			"faces": {
				"north": {"uv": [7.25, 3.8125, 8.5, 3.875], "texture": "#0"},
				"east": {"uv": [7.5, 13.6875, 8.25, 13.75], "texture": "#0"},
				"west": {"uv": [2.6875, 11, 3.4375, 11.0625], "texture": "#0"},
				"up": {"uv": [2.6875, 6.625, 3.4375, 7.875], "rotation": 90, "texture": "#0"}
			}
		},
		{
			"from": [0, 26, -16],
			"to": [16, 27, -4],
			"faces": {
				"north": {"uv": [7.375, 3.75, 8.375, 3.8125], "texture": "#0"},
				"east": {"uv": [7.5, 13.625, 8.25, 13.6875], "texture": "#0"},
				"west": {"uv": [2.6875, 10.9375, 3.4375, 11], "texture": "#0"},
				"up": {"uv": [2.6875, 6.75, 3.4375, 7.75], "rotation": 90, "texture": "#0"}
			}
		},
		{
			"from": [2, 27, -16],
			"to": [14, 28, -4],
			"faces": {
				"north": {"uv": [7.5, 3.6875, 8.25, 3.75], "texture": "#0"},
				"east": {"uv": [7.5, 13.5625, 8.25, 13.625], "texture": "#0"},
				"west": {"uv": [2.6875, 10.875, 3.4375, 10.9375], "texture": "#0"},
				"up": {"uv": [2.6875, 6.875, 3.4375, 7.625], "rotation": 90, "texture": "#0"}
			}
		},
		{
			"from": [-5, 5, -4],
			"to": [21, 20, 8],
			"faces": {
				"north": {"uv": [0.3125, 4.1875, 1.9375, 5.125], "texture": "#0"},
				"east": {"uv": [6.75, 14.0625, 7.5, 15], "texture": "#0"},
				"west": {"uv": [3.4375, 11.375, 4.1875, 12.3125], "texture": "#0"},
				"up": {"uv": [3.4375, 6.4375, 4.1875, 8.0625], "rotation": 90, "texture": "#0"}
			}
		},
		{
			"from": [-4, 20, -4],
			"to": [20, 24, 8],
			"faces": {
				"north": {"uv": [0.375, 3.9375, 1.875, 4.1875], "texture": "#0"},
				"east": {"uv": [6.75, 13.8125, 7.5, 14.0625], "texture": "#0"},
				"west": {"uv": [3.4375, 11.125, 4.1875, 11.375], "texture": "#0"},
				"up": {"uv": [3.4375, 6.5, 4.1875, 8], "rotation": 90, "texture": "#0"}
			}
		},
		{
			"from": [-3, 24, -4],
			"to": [19, 26, 8],
			"faces": {
				"north": {"uv": [0.4375, 3.8125, 1.8125, 3.9375], "texture": "#0"},
				"east": {"uv": [6.75, 13.6875, 7.5, 13.8125], "texture": "#0"},
				"west": {"uv": [3.4375, 11, 4.1875, 11.125], "texture": "#0"},
				"up": {"uv": [3.4375, 6.5625, 4.1875, 7.9375], "rotation": 90, "texture": "#0"}
			}
		},
		{
			"from": [-2, 26, -4],
			"to": [18, 27, 8],
			"faces": {
				"north": {"uv": [0.5, 3.75, 1.75, 3.8125], "texture": "#0"},
				"east": {"uv": [6.75, 13.625, 7.5, 13.6875], "texture": "#0"},
				"west": {"uv": [3.4375, 10.9375, 4.1875, 11], "texture": "#0"},
				"up": {"uv": [3.4375, 6.625, 4.1875, 7.875], "rotation": 90, "texture": "#0"}
			}
		},
		{
			"from": [0, 27, -4],
			"to": [16, 28, 8],
			"faces": {
				"north": {"uv": [0.625, 3.6875, 1.625, 3.75], "texture": "#0"},
				"east": {"uv": [6.75, 13.5625, 7.5, 13.625], "texture": "#0"},
				"west": {"uv": [3.4375, 10.875, 4.1875, 10.9375], "texture": "#0"},
				"up": {"uv": [3.4375, 6.75, 4.1875, 7.75], "rotation": 90, "texture": "#0"}
			}
		},
		{
			"from": [2, 28, -4],
			"to": [14, 29, 8],
			"faces": {
				"north": {"uv": [0.75, 3.625, 1.5, 3.6875], "texture": "#0"},
				"east": {"uv": [6.75, 13.5, 7.5, 13.5625], "texture": "#0"},
				"west": {"uv": [3.4375, 10.8125, 4.1875, 10.875], "texture": "#0"},
				"up": {"uv": [3.4375, 6.875, 4.1875, 7.625], "rotation": 90, "texture": "#0"}
			}
		},
		{
			"from": [4, 29, -4],
			"to": [12, 30, 8],
			"faces": {
				"north": {"uv": [0.875, 3.5625, 1.375, 3.625], "texture": "#0"},
				"east": {"uv": [6.75, 13.4375, 7.5, 13.5], "texture": "#0"},
				"west": {"uv": [3.4375, 10.75, 4.1875, 10.8125], "texture": "#0"},
				"up": {"uv": [3.4375, 7, 4.1875, 7.5], "rotation": 90, "texture": "#0"}
			}
		},
		{
			"from": [4, 29, -4],
			"to": [12, 30, 8],
			"faces": {
				"north": {"uv": [0.875, 3.5625, 1.375, 3.625], "texture": "#0"},
				"east": {"uv": [6.75, 13.4375, 7.5, 13.5], "texture": "#0"},
				"west": {"uv": [3.4375, 10.75, 4.1875, 10.8125], "texture": "#0"},
				"up": {"uv": [3.4375, 7, 4.1875, 7.5], "rotation": 90, "texture": "#0"}
			}
		},
		{
			"from": [-5, 5, 8],
			"to": [21, 21, 20],
			"faces": {
				"north": {"uv": [0.3125, 4.125, 1.9375, 5.125], "texture": "#0"},
				"east": {"uv": [6, 14, 6.75, 15], "texture": "#0"},
				"west": {"uv": [4.1875, 11.3125, 4.9375, 12.3125], "texture": "#0"},
				"up": {"uv": [4.1875, 6.4375, 4.9375, 8.0625], "rotation": 90, "texture": "#0"}
			}
		},
		{
			"from": [-4, 21, 8],
			"to": [20, 25, 20],
			"faces": {
				"north": {"uv": [0.375, 3.875, 1.875, 4.125], "texture": "#0"},
				"east": {"uv": [6, 13.75, 6.75, 14], "texture": "#0"},
				"west": {"uv": [4.1875, 11.0625, 4.9375, 11.3125], "texture": "#0"},
				"up": {"uv": [4.1875, 6.5, 4.9375, 8], "rotation": 90, "texture": "#0"}
			}
		},
		{
			"from": [-3, 25, 8],
			"to": [19, 27, 20],
			"faces": {
				"north": {"uv": [0.4375, 3.75, 1.8125, 3.875], "texture": "#0"},
				"east": {"uv": [6, 13.625, 6.75, 13.75], "texture": "#0"},
				"west": {"uv": [4.1875, 10.9375, 4.9375, 11.0625], "texture": "#0"},
				"up": {"uv": [4.1875, 6.5625, 4.9375, 7.9375], "rotation": 90, "texture": "#0"}
			}
		},
		{
			"from": [-2, 27, 8],
			"to": [18, 28, 20],
			"faces": {
				"north": {"uv": [0.5, 3.6875, 1.75, 3.75], "texture": "#0"},
				"east": {"uv": [6, 13.5625, 6.75, 13.625], "texture": "#0"},
				"west": {"uv": [4.1875, 10.875, 4.9375, 10.9375], "texture": "#0"},
				"up": {"uv": [4.1875, 6.625, 4.9375, 7.875], "rotation": 90, "texture": "#0"}
			}
		},
		{
			"from": [0, 28, 8],
			"to": [16, 29, 20],
			"faces": {
				"north": {"uv": [0.625, 3.625, 1.625, 3.6875], "texture": "#0"},
				"east": {"uv": [6, 13.5, 6.75, 13.5625], "texture": "#0"},
				"west": {"uv": [4.1875, 10.8125, 4.9375, 10.875], "texture": "#0"},
				"up": {"uv": [4.1875, 6.75, 4.9375, 7.75], "rotation": 90, "texture": "#0"}
			}
		},
		{
			"from": [2, 29, 8],
			"to": [14, 30, 20],
			"faces": {
				"north": {"uv": [0.75, 3.5625, 1.5, 3.625], "texture": "#0"},
				"east": {"uv": [6, 13.4375, 6.75, 13.5], "texture": "#0"},
				"west": {"uv": [4.1875, 10.75, 4.9375, 10.8125], "texture": "#0"},
				"up": {"uv": [4.1875, 6.875, 4.9375, 7.625], "rotation": 90, "texture": "#0"}
			}
		},
		{
			"from": [4, 30, 8],
			"to": [12, 31, 20],
			"faces": {
				"north": {"uv": [0.875, 3.5, 1.375, 3.5625], "texture": "#0"},
				"east": {"uv": [6, 13.375, 6.75, 13.4375], "texture": "#0"},
				"west": {"uv": [4.1875, 10.6875, 4.9375, 10.75], "texture": "#0"},
				"up": {"uv": [4.1875, 7, 4.9375, 7.5], "rotation": 90, "texture": "#0"}
			}
		},
		{
			"from": [4, 30, 8],
			"to": [12, 31, 20],
			"faces": {
				"north": {"uv": [0.875, 3.5, 1.375, 3.5625], "texture": "#0"},
				"east": {"uv": [6, 13.375, 6.75, 13.4375], "texture": "#0"},
				"west": {"uv": [4.1875, 10.6875, 4.9375, 10.75], "texture": "#0"},
				"up": {"uv": [4.1875, 7, 4.9375, 7.5], "rotation": 90, "texture": "#0"}
			}
		},
		{
			"from": [-5, 4, 20],
			"to": [21, 22, 32],
			"faces": {
				"north": {"uv": [0.3125, 4.0625, 1.9375, 5.1875], "texture": "#0"},
				"east": {"uv": [5.25, 13.9375, 6, 15.0625], "texture": "#0"},
				"south": {"uv": [4.8125, 4.0625, 6.4375, 5.1875], "texture": "#0"},
				"west": {"uv": [4.9375, 11.25, 5.6875, 12.375], "texture": "#0"},
				"up": {"uv": [4.9375, 6.4375, 5.6875, 8.0625], "rotation": 90, "texture": "#0"}
			}
		},
		{
			"from": [-4, 22, 20],
			"to": [20, 26, 32],
			"faces": {
				"north": {"uv": [0.375, 3.8125, 1.875, 4.0625], "texture": "#0"},
				"east": {"uv": [5.25, 13.6875, 6, 13.9375], "texture": "#0"},
				"south": {"uv": [4.875, 3.8125, 6.375, 4.0625], "texture": "#0"},
				"west": {"uv": [4.9375, 11, 5.6875, 11.25], "texture": "#0"},
				"up": {"uv": [4.9375, 6.5, 5.6875, 8], "rotation": 90, "texture": "#0"}
			}
		},
		{
			"from": [-3, 26, 20],
			"to": [19, 28, 32],
			"faces": {
				"north": {"uv": [0.4375, 3.6875, 1.8125, 3.8125], "texture": "#0"},
				"east": {"uv": [5.25, 13.5625, 6, 13.6875], "texture": "#0"},
				"south": {"uv": [4.9375, 3.6875, 6.3125, 3.8125], "texture": "#0"},
				"west": {"uv": [4.9375, 10.875, 5.6875, 11], "texture": "#0"},
				"up": {"uv": [4.9375, 6.5625, 5.6875, 7.9375], "rotation": 90, "texture": "#0"}
			}
		},
		{
			"from": [-2, 28, 20],
			"to": [18, 29, 32],
			"faces": {
				"north": {"uv": [0.5, 3.625, 1.75, 3.6875], "texture": "#0"},
				"east": {"uv": [5.25, 13.5, 6, 13.5625], "texture": "#0"},
				"south": {"uv": [5, 3.625, 6.25, 3.6875], "texture": "#0"},
				"west": {"uv": [4.9375, 10.8125, 5.6875, 10.875], "texture": "#0"},
				"up": {"uv": [4.9375, 6.625, 5.6875, 7.875], "rotation": 90, "texture": "#0"}
			}
		},
		{
			"from": [0, 29, 20],
			"to": [16, 30, 32],
			"faces": {
				"north": {"uv": [0.625, 3.5625, 1.625, 3.625], "texture": "#0"},
				"east": {"uv": [5.25, 13.4375, 6, 13.5], "texture": "#0"},
				"south": {"uv": [5.125, 3.5625, 6.125, 3.625], "texture": "#0"},
				"west": {"uv": [4.9375, 10.75, 5.6875, 10.8125], "texture": "#0"},
				"up": {"uv": [4.9375, 6.75, 5.6875, 7.75], "rotation": 90, "texture": "#0"}
			}
		},
		{
			"from": [2, 30, 20],
			"to": [14, 31, 32],
			"faces": {
				"north": {"uv": [0.75, 3.5, 1.5, 3.5625], "texture": "#0"},
				"east": {"uv": [5.25, 13.375, 6, 13.4375], "texture": "#0"},
				"south": {"uv": [5.25, 3.5, 6, 3.5625], "texture": "#0"},
				"west": {"uv": [4.9375, 10.6875, 5.6875, 10.75], "texture": "#0"},
				"up": {"uv": [4.9375, 6.875, 5.6875, 7.625], "rotation": 90, "texture": "#0"}
			}
		},
		{
			"from": [4, 31, 20],
			"to": [12, 32, 32],
			"faces": {
				"north": {"uv": [0.875, 3.4375, 1.375, 3.5], "texture": "#0"},
				"east": {"uv": [5.25, 13.3125, 6, 13.375], "texture": "#0"},
				"south": {"uv": [5.375, 3.4375, 5.875, 3.5], "texture": "#0"},
				"west": {"uv": [4.9375, 10.625, 5.6875, 10.6875], "texture": "#0"},
				"up": {"uv": [4.9375, 7, 5.6875, 7.5], "rotation": 90, "texture": "#0"}
			}
		},
		{
			"from": [4, 31, 20],
			"to": [12, 32, 32],
			"faces": {
				"north": {"uv": [0.875, 3.4375, 1.375, 3.5], "texture": "#0"},
				"east": {"uv": [5.25, 13.3125, 6, 13.375], "texture": "#0"},
				"south": {"uv": [3.125, 3.4375, 3.625, 3.5], "texture": "#0"},
				"west": {"uv": [4.9375, 10.625, 5.6875, 10.6875], "texture": "#0"},
				"up": {"uv": [4.9375, 7, 5.6875, 7.5], "rotation": 90, "texture": "#0"}
			}
		},
		{
			"from": [0, -8, -16],
			"to": [16, 4, -15],
			"faces": {
				"north": {"uv": [0, 0.75, 0.0625, 0.8125], "texture": "#0"},
				"east": {"uv": [0, 0.75, 0.0625, 0.8125], "texture": "#0"},
				"west": {"uv": [0, 0.75, 0.0625, 0.8125], "texture": "#0"},
				"down": {"uv": [0, 0.75, 0.0625, 0.8125], "texture": "#0"}
			}
		},
		{
			"from": [0, -9, -15],
			"to": [16, 4, -14],
			"faces": {
				"north": {"uv": [0, 0.75, 0.0625, 0.8125], "texture": "#0"},
				"east": {"uv": [0, 0.75, 0.0625, 0.8125], "texture": "#0"},
				"west": {"uv": [0, 0.75, 0.0625, 0.8125], "texture": "#0"},
				"down": {"uv": [0, 0.75, 0.0625, 0.8125], "texture": "#0"}
			}
		},
		{
			"from": [0, -10, -14],
			"to": [16, 4, -13],
			"faces": {
				"north": {"uv": [0, 0.75, 0.0625, 0.8125], "texture": "#0"},
				"east": {"uv": [0, 0.75, 0.0625, 0.8125], "texture": "#0"},
				"west": {"uv": [0, 0.75, 0.0625, 0.8125], "texture": "#0"},
				"down": {"uv": [0, 0.75, 0.0625, 0.8125], "texture": "#0"}
			}
		},
		{
			"from": [0, -12, -13],
			"to": [16, 4, -12],
			"faces": {
				"north": {"uv": [0, 0.75, 0.0625, 0.8125], "texture": "#0"},
				"east": {"uv": [0, 0.75, 0.0625, 0.8125], "texture": "#0"},
				"west": {"uv": [0, 0.75, 0.0625, 0.8125], "texture": "#0"},
				"down": {"uv": [0, 0.75, 0.0625, 0.8125], "texture": "#0"}
			}
		},
		{
			"from": [0, -14, -12],
			"to": [16, 4, -5.5],
			"faces": {
				"north": {"uv": [0, 0.75, 0.0625, 0.8125], "texture": "#0"},
				"east": {"uv": [0, 0.75, 0.0625, 0.8125], "texture": "#0"},
				"south": {"uv": [0, 0.75, 0.0625, 0.8125], "texture": "#0"},
				"west": {"uv": [0, 0.75, 0.0625, 0.8125], "texture": "#0"},
				"down": {"uv": [0, 0.75, 0.0625, 0.8125], "texture": "#0"}
			}
		},
		{
			"from": [0, -12, 12.5],
			"to": [16, 4, 23],
			"faces": {
				"north": {"uv": [0, 0.75, 0.0625, 0.8125], "texture": "#0"},
				"east": {"uv": [0, 0.75, 0.0625, 0.8125], "texture": "#0"},
				"south": {"uv": [0, 0.75, 0.0625, 0.8125], "texture": "#0"},
				"west": {"uv": [0, 0.75, 0.0625, 0.8125], "texture": "#0"},
				"down": {"uv": [0, 0.75, 0.0625, 0.8125], "texture": "#0"}
			}
		},
		{
			"from": [0, -10, -5.5],
			"to": [16, 4, 12.5],
			"faces": {
				"east": {"uv": [0, 0.75, 0.0625, 0.8125], "texture": "#0"},
				"west": {"uv": [0, 0.75, 0.0625, 0.8125], "texture": "#0"},
				"down": {"uv": [0, 0.75, 0.0625, 0.8125], "texture": "#0"}
			}
		},
		{
			"from": [0, -10, 23],
			"to": [16, 4, 32],
			"faces": {
				"east": {"uv": [0, 0.75, 0.0625, 0.8125], "texture": "#0"},
				"south": {"uv": [0, 0.75, 0.0625, 0.8125], "texture": "#0"},
				"west": {"uv": [0, 0.75, 0.0625, 0.8125], "texture": "#0"},
				"down": {"uv": [0, 0.75, 0.0625, 0.8125], "texture": "#0"}
			}
		},
		{
			"from": [0, -15.5, 2.5],
			"to": [2, -15, 4.5],
			"faces": {
				"north": {"uv": [0, 0.75, 0.0625, 0.8125], "texture": "#0"},
				"east": {"uv": [0, 0.75, 0.0625, 0.8125], "texture": "#0"},
				"south": {"uv": [0, 0.75, 0.0625, 0.8125], "texture": "#0"},
				"west": {"uv": [0, 0.75, 0.0625, 0.8125], "texture": "#0"},
				"down": {"uv": [0, 0.75, 0.0625, 0.8125], "texture": "#0"}
			}
		},
		{
			"from": [0, -15, 1.5],
			"to": [2, -14.5, 5.5],
			"faces": {
				"north": {"uv": [0.0625, 0.8125, 0.125, 0.875], "texture": "#0"},
				"east": {"uv": [0.0625, 0.8125, 0.125, 0.875], "texture": "#0"},
				"south": {"uv": [0.0625, 0.8125, 0.125, 0.875], "texture": "#0"},
				"west": {"uv": [0.0625, 0.8125, 0.125, 0.875], "texture": "#0"},
				"down": {"uv": [0.0625, 0.8125, 0.125, 0.875], "texture": "#0"}
			}
		},
		{
			"from": [0, -14.5, 0.5],
			"to": [2, -14, 6.5],
			"faces": {
				"north": {"uv": [0, 0.75, 0.0625, 0.8125], "texture": "#0"},
				"east": {"uv": [0, 0.75, 0.0625, 0.8125], "texture": "#0"},
				"south": {"uv": [0, 0.75, 0.0625, 0.8125], "texture": "#0"},
				"west": {"uv": [0, 0.75, 0.0625, 0.8125], "texture": "#0"},
				"down": {"uv": [0, 0.75, 0.0625, 0.8125], "texture": "#0"}
			}
		},
		{
			"from": [0, -14, -0.5],
			"to": [2, -13.5, 7.5],
			"faces": {
				"north": {"uv": [0.0625, 0.8125, 0.125, 0.875], "texture": "#0"},
				"east": {"uv": [0.0625, 0.8125, 0.125, 0.875], "texture": "#0"},
				"south": {"uv": [0.0625, 0.8125, 0.125, 0.875], "texture": "#0"},
				"west": {"uv": [0.0625, 0.8125, 0.125, 0.875], "texture": "#0"},
				"down": {"uv": [0.0625, 0.8125, 0.125, 0.875], "texture": "#0"}
			}
		},
		{
			"from": [0, -13.5, -1.5],
			"to": [2, -13, 8.5],
			"faces": {
				"north": {"uv": [0, 0.75, 0.0625, 0.8125], "texture": "#0"},
				"east": {"uv": [0, 0.75, 0.0625, 0.8125], "texture": "#0"},
				"south": {"uv": [0, 0.75, 0.0625, 0.8125], "texture": "#0"},
				"west": {"uv": [0, 0.75, 0.0625, 0.8125], "texture": "#0"},
				"down": {"uv": [0, 0.75, 0.0625, 0.8125], "texture": "#0"}
			}
		},
		{
			"from": [0, -13, -2.5],
			"to": [2, -12.5, 9.5],
			"faces": {
				"north": {"uv": [0.0625, 0.8125, 0.125, 0.875], "texture": "#0"},
				"east": {"uv": [0.0625, 0.8125, 0.125, 0.875], "texture": "#0"},
				"south": {"uv": [0.0625, 0.8125, 0.125, 0.875], "texture": "#0"},
				"west": {"uv": [0.0625, 0.8125, 0.125, 0.875], "texture": "#0"},
				"up": {"uv": [0.0625, 0.8125, 0.125, 0.875], "texture": "#0"},
				"down": {"uv": [0.0625, 0.8125, 0.125, 0.875], "texture": "#0"}
			}
		},
		{
			"from": [0, -12.5, 8.5],
			"to": [2, -12, 10.5],
			"faces": {
				"north": {"uv": [0, 0.75, 0.0625, 0.8125], "texture": "#0"},
				"east": {"uv": [0, 0.75, 0.0625, 0.8125], "texture": "#0"},
				"south": {"uv": [0, 0.75, 0.0625, 0.8125], "texture": "#0"},
				"west": {"uv": [0, 0.75, 0.0625, 0.8125], "texture": "#0"},
				"up": {"uv": [0, 0.75, 0.0625, 0.8125], "texture": "#0"},
				"down": {"uv": [0, 0.75, 0.0625, 0.8125], "texture": "#0"}
			}
		},
		{
			"from": [0, -12, 9.5],
			"to": [2, -11.5, 11.5],
			"faces": {
				"north": {"uv": [0.0625, 0.8125, 0.125, 0.875], "texture": "#0"},
				"east": {"uv": [0.0625, 0.8125, 0.125, 0.875], "texture": "#0"},
				"south": {"uv": [0.0625, 0.8125, 0.125, 0.875], "texture": "#0"},
				"west": {"uv": [0.0625, 0.8125, 0.125, 0.875], "texture": "#0"},
				"up": {"uv": [0.0625, 0.8125, 0.125, 0.875], "texture": "#0"},
				"down": {"uv": [0.0625, 0.8125, 0.125, 0.875], "texture": "#0"}
			}
		},
		{
			"from": [0, -11.5, 10.5],
			"to": [2, -11, 12.5],
			"faces": {
				"north": {"uv": [0, 0.75, 0.0625, 0.8125], "texture": "#0"},
				"east": {"uv": [0, 0.75, 0.0625, 0.8125], "texture": "#0"},
				"west": {"uv": [0, 0.75, 0.0625, 0.8125], "texture": "#0"},
				"up": {"uv": [0, 0.75, 0.0625, 0.8125], "texture": "#0"},
				"down": {"uv": [0, 0.75, 0.0625, 0.8125], "texture": "#0"}
			}
		},
		{
			"from": [0, -12, -4.5],
			"to": [2, -11.5, -2.5],
			"faces": {
				"north": {"uv": [0.0625, 0.8125, 0.125, 0.875], "texture": "#0"},
				"east": {"uv": [0.0625, 0.8125, 0.125, 0.875], "texture": "#0"},
				"south": {"uv": [0.0625, 0.8125, 0.125, 0.875], "texture": "#0"},
				"west": {"uv": [0.0625, 0.8125, 0.125, 0.875], "texture": "#0"},
				"up": {"uv": [0.0625, 0.8125, 0.125, 0.875], "texture": "#0"},
				"down": {"uv": [0.0625, 0.8125, 0.125, 0.875], "texture": "#0"}
			}
		},
		{
			"from": [0, -11.5, -5.5],
			"to": [2, -11, -3.5],
			"faces": {
				"east": {"uv": [0, 0.75, 0.0625, 0.8125], "texture": "#0"},
				"south": {"uv": [0, 0.75, 0.0625, 0.8125], "texture": "#0"},
				"west": {"uv": [0, 0.75, 0.0625, 0.8125], "texture": "#0"},
				"up": {"uv": [0, 0.75, 0.0625, 0.8125], "texture": "#0"},
				"down": {"uv": [0, 0.75, 0.0625, 0.8125], "texture": "#0"}
			}
		},
		{
			"from": [0, -12.5, -3.5],
			"to": [2, -12, -1.5],
			"faces": {
				"north": {"uv": [0, 0.75, 0.0625, 0.8125], "texture": "#0"},
				"east": {"uv": [0, 0.75, 0.0625, 0.8125], "texture": "#0"},
				"south": {"uv": [0, 0.75, 0.0625, 0.8125], "texture": "#0"},
				"west": {"uv": [0, 0.75, 0.0625, 0.8125], "texture": "#0"},
				"up": {"uv": [0, 0.75, 0.0625, 0.8125], "texture": "#0"},
				"down": {"uv": [0, 0.75, 0.0625, 0.8125], "texture": "#0"}
			}
		},
		{
			"from": [14, -15.5, 2.5],
			"to": [16, -15, 4.5],
			"faces": {
				"north": {"uv": [0, 0.75, 0.0625, 0.8125], "texture": "#0"},
				"east": {"uv": [0, 0.75, 0.0625, 0.8125], "texture": "#0"},
				"south": {"uv": [0, 0.75, 0.0625, 0.8125], "texture": "#0"},
				"west": {"uv": [0, 0.75, 0.0625, 0.8125], "texture": "#0"},
				"down": {"uv": [0, 0.75, 0.0625, 0.8125], "texture": "#0"}
			}
		},
		{
			"from": [14, -15, 1.5],
			"to": [16, -14.5, 5.5],
			"faces": {
				"north": {"uv": [0.0625, 0.8125, 0.125, 0.875], "texture": "#0"},
				"east": {"uv": [0.0625, 0.8125, 0.125, 0.875], "texture": "#0"},
				"south": {"uv": [0.0625, 0.8125, 0.125, 0.875], "texture": "#0"},
				"west": {"uv": [0.0625, 0.8125, 0.125, 0.875], "texture": "#0"},
				"down": {"uv": [0.0625, 0.8125, 0.125, 0.875], "texture": "#0"}
			}
		},
		{
			"from": [14, -14.5, 0.5],
			"to": [16, -14, 6.5],
			"faces": {
				"north": {"uv": [0, 0.75, 0.0625, 0.8125], "texture": "#0"},
				"east": {"uv": [0, 0.75, 0.0625, 0.8125], "texture": "#0"},
				"south": {"uv": [0, 0.75, 0.0625, 0.8125], "texture": "#0"},
				"west": {"uv": [0, 0.75, 0.0625, 0.8125], "texture": "#0"},
				"down": {"uv": [0, 0.75, 0.0625, 0.8125], "texture": "#0"}
			}
		},
		{
			"from": [14, -14, -0.5],
			"to": [16, -13.5, 7.5],
			"faces": {
				"north": {"uv": [0.0625, 0.8125, 0.125, 0.875], "texture": "#0"},
				"east": {"uv": [0.0625, 0.8125, 0.125, 0.875], "texture": "#0"},
				"south": {"uv": [0.0625, 0.8125, 0.125, 0.875], "texture": "#0"},
				"west": {"uv": [0.0625, 0.8125, 0.125, 0.875], "texture": "#0"},
				"down": {"uv": [0.0625, 0.8125, 0.125, 0.875], "texture": "#0"}
			}
		},
		{
			"from": [14, -13.5, -1.5],
			"to": [16, -13, 8.5],
			"faces": {
				"north": {"uv": [0, 0.75, 0.0625, 0.8125], "texture": "#0"},
				"east": {"uv": [0, 0.75, 0.0625, 0.8125], "texture": "#0"},
				"south": {"uv": [0, 0.75, 0.0625, 0.8125], "texture": "#0"},
				"west": {"uv": [0, 0.75, 0.0625, 0.8125], "texture": "#0"},
				"down": {"uv": [0, 0.75, 0.0625, 0.8125], "texture": "#0"}
			}
		},
		{
			"from": [14, -13, -2.5],
			"to": [16, -12.5, 9.5],
			"faces": {
				"north": {"uv": [0.0625, 0.8125, 0.125, 0.875], "texture": "#0"},
				"east": {"uv": [0.0625, 0.8125, 0.125, 0.875], "texture": "#0"},
				"south": {"uv": [0.0625, 0.8125, 0.125, 0.875], "texture": "#0"},
				"west": {"uv": [0.0625, 0.8125, 0.125, 0.875], "texture": "#0"},
				"up": {"uv": [0.0625, 0.8125, 0.125, 0.875], "texture": "#0"},
				"down": {"uv": [0.0625, 0.8125, 0.125, 0.875], "texture": "#0"}
			}
		},
		{
			"from": [14, -12.5, 8.5],
			"to": [16, -12, 10.5],
			"faces": {
				"north": {"uv": [0, 0.75, 0.0625, 0.8125], "texture": "#0"},
				"east": {"uv": [0, 0.75, 0.0625, 0.8125], "texture": "#0"},
				"south": {"uv": [0, 0.75, 0.0625, 0.8125], "texture": "#0"},
				"west": {"uv": [0, 0.75, 0.0625, 0.8125], "texture": "#0"},
				"up": {"uv": [0, 0.75, 0.0625, 0.8125], "texture": "#0"},
				"down": {"uv": [0, 0.75, 0.0625, 0.8125], "texture": "#0"}
			}
		},
		{
			"from": [14, -12, 9.5],
			"to": [16, -11.5, 11.5],
			"faces": {
				"north": {"uv": [0.0625, 0.8125, 0.125, 0.875], "texture": "#0"},
				"east": {"uv": [0.0625, 0.8125, 0.125, 0.875], "texture": "#0"},
				"south": {"uv": [0.0625, 0.8125, 0.125, 0.875], "texture": "#0"},
				"west": {"uv": [0.0625, 0.8125, 0.125, 0.875], "texture": "#0"},
				"up": {"uv": [0.0625, 0.8125, 0.125, 0.875], "texture": "#0"},
				"down": {"uv": [0.0625, 0.8125, 0.125, 0.875], "texture": "#0"}
			}
		},
		{
			"from": [14, -11.5, 10.5],
			"to": [16, -11, 12.5],
			"faces": {
				"north": {"uv": [0, 0.75, 0.0625, 0.8125], "texture": "#0"},
				"east": {"uv": [0, 0.75, 0.0625, 0.8125], "texture": "#0"},
				"west": {"uv": [0, 0.75, 0.0625, 0.8125], "texture": "#0"},
				"up": {"uv": [0, 0.75, 0.0625, 0.8125], "texture": "#0"},
				"down": {"uv": [0, 0.75, 0.0625, 0.8125], "texture": "#0"}
			}
		},
		{
			"from": [14, -12, -4.5],
			"to": [16, -11.5, -2.5],
			"faces": {
				"north": {"uv": [0.0625, 0.8125, 0.125, 0.875], "texture": "#0"},
				"east": {"uv": [0.0625, 0.8125, 0.125, 0.875], "texture": "#0"},
				"south": {"uv": [0.0625, 0.8125, 0.125, 0.875], "texture": "#0"},
				"west": {"uv": [0.0625, 0.8125, 0.125, 0.875], "texture": "#0"},
				"up": {"uv": [0.0625, 0.8125, 0.125, 0.875], "texture": "#0"},
				"down": {"uv": [0.0625, 0.8125, 0.125, 0.875], "texture": "#0"}
			}
		},
		{
			"from": [14, -11.5, -5.5],
			"to": [16, -11, -3.5],
			"faces": {
				"east": {"uv": [0, 0.75, 0.0625, 0.8125], "texture": "#0"},
				"south": {"uv": [0, 0.75, 0.0625, 0.8125], "texture": "#0"},
				"west": {"uv": [0, 0.75, 0.0625, 0.8125], "texture": "#0"},
				"up": {"uv": [0, 0.75, 0.0625, 0.8125], "texture": "#0"},
				"down": {"uv": [0, 0.75, 0.0625, 0.8125], "texture": "#0"}
			}
		},
		{
			"from": [14, -12.5, -3.5],
			"to": [16, -12, -1.5],
			"faces": {
				"north": {"uv": [0, 0.75, 0.0625, 0.8125], "texture": "#0"},
				"east": {"uv": [0, 0.75, 0.0625, 0.8125], "texture": "#0"},
				"south": {"uv": [0, 0.75, 0.0625, 0.8125], "texture": "#0"},
				"west": {"uv": [0, 0.75, 0.0625, 0.8125], "texture": "#0"},
				"up": {"uv": [0, 0.75, 0.0625, 0.8125], "texture": "#0"},
				"down": {"uv": [0, 0.75, 0.0625, 0.8125], "texture": "#0"}
			}
		},
		{
			"from": [0, -15.5, 31],
			"to": [2, -15, 32],
			"faces": {
				"north": {"uv": [0, 0.75, 0.0625, 0.8125], "texture": "#0"},
				"east": {"uv": [0, 0.75, 0.0625, 0.8125], "texture": "#0"},
				"south": {"uv": [0, 0.75, 0.0625, 0.8125], "texture": "#0"},
				"west": {"uv": [0, 0.75, 0.0625, 0.8125], "texture": "#0"},
				"down": {"uv": [0, 0.75, 0.0625, 0.8125], "texture": "#0"}
			}
		},
		{
			"from": [0, -15, 30],
			"to": [2, -14.5, 32],
			"faces": {
				"north": {"uv": [0.0625, 0.8125, 0.125, 0.875], "texture": "#0"},
				"east": {"uv": [0.0625, 0.8125, 0.125, 0.875], "texture": "#0"},
				"south": {"uv": [0.0625, 0.8125, 0.125, 0.875], "texture": "#0"},
				"west": {"uv": [0.0625, 0.8125, 0.125, 0.875], "texture": "#0"},
				"down": {"uv": [0.0625, 0.8125, 0.125, 0.875], "texture": "#0"}
			}
		},
		{
			"from": [0, -14.5, 29],
			"to": [2, -14, 32],
			"faces": {
				"north": {"uv": [0, 0.75, 0.0625, 0.8125], "texture": "#0"},
				"east": {"uv": [0, 0.75, 0.0625, 0.8125], "texture": "#0"},
				"south": {"uv": [0, 0.75, 0.0625, 0.8125], "texture": "#0"},
				"west": {"uv": [0, 0.75, 0.0625, 0.8125], "texture": "#0"},
				"down": {"uv": [0, 0.75, 0.0625, 0.8125], "texture": "#0"}
			}
		},
		{
			"from": [0, -14, 28],
			"to": [2, -13.5, 32],
			"faces": {
				"north": {"uv": [0.0625, 0.8125, 0.125, 0.875], "texture": "#0"},
				"east": {"uv": [0.0625, 0.8125, 0.125, 0.875], "texture": "#0"},
				"south": {"uv": [0.0625, 0.8125, 0.125, 0.875], "texture": "#0"},
				"west": {"uv": [0.0625, 0.8125, 0.125, 0.875], "texture": "#0"},
				"down": {"uv": [0.0625, 0.8125, 0.125, 0.875], "texture": "#0"}
			}
		},
		{
			"from": [0, -13.5, 27],
			"to": [2, -13, 32],
			"faces": {
				"north": {"uv": [0, 0.75, 0.0625, 0.8125], "texture": "#0"},
				"east": {"uv": [0, 0.75, 0.0625, 0.8125], "texture": "#0"},
				"south": {"uv": [0, 0.75, 0.0625, 0.8125], "texture": "#0"},
				"west": {"uv": [0, 0.75, 0.0625, 0.8125], "texture": "#0"},
				"down": {"uv": [0, 0.75, 0.0625, 0.8125], "texture": "#0"}
			}
		},
		{
			"from": [0, -13, 26],
			"to": [2, -12.5, 32],
			"faces": {
				"north": {"uv": [0.0625, 0.8125, 0.125, 0.875], "texture": "#0"},
				"east": {"uv": [0.0625, 0.8125, 0.125, 0.875], "texture": "#0"},
				"south": {"uv": [0.0625, 0.8125, 0.125, 0.875], "texture": "#0"},
				"west": {"uv": [0.0625, 0.8125, 0.125, 0.875], "texture": "#0"},
				"up": {"uv": [0.0625, 0.8125, 0.125, 0.875], "texture": "#0"},
				"down": {"uv": [0.0625, 0.8125, 0.125, 0.875], "texture": "#0"}
			}
		},
		{
			"from": [0, -12, 24],
			"to": [2, -11.5, 26],
			"faces": {
				"north": {"uv": [0.0625, 0.8125, 0.125, 0.875], "texture": "#0"},
				"east": {"uv": [0.0625, 0.8125, 0.125, 0.875], "texture": "#0"},
				"south": {"uv": [0.0625, 0.8125, 0.125, 0.875], "texture": "#0"},
				"west": {"uv": [0.0625, 0.8125, 0.125, 0.875], "texture": "#0"},
				"up": {"uv": [0.0625, 0.8125, 0.125, 0.875], "texture": "#0"},
				"down": {"uv": [0.0625, 0.8125, 0.125, 0.875], "texture": "#0"}
			}
		},
		{
			"from": [0, -11.5, 23],
			"to": [2, -11, 25],
			"faces": {
				"east": {"uv": [0, 0.75, 0.0625, 0.8125], "texture": "#0"},
				"south": {"uv": [0, 0.75, 0.0625, 0.8125], "texture": "#0"},
				"west": {"uv": [0, 0.75, 0.0625, 0.8125], "texture": "#0"},
				"up": {"uv": [0, 0.75, 0.0625, 0.8125], "texture": "#0"},
				"down": {"uv": [0, 0.75, 0.0625, 0.8125], "texture": "#0"}
			}
		},
		{
			"from": [0, -12.5, 25],
			"to": [2, -12, 27],
			"faces": {
				"north": {"uv": [0, 0.75, 0.0625, 0.8125], "texture": "#0"},
				"east": {"uv": [0, 0.75, 0.0625, 0.8125], "texture": "#0"},
				"south": {"uv": [0, 0.75, 0.0625, 0.8125], "texture": "#0"},
				"west": {"uv": [0, 0.75, 0.0625, 0.8125], "texture": "#0"},
				"up": {"uv": [0, 0.75, 0.0625, 0.8125], "texture": "#0"},
				"down": {"uv": [0, 0.75, 0.0625, 0.8125], "texture": "#0"}
			}
		},
		{
			"from": [14, -15.5, 31],
			"to": [16, -15, 32],
			"faces": {
				"north": {"uv": [0, 0.75, 0.0625, 0.8125], "texture": "#0"},
				"east": {"uv": [0, 0.75, 0.0625, 0.8125], "texture": "#0"},
				"south": {"uv": [0, 0.75, 0.0625, 0.8125], "texture": "#0"},
				"west": {"uv": [0, 0.75, 0.0625, 0.8125], "texture": "#0"},
				"down": {"uv": [0, 0.75, 0.0625, 0.8125], "texture": "#0"}
			}
		},
		{
			"from": [14, -15, 30],
			"to": [16, -14.5, 32],
			"faces": {
				"north": {"uv": [0.0625, 0.8125, 0.125, 0.875], "texture": "#0"},
				"east": {"uv": [0.0625, 0.8125, 0.125, 0.875], "texture": "#0"},
				"south": {"uv": [0.0625, 0.8125, 0.125, 0.875], "texture": "#0"},
				"west": {"uv": [0.0625, 0.8125, 0.125, 0.875], "texture": "#0"},
				"down": {"uv": [0.0625, 0.8125, 0.125, 0.875], "texture": "#0"}
			}
		},
		{
			"from": [14, -14.5, 29],
			"to": [16, -14, 32],
			"faces": {
				"north": {"uv": [0, 0.75, 0.0625, 0.8125], "texture": "#0"},
				"east": {"uv": [0, 0.75, 0.0625, 0.8125], "texture": "#0"},
				"south": {"uv": [0, 0.75, 0.0625, 0.8125], "texture": "#0"},
				"west": {"uv": [0, 0.75, 0.0625, 0.8125], "texture": "#0"},
				"down": {"uv": [0, 0.75, 0.0625, 0.8125], "texture": "#0"}
			}
		},
		{
			"from": [14, -14, 28],
			"to": [16, -13.5, 32],
			"faces": {
				"north": {"uv": [0.0625, 0.8125, 0.125, 0.875], "texture": "#0"},
				"east": {"uv": [0.0625, 0.8125, 0.125, 0.875], "texture": "#0"},
				"south": {"uv": [0.0625, 0.8125, 0.125, 0.875], "texture": "#0"},
				"west": {"uv": [0.0625, 0.8125, 0.125, 0.875], "texture": "#0"},
				"down": {"uv": [0.0625, 0.8125, 0.125, 0.875], "texture": "#0"}
			}
		},
		{
			"from": [14, -13.5, 27],
			"to": [16, -13, 32],
			"faces": {
				"north": {"uv": [0, 0.75, 0.0625, 0.8125], "texture": "#0"},
				"east": {"uv": [0, 0.75, 0.0625, 0.8125], "texture": "#0"},
				"south": {"uv": [0, 0.75, 0.0625, 0.8125], "texture": "#0"},
				"west": {"uv": [0, 0.75, 0.0625, 0.8125], "texture": "#0"},
				"down": {"uv": [0, 0.75, 0.0625, 0.8125], "texture": "#0"}
			}
		},
		{
			"from": [14, -13, 26],
			"to": [16, -12.5, 32],
			"faces": {
				"north": {"uv": [0.0625, 0.8125, 0.125, 0.875], "texture": "#0"},
				"east": {"uv": [0.0625, 0.8125, 0.125, 0.875], "texture": "#0"},
				"south": {"uv": [0.0625, 0.8125, 0.125, 0.875], "texture": "#0"},
				"west": {"uv": [0.0625, 0.8125, 0.125, 0.875], "texture": "#0"},
				"up": {"uv": [0.0625, 0.8125, 0.125, 0.875], "texture": "#0"},
				"down": {"uv": [0.0625, 0.8125, 0.125, 0.875], "texture": "#0"}
			}
		},
		{
			"from": [14, -12, 24],
			"to": [16, -11.5, 26],
			"faces": {
				"north": {"uv": [0.0625, 0.8125, 0.125, 0.875], "texture": "#0"},
				"east": {"uv": [0.0625, 0.8125, 0.125, 0.875], "texture": "#0"},
				"south": {"uv": [0.0625, 0.8125, 0.125, 0.875], "texture": "#0"},
				"west": {"uv": [0.0625, 0.8125, 0.125, 0.875], "texture": "#0"},
				"up": {"uv": [0.0625, 0.8125, 0.125, 0.875], "texture": "#0"},
				"down": {"uv": [0.0625, 0.8125, 0.125, 0.875], "texture": "#0"}
			}
		},
		{
			"from": [14, -11.5, 23],
			"to": [16, -11, 25],
			"faces": {
				"east": {"uv": [0, 0.75, 0.0625, 0.8125], "texture": "#0"},
				"south": {"uv": [0, 0.75, 0.0625, 0.8125], "texture": "#0"},
				"west": {"uv": [0, 0.75, 0.0625, 0.8125], "texture": "#0"},
				"up": {"uv": [0, 0.75, 0.0625, 0.8125], "texture": "#0"},
				"down": {"uv": [0, 0.75, 0.0625, 0.8125], "texture": "#0"}
			}
		},
		{
			"from": [14, -12.5, 25],
			"to": [16, -12, 27],
			"faces": {
				"north": {"uv": [0, 0.75, 0.0625, 0.8125], "texture": "#0"},
				"east": {"uv": [0, 0.75, 0.0625, 0.8125], "texture": "#0"},
				"south": {"uv": [0, 0.75, 0.0625, 0.8125], "texture": "#0"},
				"west": {"uv": [0, 0.75, 0.0625, 0.8125], "texture": "#0"},
				"up": {"uv": [0, 0.75, 0.0625, 0.8125], "texture": "#0"},
				"down": {"uv": [0, 0.75, 0.0625, 0.8125], "texture": "#0"}
			}
		},
		{
			"from": [-6, 21, -16],
			"to": [-5, 22, 20],
			"rotation": {"angle": 0, "axis": "y", "origin": [0, 8, 5]},
			"faces": {
				"north": {"uv": [0.125, 2.375, 0.1875, 2.4375], "rotation": 180, "texture": "#0"},
				"east": {"uv": [0.1875, 2.375, 0.25, 3.375], "rotation": 90, "texture": "#0"},
				"south": {"uv": [0.125, 3.3125, 0.1875, 3.375], "texture": "#0"},
				"west": {"uv": [0.0625, 2.375, 0.125, 3.375], "rotation": 270, "texture": "#0"},
				"up": {"uv": [0.125, 2.375, 0.1875, 3.375], "texture": "#0"},
				"down": {"uv": [0, 2.375, 0.0625, 3.375], "rotation": 180, "texture": "#0"}
			}
		},
		{
			"from": [-7, 21, 20],
			"to": [-6, 22, 32],
			"rotation": {"angle": 0, "axis": "y", "origin": [0, 8, 5]},
			"faces": {
				"north": {"uv": [0.125, 2.375, 0.1875, 2.4375], "rotation": 180, "texture": "#0"},
				"east": {"uv": [0.1875, 2.375, 0.25, 3.375], "rotation": 90, "texture": "#0"},
				"south": {"uv": [0.125, 3.3125, 0.1875, 3.375], "texture": "#0"},
				"west": {"uv": [0.0625, 2.375, 0.125, 3.375], "rotation": 270, "texture": "#0"},
				"up": {"uv": [0.125, 2.375, 0.1875, 3.375], "texture": "#0"},
				"down": {"uv": [0, 2.375, 0.0625, 3.375], "rotation": 180, "texture": "#0"}
			}
		},
		{
			"from": [-6.2, 20.8, 15],
			"to": [-4, 22.2, 16],
			"rotation": {"angle": 0, "axis": "y", "origin": [0, 21, -16]},
			"faces": {
				"north": {"uv": [0.125, 3.375, 0.25, 3.4375], "rotation": 180, "texture": "#0"},
				"south": {"uv": [0, 3.4375, 0.125, 3.5], "texture": "#0"},
				"west": {"uv": [0.25, 3.375, 0.3125, 3.4375], "rotation": 270, "texture": "#0"},
				"up": {"uv": [0.125, 3.4375, 0.25, 3.5], "texture": "#0"},
				"down": {"uv": [0, 3.375, 0.125, 3.4375], "rotation": 180, "texture": "#0"}
			}
		},
		{
			"from": [-6.2, 20.8, -3],
			"to": [-4, 22.2, -2],
			"rotation": {"angle": 0, "axis": "y", "origin": [0, 21, -16]},
			"faces": {
				"north": {"uv": [0.125, 3.375, 0.25, 3.4375], "rotation": 180, "texture": "#0"},
				"south": {"uv": [0, 3.4375, 0.125, 3.5], "texture": "#0"},
				"west": {"uv": [0.25, 3.375, 0.3125, 3.4375], "rotation": 270, "texture": "#0"},
				"up": {"uv": [0.125, 3.4375, 0.25, 3.5], "texture": "#0"},
				"down": {"uv": [0, 3.375, 0.125, 3.4375], "rotation": 180, "texture": "#0"}
			}
		},
		{
			"from": [21, 21, -16],
			"to": [22, 22, 20],
			"rotation": {"angle": 0, "axis": "y", "origin": [16, 8, 5]},
			"faces": {
				"north": {"uv": [0.1875, 2.375, 0.125, 2.4375], "rotation": 180, "texture": "#0"},
				"east": {"uv": [0.0625, 3.375, 0.125, 2.375], "rotation": 270, "texture": "#0"},
				"south": {"uv": [0.1875, 3.3125, 0.125, 3.375], "texture": "#0"},
				"west": {"uv": [0.1875, 3.375, 0.25, 2.375], "rotation": 90, "texture": "#0"},
				"up": {"uv": [0.1875, 2.375, 0.125, 3.375], "texture": "#0"},
				"down": {"uv": [0.0625, 2.375, 0, 3.375], "rotation": 180, "texture": "#0"}
			}
		},
		{
			"from": [22, 21, 20],
			"to": [23, 22, 32],
			"rotation": {"angle": 0, "axis": "y", "origin": [16, 8, 5]},
			"faces": {
				"north": {"uv": [0.1875, 2.375, 0.125, 2.4375], "rotation": 180, "texture": "#0"},
				"east": {"uv": [0.0625, 3.375, 0.125, 2.375], "rotation": 270, "texture": "#0"},
				"south": {"uv": [0.1875, 3.3125, 0.125, 3.375], "texture": "#0"},
				"west": {"uv": [0.1875, 3.375, 0.25, 2.375], "rotation": 90, "texture": "#0"},
				"up": {"uv": [0.1875, 2.375, 0.125, 3.375], "texture": "#0"},
				"down": {"uv": [0.0625, 2.375, 0, 3.375], "rotation": 180, "texture": "#0"}
			}
		},
		{
			"from": [20, 20.8, 15],
			"to": [22.2, 22.2, 16],
			"rotation": {"angle": 0, "axis": "y", "origin": [16, 21, -16]},
			"faces": {
				"north": {"uv": [0.25, 3.375, 0.125, 3.4375], "rotation": 180, "texture": "#0"},
				"east": {"uv": [0.25, 3.4375, 0.3125, 3.375], "rotation": 270, "texture": "#0"},
				"south": {"uv": [0.125, 3.4375, 0, 3.5], "texture": "#0"},
				"up": {"uv": [0.25, 3.4375, 0.125, 3.5], "texture": "#0"},
				"down": {"uv": [0.125, 3.375, 0, 3.4375], "rotation": 180, "texture": "#0"}
			}
		},
		{
			"from": [20, 20.8, -3],
			"to": [22.2, 22.2, -2],
			"rotation": {"angle": 0, "axis": "y", "origin": [16, 21, -16]},
			"faces": {
				"north": {"uv": [0.25, 3.375, 0.125, 3.4375], "rotation": 180, "texture": "#0"},
				"east": {"uv": [0.25, 3.4375, 0.3125, 3.375], "rotation": 270, "texture": "#0"},
				"south": {"uv": [0.125, 3.4375, 0, 3.5], "texture": "#0"},
				"up": {"uv": [0.25, 3.4375, 0.125, 3.5], "texture": "#0"},
				"down": {"uv": [0.125, 3.375, 0, 3.4375], "rotation": 180, "texture": "#0"}
			}
		},
		{
			"from": [-6.5, 17, -16],
			"to": [-5.5, 18, 32],
			"rotation": {"angle": 0, "axis": "y", "origin": [0, 8, 5]},
			"faces": {
				"north": {"uv": [0.375, 2.875, 0.4375, 2.9375], "rotation": 180, "texture": "#0"},
				"east": {"uv": [0.5, 2.875, 0.5625, 3.4375], "rotation": 90, "texture": "#0"},
				"south": {"uv": [0.375, 3.375, 0.4375, 3.4375], "texture": "#0"},
				"west": {"uv": [0.375, 2.875, 0.4375, 3.4375], "rotation": 270, "texture": "#0"},
				"up": {"uv": [0.4375, 2.875, 0.5, 3.4375], "texture": "#0"},
				"down": {"uv": [0.3125, 2.875, 0.375, 3.4375], "rotation": 180, "texture": "#0"}
			}
		},
		{
			"from": [-8.6, 1, 10],
			"to": [-8.4, 2, 16],
			"rotation": {"angle": -22.5, "axis": "x", "origin": [0, 1.5, 16.5]},
			"color": 0,
			"faces": {
				"north": {"uv": [0, 0, 0.0125, 0.0625], "texture": "#0"},
				"east": {"uv": [0, 0, 0.375, 0.0625], "texture": "#0"},
				"south": {"uv": [0, 0, 0.0125, 0.0625], "texture": "#0"},
				"west": {"uv": [0, 0, 0.375, 0.0625], "texture": "#0"},
				"up": {"uv": [0, 0, 0.0125, 0.375], "texture": "#0"},
				"down": {"uv": [0, 0, 0.0125, 0.375], "texture": "#0"}
			}
		},
		{
			"from": [-8.6, 1, 16],
			"to": [-8.4, 5, 17],
			"rotation": {"angle": -22.5, "axis": "x", "origin": [0, 1.5, 16.5]},
			"color": 0,
			"faces": {
				"north": {"uv": [0, 0, 0.0125, 0.25], "texture": "#0"},
				"east": {"uv": [0, 0, 0.0625, 0.25], "texture": "#0"},
				"south": {"uv": [0, 0, 0.0125, 0.25], "texture": "#0"},
				"west": {"uv": [0, 0, 0.0625, 0.25], "texture": "#0"},
				"up": {"uv": [0, 0, 0.0125, 0.0625], "texture": "#0"},
				"down": {"uv": [0, 0, 0.0125, 0.0625], "texture": "#0"}
			}
		},
		{
			"from": [-7.6, 1, 10],
			"to": [-7.4, 2, 16],
			"rotation": {"angle": -22.5, "axis": "x", "origin": [0, 1.5, 16.5]},
			"color": 0,
			"faces": {
				"north": {"uv": [0, 0, 0.0125, 0.0625], "texture": "#0"},
				"east": {"uv": [0, 0, 0.375, 0.0625], "texture": "#0"},
				"south": {"uv": [0, 0, 0.0125, 0.0625], "texture": "#0"},
				"west": {"uv": [0, 0, 0.375, 0.0625], "texture": "#0"},
				"up": {"uv": [0, 0, 0.0125, 0.375], "texture": "#0"},
				"down": {"uv": [0, 0, 0.0125, 0.375], "texture": "#0"}
			}
		},
		{
			"from": [-7.6, 1, 16],
			"to": [-7.4, 5, 17],
			"rotation": {"angle": -22.5, "axis": "x", "origin": [0, 1.5, 16.5]},
			"color": 0,
			"faces": {
				"north": {"uv": [0, 0, 0.0125, 0.25], "texture": "#0"},
				"east": {"uv": [0, 0, 0.0625, 0.25], "texture": "#0"},
				"south": {"uv": [0, 0, 0.0125, 0.25], "texture": "#0"},
				"west": {"uv": [0, 0, 0.0625, 0.25], "texture": "#0"},
				"up": {"uv": [0, 0, 0.0125, 0.0625], "texture": "#0"},
				"down": {"uv": [0, 0, 0.0125, 0.0625], "texture": "#0"}
			}
		},
		{
			"from": [-9.4, 1.2, 10.2],
			"to": [-7.6, 1.8, 10.8],
			"rotation": {"angle": -22.5, "axis": "x", "origin": [0, 1.5, 16.5]},
			"faces": {
				"north": {"uv": [0, 0, 0.1125, 0.0375], "texture": "#0"},
				"east": {"uv": [0, 0, 0.0375, 0.0375], "texture": "#0"},
				"south": {"uv": [0, 0, 0.1125, 0.0375], "texture": "#0"},
				"west": {"uv": [1.75, 0.5, 1.7875, 0.5375], "texture": "#0"},
				"up": {"uv": [0, 0, 0.1125, 0.0375], "texture": "#0"},
				"down": {"uv": [0, 0, 0.1125, 0.0375], "texture": "#0"}
			}
		},
		{
			"from": [-9, 1.2, 16.2],
			"to": [-7.6, 1.8, 16.8],
			"rotation": {"angle": -22.5, "axis": "x", "origin": [0, 1.5, 16.5]},
			"color": 0,
			"faces": {
				"north": {"uv": [0, 0, 0.0875, 0.0375], "texture": "#0"},
				"east": {"uv": [0, 0, 0.0375, 0.0375], "texture": "#0"},
				"south": {"uv": [0, 0, 0.0875, 0.0375], "texture": "#0"},
				"west": {"uv": [0, 0, 0.0375, 0.0375], "texture": "#0"},
				"up": {"uv": [0, 0, 0.0875, 0.0375], "texture": "#0"},
				"down": {"uv": [0, 0, 0.0875, 0.0375], "texture": "#0"}
			}
		},
		{
			"from": [24.4, 1, 10],
			"to": [24.6, 2, 16],
			"rotation": {"angle": -22.5, "axis": "x", "origin": [16, 1.5, 16.5]},
			"color": 0,
			"faces": {
				"north": {"uv": [0.0125, 0, 0.025, 0.0625], "texture": "#0"},
				"east": {"uv": [0.5, 0, 0.875, 0.0625], "texture": "#0"},
				"south": {"uv": [0.0125, 0, 0.025, 0.0625], "texture": "#0"},
				"west": {"uv": [0.5, 0, 0.875, 0.0625], "texture": "#0"},
				"up": {"uv": [0.0125, 0, 0.025, 0.375], "texture": "#0"},
				"down": {"uv": [0.0125, 0, 0.025, 0.375], "texture": "#0"}
			}
		},
		{
			"from": [24.4, 1, 16],
			"to": [24.6, 5, 17],
			"rotation": {"angle": -22.5, "axis": "x", "origin": [16, 1.5, 16.5]},
			"color": 0,
			"faces": {
				"north": {"uv": [0.0125, 0, 0, 0.25], "texture": "#0"},
				"east": {"uv": [0.0625, 0, 0, 0.25], "texture": "#0"},
				"south": {"uv": [0.0125, 0, 0, 0.25], "texture": "#0"},
				"west": {"uv": [0.0625, 0, 0, 0.25], "texture": "#0"},
				"up": {"uv": [0.0125, 0, 0, 0.0625], "texture": "#0"},
				"down": {"uv": [0.0125, 0, 0, 0.0625], "texture": "#0"}
			}
		},
		{
			"from": [23.4, 1, 10],
			"to": [23.6, 2, 16],
			"rotation": {"angle": -22.5, "axis": "x", "origin": [16, 1.5, 16.5]},
			"color": 0,
			"faces": {
				"north": {"uv": [0.0125, 0, 0.025, 0.0625], "texture": "#0"},
				"east": {"uv": [0.5, 0, 0.875, 0.0625], "texture": "#0"},
				"south": {"uv": [0.0125, 0, 0.025, 0.0625], "texture": "#0"},
				"west": {"uv": [0.5, 0, 0.875, 0.0625], "texture": "#0"},
				"up": {"uv": [0.0125, 0, 0.025, 0.375], "texture": "#0"},
				"down": {"uv": [0.0125, 0, 0.025, 0.375], "texture": "#0"}
			}
		},
		{
			"from": [23.4, 1, 16],
			"to": [23.6, 5, 17],
			"rotation": {"angle": -22.5, "axis": "x", "origin": [16, 1.5, 16.5]},
			"color": 0,
			"faces": {
				"north": {"uv": [0.0125, 0, 0, 0.25], "texture": "#0"},
				"east": {"uv": [0.0625, 0, 0, 0.25], "texture": "#0"},
				"south": {"uv": [0.0125, 0, 0, 0.25], "texture": "#0"},
				"west": {"uv": [0.0625, 0, 0, 0.25], "texture": "#0"},
				"up": {"uv": [0.0125, 0, 0, 0.0625], "texture": "#0"},
				"down": {"uv": [0.0125, 0, 0, 0.0625], "texture": "#0"}
			}
		},
		{
			"from": [23.6, 1.2, 10.2],
			"to": [24.4, 1.8, 10.8],
			"rotation": {"angle": -22.5, "axis": "x", "origin": [16, 1.5, 16.5]},
			"color": 0,
			"faces": {
				"north": {"uv": [0.05, 0, 0.1, 0.0375], "texture": "#0"},
				"east": {"uv": [0.0375, 0, 0.075, 0.0375], "texture": "#0"},
				"south": {"uv": [0.05, 0, 0.1, 0.0375], "texture": "#0"},
				"west": {"uv": [0.0375, 0, 0.075, 0.0375], "texture": "#0"},
				"up": {"uv": [0.05, 0, 0.1, 0.0375], "texture": "#0"},
				"down": {"uv": [0.05, 0, 0.1, 0.0375], "texture": "#0"}
			}
		},
		{
			"from": [23.6, 1.2, 16.2],
			"to": [25, 1.8, 16.8],
			"rotation": {"angle": -22.5, "axis": "x", "origin": [16, 1.5, 16.5]},
			"color": 0,
			"faces": {
				"north": {"uv": [0.0875, 0, 0, 0.0375], "texture": "#0"},
				"east": {"uv": [0.0375, 0, 0, 0.0375], "texture": "#0"},
				"south": {"uv": [0.0875, 0, 0, 0.0375], "texture": "#0"},
				"west": {"uv": [0.0375, 0, 0, 0.0375], "texture": "#0"},
				"up": {"uv": [0.0875, 0, 0, 0.0375], "texture": "#0"},
				"down": {"uv": [0.0875, 0, 0, 0.0375], "texture": "#0"}
			}
		}
	],
	"display": {
		"gui": {
			"rotation": [25, 135, 0],
			"scale": [0.25, 0.25, 0.25]
		},
		"head": {
			"scale": [2, 2, 2]
		}
	},
	"groups": [
		{
			"name": "sides",
			"origin": [8, 8, 8],
			"color": 0,
			"children": [
				0,
				1,
				{
					"name": "left",
					"origin": [8, 8, 8],
					"color": 0,
					"children": [2, 3, 4, 5]
				},
				{
					"name": "right",
					"origin": [8, 8, 8],
					"color": 0,
					"children": [6, 7, 8, 9]
				}
			]
		},
		{
			"name": "body",
			"origin": [8, 8, 8],
			"color": 0,
			"children": [
				{
					"name": "group",
					"origin": [0, 0, 0],
					"color": 0,
					"children": [10, 11, 12, 13, 14, 15, 16]
				},
				{
					"name": "group",
					"origin": [0, 0, 0],
					"color": 0,
					"children": [17, 18, 19, 20, 21, 22, 23, 24]
				},
				{
					"name": "group",
					"origin": [0, 0, 0],
					"color": 0,
					"children": [25, 26, 27, 28, 29, 30, 31, 32]
				},
				{
					"name": "group",
					"origin": [0, 0, 0],
					"color": 0,
					"children": [33, 34, 35, 36, 37, 38, 39, 40]
				}
			]
		},
		{
			"name": "undercarriage",
			"origin": [8, 8, 8],
			"color": 0,
			"children": [
				{
					"name": "chassis",
					"origin": [0, 0, 0],
					"color": 0,
					"children": [41, 42, 43, 44, 45, 46, 47, 48]
				},
				{
					"name": "wheel 1 leaf springs",
					"origin": [8, 8, 8],
					"color": 0,
					"children": [
						{
							"name": "left",
							"origin": [8, 8, 8],
							"color": 0,
							"children": [49, 50, 51, 52, 53, 54, 55, 56, 57, 58, 59, 60]
						},
						{
							"name": "right",
							"origin": [8, 8, 8],
							"color": 0,
							"children": [61, 62, 63, 64, 65, 66, 67, 68, 69, 70, 71, 72]
						}
					]
				},
				{
					"name": "wheel 2 leaf springs",
					"origin": [8, 8, 8],
					"color": 0,
					"children": [
						{
							"name": "left",
							"origin": [8, 8, 8],
							"color": 0,
							"children": [73, 74, 75, 76, 77, 78, 79, 80, 81]
						},
						{
							"name": "right",
							"origin": [8, 8, 8],
							"color": 0,
							"children": [82, 83, 84, 85, 86, 87, 88, 89, 90]
						}
					]
				}
			]
		},
		{
			"name": "side handles",
			"origin": [8, 8, 8],
			"color": 0,
			"children": [
				{
					"name": "left",
					"origin": [0, 0, 0],
					"color": 0,
					"children": [91, 92, 93, 94]
				},
				{
					"name": "right",
					"origin": [0, 0, 0],
					"color": 0,
					"children": [95, 96, 97, 98]
				}
			]
		},
		{
			"name": "side pipe",
			"origin": [8, 8, 8],
			"color": 0,
			"children": [99]
		},
		{
			"name": "mechanics",
			"origin": [0, 5, 7],
			"color": 0,
			"children": [
				{
					"name": "left",
					"origin": [0, 5, 7],
					"color": 0,
					"children": [
						{
							"name": "reverser",
							"origin": [0, 5, 7],
							"color": 0,
							"children": [
								{
									"name": "group",
									"origin": [0, 1.5, 16.5],
									"color": 0,
									"children": [100, 101]
								},
								{
									"name": "group",
									"origin": [0, 1.5, 16.5],
									"color": 0,
									"children": [102, 103]
								},
								104,
								105
							]
						}
					]
				},
				{
					"name": "right",
					"origin": [0, 5, 7],
					"color": 0,
					"children": [
						{
							"name": "reverser",
							"origin": [0, 5, 7],
							"color": 0,
							"children": [
								{
									"name": "group",
									"origin": [0, 1.5, 16.5],
									"color": 0,
									"children": [106, 107]
								},
								{
									"name": "group",
									"origin": [0, 1.5, 16.5],
									"color": 0,
									"children": [108, 109]
								},
								110,
								111
							]
						}
					]
				}
			]
		}
	]
}