{
	"credit": "Made with Blockbench",
	"texture_size": [256, 256],
	"textures": {
		"0": "item/amalon/tc/a4/skin_mallard",
		"particle": "item/amalon/tc/a4/skin_mallard"
	},
	"elements": [
		{
			"from": [-10, -5, -16],
			"to": [26, 4, 4],
			"faces": {
				"north": {"uv": [6.75, 5.1875, 9, 5.75], "texture": "#0"},
				"east": {"uv": [4, 15.0625, 5.25, 15.625], "texture": "#0"},
				"south": {"uv": [4.5, 5.1875, 6.75, 5.75], "texture": "#0"},
				"west": {"uv": [5.6875, 12.375, 6.9375, 12.9375], "texture": "#0"},
				"up": {"uv": [5.6875, 6.125, 6.9375, 8.375], "rotation": 90, "texture": "#0"}
			}
		},
		{
			"from": [-10, -5, 4],
			"to": [26, 3, 20],
			"faces": {
				"east": {"uv": [3, 15.125, 4, 15.625], "texture": "#0"},
				"south": {"uv": [4.5, 5.25, 6.75, 5.75], "texture": "#0"},
				"west": {"uv": [6.9375, 12.4375, 7.9375, 12.9375], "texture": "#0"},
				"up": {"uv": [6.9375, 6.125, 7.9375, 8.375], "rotation": 90, "texture": "#0"}
			}
		},
		{
			"from": [-10, -5, 20],
			"to": [26, 2, 27],
			"faces": {
				"east": {"uv": [2.5625, 15.1875, 3, 15.625], "texture": "#0"},
				"south": {"uv": [4.5, 5.3125, 6.75, 5.75], "texture": "#0"},
				"west": {"uv": [7.9375, 12.5, 8.375, 12.9375], "texture": "#0"},
				"up": {"uv": [7.9375, 6.125, 8.375, 8.375], "rotation": 90, "texture": "#0"}
			}
		},
		{
			"from": [-10, -5, 27],
			"to": [26, 1, 32],
			"faces": {
				"east": {"uv": [2.25, 15.25, 2.5625, 15.625], "texture": "#0"},
				"south": {"uv": [4.5, 5.375, 6.75, 5.75], "texture": "#0"},
				"west": {"uv": [8.375, 12.5625, 8.6875, 12.9375], "texture": "#0"},
				"up": {"uv": [8.375, 6.125, 8.6875, 8.375], "rotation": 90, "texture": "#0"}
			}
		},
		{
			"from": [4, 31, -16],
			"to": [12, 32, 32],
			"faces": {
				"north": {"uv": [7.625, 3.4375, 8.125, 3.5], "texture": "#0"},
				"east": {"uv": [2.25, 13.3125, 5.25, 13.375], "texture": "#0"},
				"south": {"uv": [5.375, 3.4375, 5.875, 3.5], "texture": "#0"},
				"west": {"uv": [5.6875, 10.625, 8.6875, 10.6875], "texture": "#0"},
				"up": {"uv": [5.6875, 7, 8.6875, 7.5], "rotation": 90, "texture": "#0"}
			}
		},
		{
			"from": [2, 30, -16],
			"to": [14, 31, 32],
			"faces": {
				"north": {"uv": [7.5, 3.5, 8.25, 3.5625], "texture": "#0"},
				"east": {"uv": [2.25, 13.375, 5.25, 13.4375], "texture": "#0"},
				"south": {"uv": [5.25, 3.5, 6, 3.5625], "texture": "#0"},
				"west": {"uv": [5.6875, 10.6875, 8.6875, 10.75], "texture": "#0"},
				"up": {"uv": [5.6875, 6.875, 8.6875, 7.625], "rotation": 90, "texture": "#0"}
			}
		},
		{
			"from": [0, 29, -16],
			"to": [16, 30, 32],
			"faces": {
				"north": {"uv": [7.375, 3.5625, 8.375, 3.625], "texture": "#0"},
				"east": {"uv": [2.25, 13.4375, 5.25, 13.5], "texture": "#0"},
				"south": {"uv": [5.125, 3.5625, 6.125, 3.625], "texture": "#0"},
				"west": {"uv": [5.6875, 10.75, 8.6875, 10.8125], "texture": "#0"},
				"up": {"uv": [5.6875, 6.75, 8.6875, 7.75], "rotation": 90, "texture": "#0"}
			}
		},
		{
			"from": [-2, 28, -16],
			"to": [18, 29, 32],
			"faces": {
				"north": {"uv": [7.25, 3.625, 8.5, 3.6875], "texture": "#0"},
				"east": {"uv": [2.25, 13.5, 5.25, 13.5625], "texture": "#0"},
				"south": {"uv": [5, 3.625, 6.25, 3.6875], "texture": "#0"},
				"west": {"uv": [5.6875, 10.8125, 8.6875, 10.875], "texture": "#0"},
				"up": {"uv": [5.6875, 6.625, 8.6875, 7.875], "rotation": 90, "texture": "#0"}
			}
		},
		{
			"from": [-3, 26, -16],
			"to": [19, 28, 32],
			"faces": {
				"north": {"uv": [7.1875, 3.6875, 8.5625, 3.8125], "texture": "#0"},
				"east": {"uv": [2.25, 13.5625, 5.25, 13.6875], "texture": "#0"},
				"south": {"uv": [4.9375, 3.6875, 6.3125, 3.8125], "texture": "#0"},
				"west": {"uv": [5.6875, 10.875, 8.6875, 11], "texture": "#0"},
				"up": {"uv": [5.6875, 6.5625, 8.6875, 7.9375], "rotation": 90, "texture": "#0"}
			}
		},
		{
			"from": [-4, 22, -16],
			"to": [20, 26, 32],
			"faces": {
				"north": {"uv": [7.125, 3.8125, 8.625, 4.0625], "texture": "#0"},
				"east": {"uv": [2.25, 13.6875, 5.25, 13.9375], "texture": "#0"},
				"south": {"uv": [4.875, 3.8125, 6.375, 4.0625], "texture": "#0"},
				"west": {"uv": [5.6875, 11, 8.6875, 11.25], "texture": "#0"},
				"up": {"uv": [5.6875, 6.5, 8.6875, 8], "rotation": 90, "texture": "#0"}
			}
		},
		{
			"from": [-5, 3, -16],
			"to": [21, 22, 32],
			"faces": {
				"north": {"uv": [7.0625, 4.0625, 8.6875, 5.25], "texture": "#0"},
				"east": {"uv": [2.25, 13.9375, 5.25, 15.125], "texture": "#0"},
				"south": {"uv": [11.875, 11.1875, 13.5, 12.375], "texture": "#0"},
				"west": {"uv": [5.6875, 11.25, 8.6875, 12.4375], "texture": "#0"},
				"up": {"uv": [5.6875, 6.4375, 8.6875, 8.0625], "rotation": 90, "texture": "#0"}
			}
		},
		{
			"from": [-6, 3, 12],
			"to": [22, 17, 32],
			"faces": {
				"north": {"uv": [7, 4.375, 8.75, 5.25], "texture": "#0"},
				"east": {"uv": [2.25, 14.25, 3.5, 15.125], "texture": "#0"},
				"south": {"uv": [11.8125, 11.5, 13.5625, 12.375], "texture": "#0"},
				"west": {"uv": [7.4375, 11.5625, 8.6875, 12.4375], "texture": "#0"},
				"up": {"uv": [7.4375, 6.375, 8.6875, 8.125], "rotation": 90, "texture": "#0"}
			}
		},
		{
			"from": [-7, 2, 17],
			"to": [23, 13, 32],
			"faces": {
				"north": {"uv": [6.9375, 4.625, 8.8125, 5.3125], "texture": "#0"},
				"east": {"uv": [2.25, 14.5, 3.1875, 15.1875], "texture": "#0"},
				"south": {"uv": [11.75, 11.75, 13.625, 12.4375], "texture": "#0"},
				"west": {"uv": [7.75, 11.8125, 8.6875, 12.5], "texture": "#0"},
				"up": {"uv": [7.75, 6.3125, 8.6875, 8.1875], "rotation": 90, "texture": "#0"}
			}
		},
		{
			"from": [-8, 2, 22],
			"to": [24, 9, 32],
			"faces": {
				"north": {"uv": [6.875, 4.875, 8.875, 5.3125], "texture": "#0"},
				"east": {"uv": [2.25, 14.75, 2.875, 15.1875], "texture": "#0"},
				"south": {"uv": [11.6875, 12, 13.6875, 12.4375], "texture": "#0"},
				"west": {"uv": [8.0625, 12.0625, 8.6875, 12.5], "texture": "#0"},
				"up": {"uv": [8.0625, 6.25, 8.6875, 8.25], "rotation": 90, "texture": "#0"}
			}
		},
		{
			"from": [-9, 1, 27],
			"to": [25, 5, 32],
			"faces": {
				"north": {"uv": [6.8125, 5.125, 8.9375, 5.375], "texture": "#0"},
				"east": {"uv": [2.25, 15, 2.5625, 15.25], "texture": "#0"},
				"south": {"uv": [11.625, 12.25, 13.75, 12.5], "texture": "#0"},
				"west": {"uv": [8.375, 12.3125, 8.6875, 12.5625], "texture": "#0"},
				"up": {"uv": [8.375, 6.1875, 8.6875, 8.3125], "rotation": 90, "texture": "#0"}
			}
		},
		{
			"from": [0, -14, -7],
			"to": [16, 4, 3.5],
			"faces": {
				"north": {"uv": [0, 0.75, 0.0625, 0.8125], "texture": "#0"},
				"east": {"uv": [0, 0.75, 0.0625, 0.8125], "texture": "#0"},
				"south": {"uv": [0, 0.75, 0.0625, 0.8125], "texture": "#0"},
				"west": {"uv": [0, 0.75, 0.0625, 0.8125], "texture": "#0"},
				"down": {"uv": [0, 0.75, 0.0625, 0.8125], "texture": "#0"}
			}
		},
		{
			"from": [0, -10, -15.5],
			"to": [16, 4, -7],
			"faces": {
				"north": {"uv": [0, 0.75, 0.0625, 0.8125], "texture": "#0"},
				"east": {"uv": [0, 0.75, 0.0625, 0.8125], "texture": "#0"},
				"west": {"uv": [0, 0.75, 0.0625, 0.8125], "texture": "#0"},
				"down": {"uv": [0, 0.75, 0.0625, 0.8125], "texture": "#0"}
			}
		},
		{
			"from": [0, -10, 3.5],
			"to": [16, 4, 21.5],
			"faces": {
				"east": {"uv": [0, 0.75, 0.0625, 0.8125], "texture": "#0"},
				"west": {"uv": [0, 0.75, 0.0625, 0.8125], "texture": "#0"},
				"down": {"uv": [0, 0.75, 0.0625, 0.8125], "texture": "#0"}
			}
		},
		{
			"from": [2, -11, 18.5],
			"to": [14, -10, 21.5],
			"faces": {
				"north": {"uv": [0, 0.75, 0.0625, 0.8125], "texture": "#0"},
				"east": {"uv": [0, 0.75, 0.0625, 0.8125], "texture": "#0"},
				"west": {"uv": [0, 0.75, 0.0625, 0.8125], "texture": "#0"},
				"down": {"uv": [0, 0.75, 0.0625, 0.8125], "texture": "#0"}
			}
		},
		{
			"from": [2, -12, 19.5],
			"to": [14, -11, 21.5],
			"faces": {
				"north": {"uv": [0, 0.75, 0.0625, 0.8125], "texture": "#0"},
				"east": {"uv": [0, 0.75, 0.0625, 0.8125], "texture": "#0"},
				"west": {"uv": [0, 0.75, 0.0625, 0.8125], "texture": "#0"},
				"down": {"uv": [0, 0.75, 0.0625, 0.8125], "texture": "#0"}
			}
		},
		{
			"from": [2, -13, 20.5],
			"to": [14, -12, 21.5],
			"faces": {
				"north": {"uv": [0, 0.75, 0.0625, 0.8125], "texture": "#0"},
				"east": {"uv": [0, 0.75, 0.0625, 0.8125], "texture": "#0"},
				"west": {"uv": [0, 0.75, 0.0625, 0.8125], "texture": "#0"},
				"down": {"uv": [0, 0.75, 0.0625, 0.8125], "texture": "#0"}
			}
		},
		{
			"from": [0, -14, 21.5],
			"to": [16, 0, 32],
			"faces": {
				"north": {"uv": [0, 0.75, 0.0625, 0.8125], "texture": "#0"},
				"east": {"uv": [0, 0.75, 0.0625, 0.8125], "texture": "#0"},
				"south": {"uv": [0, 0.75, 0.0625, 0.8125], "texture": "#0"},
				"west": {"uv": [0, 0.75, 0.0625, 0.8125], "texture": "#0"},
				"down": {"uv": [0, 0.75, 0.0625, 0.8125], "texture": "#0"}
			}
		},
		{
			"from": [0, -15.5, -16],
			"to": [2, -15, -15],
			"faces": {
				"north": {"uv": [0, 0.75, 0.0625, 0.8125], "texture": "#0"},
				"east": {"uv": [0, 0.75, 0.0625, 0.8125], "texture": "#0"},
				"south": {"uv": [0, 0.75, 0.0625, 0.8125], "texture": "#0"},
				"west": {"uv": [0, 0.75, 0.0625, 0.8125], "texture": "#0"},
				"down": {"uv": [0, 0.75, 0.0625, 0.8125], "texture": "#0"}
			}
		},
		{
			"from": [0, -15, -16],
			"to": [2, -14.5, -14],
			"faces": {
				"north": {"uv": [0.0625, 0.8125, 0.125, 0.875], "texture": "#0"},
				"east": {"uv": [0.0625, 0.8125, 0.125, 0.875], "texture": "#0"},
				"south": {"uv": [0.0625, 0.8125, 0.125, 0.875], "texture": "#0"},
				"west": {"uv": [0.0625, 0.8125, 0.125, 0.875], "texture": "#0"},
				"down": {"uv": [0.0625, 0.8125, 0.125, 0.875], "texture": "#0"}
			}
		},
		{
			"from": [0, -14.5, -16],
			"to": [2, -14, -13],
			"faces": {
				"north": {"uv": [0, 0.75, 0.0625, 0.8125], "texture": "#0"},
				"east": {"uv": [0, 0.75, 0.0625, 0.8125], "texture": "#0"},
				"south": {"uv": [0, 0.75, 0.0625, 0.8125], "texture": "#0"},
				"west": {"uv": [0, 0.75, 0.0625, 0.8125], "texture": "#0"},
				"down": {"uv": [0, 0.75, 0.0625, 0.8125], "texture": "#0"}
			}
		},
		{
			"from": [0, -14, -16],
			"to": [2, -13.5, -12],
			"faces": {
				"north": {"uv": [0.0625, 0.8125, 0.125, 0.875], "texture": "#0"},
				"east": {"uv": [0.0625, 0.8125, 0.125, 0.875], "texture": "#0"},
				"south": {"uv": [0.0625, 0.8125, 0.125, 0.875], "texture": "#0"},
				"west": {"uv": [0.0625, 0.8125, 0.125, 0.875], "texture": "#0"},
				"down": {"uv": [0.0625, 0.8125, 0.125, 0.875], "texture": "#0"}
			}
		},
		{
			"from": [0, -13.5, -16],
			"to": [2, -13, -11],
			"faces": {
				"north": {"uv": [0, 0.75, 0.0625, 0.8125], "texture": "#0"},
				"east": {"uv": [0, 0.75, 0.0625, 0.8125], "texture": "#0"},
				"south": {"uv": [0, 0.75, 0.0625, 0.8125], "texture": "#0"},
				"west": {"uv": [0, 0.75, 0.0625, 0.8125], "texture": "#0"},
				"down": {"uv": [0, 0.75, 0.0625, 0.8125], "texture": "#0"}
			}
		},
		{
			"from": [0, -13, -16],
			"to": [2, -12.5, -10],
			"faces": {
				"north": {"uv": [0.0625, 0.8125, 0.125, 0.875], "texture": "#0"},
				"east": {"uv": [0.0625, 0.8125, 0.125, 0.875], "texture": "#0"},
				"south": {"uv": [0.0625, 0.8125, 0.125, 0.875], "texture": "#0"},
				"west": {"uv": [0.0625, 0.8125, 0.125, 0.875], "texture": "#0"},
				"up": {"uv": [0.0625, 0.8125, 0.125, 0.875], "texture": "#0"},
				"down": {"uv": [0.0625, 0.8125, 0.125, 0.875], "texture": "#0"}
			}
		},
		{
			"from": [0, -12, -10],
			"to": [2, -11.5, -8],
			"faces": {
				"north": {"uv": [0.0625, 0.8125, 0.125, 0.875], "texture": "#0"},
				"east": {"uv": [0.0625, 0.8125, 0.125, 0.875], "texture": "#0"},
				"south": {"uv": [0.0625, 0.8125, 0.125, 0.875], "texture": "#0"},
				"west": {"uv": [0.0625, 0.8125, 0.125, 0.875], "texture": "#0"},
				"up": {"uv": [0.0625, 0.8125, 0.125, 0.875], "texture": "#0"},
				"down": {"uv": [0.0625, 0.8125, 0.125, 0.875], "texture": "#0"}
			}
		},
		{
			"from": [0, -11.5, -9],
			"to": [2, -11, -7],
			"faces": {
				"north": {"uv": [0, 0.75, 0.0625, 0.8125], "texture": "#0"},
				"east": {"uv": [0, 0.75, 0.0625, 0.8125], "texture": "#0"},
				"west": {"uv": [0, 0.75, 0.0625, 0.8125], "texture": "#0"},
				"up": {"uv": [0, 0.75, 0.0625, 0.8125], "texture": "#0"},
				"down": {"uv": [0, 0.75, 0.0625, 0.8125], "texture": "#0"}
			}
		},
		{
			"from": [0, -12.5, -11],
			"to": [2, -12, -9],
			"faces": {
				"north": {"uv": [0, 0.75, 0.0625, 0.8125], "texture": "#0"},
				"east": {"uv": [0, 0.75, 0.0625, 0.8125], "texture": "#0"},
				"south": {"uv": [0, 0.75, 0.0625, 0.8125], "texture": "#0"},
				"west": {"uv": [0, 0.75, 0.0625, 0.8125], "texture": "#0"},
				"up": {"uv": [0, 0.75, 0.0625, 0.8125], "texture": "#0"},
				"down": {"uv": [0, 0.75, 0.0625, 0.8125], "texture": "#0"}
			}
		},
		{
			"from": [14, -15.5, -16],
			"to": [16, -15, -15],
			"faces": {
				"north": {"uv": [0, 0.75, 0.0625, 0.8125], "texture": "#0"},
				"east": {"uv": [0, 0.75, 0.0625, 0.8125], "texture": "#0"},
				"south": {"uv": [0, 0.75, 0.0625, 0.8125], "texture": "#0"},
				"west": {"uv": [0, 0.75, 0.0625, 0.8125], "texture": "#0"},
				"down": {"uv": [0, 0.75, 0.0625, 0.8125], "texture": "#0"}
			}
		},
		{
			"from": [14, -15, -16],
			"to": [16, -14.5, -14],
			"faces": {
				"north": {"uv": [0.0625, 0.8125, 0.125, 0.875], "texture": "#0"},
				"east": {"uv": [0.0625, 0.8125, 0.125, 0.875], "texture": "#0"},
				"south": {"uv": [0.0625, 0.8125, 0.125, 0.875], "texture": "#0"},
				"west": {"uv": [0.0625, 0.8125, 0.125, 0.875], "texture": "#0"},
				"down": {"uv": [0.0625, 0.8125, 0.125, 0.875], "texture": "#0"}
			}
		},
		{
			"from": [14, -14.5, -16],
			"to": [16, -14, -13],
			"faces": {
				"north": {"uv": [0, 0.75, 0.0625, 0.8125], "texture": "#0"},
				"east": {"uv": [0, 0.75, 0.0625, 0.8125], "texture": "#0"},
				"south": {"uv": [0, 0.75, 0.0625, 0.8125], "texture": "#0"},
				"west": {"uv": [0, 0.75, 0.0625, 0.8125], "texture": "#0"},
				"down": {"uv": [0, 0.75, 0.0625, 0.8125], "texture": "#0"}
			}
		},
		{
			"from": [14, -14, -16],
			"to": [16, -13.5, -12],
			"faces": {
				"north": {"uv": [0.0625, 0.8125, 0.125, 0.875], "texture": "#0"},
				"east": {"uv": [0.0625, 0.8125, 0.125, 0.875], "texture": "#0"},
				"south": {"uv": [0.0625, 0.8125, 0.125, 0.875], "texture": "#0"},
				"west": {"uv": [0.0625, 0.8125, 0.125, 0.875], "texture": "#0"},
				"down": {"uv": [0.0625, 0.8125, 0.125, 0.875], "texture": "#0"}
			}
		},
		{
			"from": [14, -13.5, -16],
			"to": [16, -13, -11],
			"faces": {
				"north": {"uv": [0, 0.75, 0.0625, 0.8125], "texture": "#0"},
				"east": {"uv": [0, 0.75, 0.0625, 0.8125], "texture": "#0"},
				"south": {"uv": [0, 0.75, 0.0625, 0.8125], "texture": "#0"},
				"west": {"uv": [0, 0.75, 0.0625, 0.8125], "texture": "#0"},
				"down": {"uv": [0, 0.75, 0.0625, 0.8125], "texture": "#0"}
			}
		},
		{
			"from": [14, -13, -16],
			"to": [16, -12.5, -10],
			"faces": {
				"north": {"uv": [0.0625, 0.8125, 0.125, 0.875], "texture": "#0"},
				"east": {"uv": [0.0625, 0.8125, 0.125, 0.875], "texture": "#0"},
				"south": {"uv": [0.0625, 0.8125, 0.125, 0.875], "texture": "#0"},
				"west": {"uv": [0.0625, 0.8125, 0.125, 0.875], "texture": "#0"},
				"up": {"uv": [0.0625, 0.8125, 0.125, 0.875], "texture": "#0"},
				"down": {"uv": [0.0625, 0.8125, 0.125, 0.875], "texture": "#0"}
			}
		},
		{
			"from": [14, -12, -10],
			"to": [16, -11.5, -8],
			"faces": {
				"north": {"uv": [0.0625, 0.8125, 0.125, 0.875], "texture": "#0"},
				"east": {"uv": [0.0625, 0.8125, 0.125, 0.875], "texture": "#0"},
				"south": {"uv": [0.0625, 0.8125, 0.125, 0.875], "texture": "#0"},
				"west": {"uv": [0.0625, 0.8125, 0.125, 0.875], "texture": "#0"},
				"up": {"uv": [0.0625, 0.8125, 0.125, 0.875], "texture": "#0"},
				"down": {"uv": [0.0625, 0.8125, 0.125, 0.875], "texture": "#0"}
			}
		},
		{
			"from": [14, -11.5, -9],
			"to": [16, -11, -7],
			"faces": {
				"north": {"uv": [0, 0.75, 0.0625, 0.8125], "texture": "#0"},
				"east": {"uv": [0, 0.75, 0.0625, 0.8125], "texture": "#0"},
				"west": {"uv": [0, 0.75, 0.0625, 0.8125], "texture": "#0"},
				"up": {"uv": [0, 0.75, 0.0625, 0.8125], "texture": "#0"},
				"down": {"uv": [0, 0.75, 0.0625, 0.8125], "texture": "#0"}
			}
		},
		{
			"from": [14, -12.5, -11],
			"to": [16, -12, -9],
			"faces": {
				"north": {"uv": [0, 0.75, 0.0625, 0.8125], "texture": "#0"},
				"east": {"uv": [0, 0.75, 0.0625, 0.8125], "texture": "#0"},
				"south": {"uv": [0, 0.75, 0.0625, 0.8125], "texture": "#0"},
				"west": {"uv": [0, 0.75, 0.0625, 0.8125], "texture": "#0"},
				"up": {"uv": [0, 0.75, 0.0625, 0.8125], "texture": "#0"},
				"down": {"uv": [0, 0.75, 0.0625, 0.8125], "texture": "#0"}
			}
		},
		{
			"from": [0, -15.5, 11.5],
			"to": [2, -15, 13.5],
			"faces": {
				"north": {"uv": [0, 0.75, 0.0625, 0.8125], "texture": "#0"},
				"east": {"uv": [0, 0.75, 0.0625, 0.8125], "texture": "#0"},
				"south": {"uv": [0, 0.75, 0.0625, 0.8125], "texture": "#0"},
				"west": {"uv": [0, 0.75, 0.0625, 0.8125], "texture": "#0"},
				"down": {"uv": [0, 0.75, 0.0625, 0.8125], "texture": "#0"}
			}
		},
		{
			"from": [0, -15, 10.5],
			"to": [2, -14.5, 14.5],
			"faces": {
				"north": {"uv": [0.0625, 0.8125, 0.125, 0.875], "texture": "#0"},
				"east": {"uv": [0.0625, 0.8125, 0.125, 0.875], "texture": "#0"},
				"south": {"uv": [0.0625, 0.8125, 0.125, 0.875], "texture": "#0"},
				"west": {"uv": [0.0625, 0.8125, 0.125, 0.875], "texture": "#0"},
				"down": {"uv": [0.0625, 0.8125, 0.125, 0.875], "texture": "#0"}
			}
		},
		{
			"from": [0, -14.5, 9.5],
			"to": [2, -14, 15.5],
			"faces": {
				"north": {"uv": [0, 0.75, 0.0625, 0.8125], "texture": "#0"},
				"east": {"uv": [0, 0.75, 0.0625, 0.8125], "texture": "#0"},
				"south": {"uv": [0, 0.75, 0.0625, 0.8125], "texture": "#0"},
				"west": {"uv": [0, 0.75, 0.0625, 0.8125], "texture": "#0"},
				"down": {"uv": [0, 0.75, 0.0625, 0.8125], "texture": "#0"}
			}
		},
		{
			"from": [0, -14, 8.5],
			"to": [2, -13.5, 16.5],
			"faces": {
				"north": {"uv": [0.0625, 0.8125, 0.125, 0.875], "texture": "#0"},
				"east": {"uv": [0.0625, 0.8125, 0.125, 0.875], "texture": "#0"},
				"south": {"uv": [0.0625, 0.8125, 0.125, 0.875], "texture": "#0"},
				"west": {"uv": [0.0625, 0.8125, 0.125, 0.875], "texture": "#0"},
				"down": {"uv": [0.0625, 0.8125, 0.125, 0.875], "texture": "#0"}
			}
		},
		{
			"from": [0, -13.5, 7.5],
			"to": [2, -13, 17.5],
			"faces": {
				"north": {"uv": [0, 0.75, 0.0625, 0.8125], "texture": "#0"},
				"east": {"uv": [0, 0.75, 0.0625, 0.8125], "texture": "#0"},
				"south": {"uv": [0, 0.75, 0.0625, 0.8125], "texture": "#0"},
				"west": {"uv": [0, 0.75, 0.0625, 0.8125], "texture": "#0"},
				"down": {"uv": [0, 0.75, 0.0625, 0.8125], "texture": "#0"}
			}
		},
		{
			"from": [0, -13, 6.5],
			"to": [2, -12.5, 18.5],
			"faces": {
				"north": {"uv": [0.0625, 0.8125, 0.125, 0.875], "texture": "#0"},
				"east": {"uv": [0.0625, 0.8125, 0.125, 0.875], "texture": "#0"},
				"south": {"uv": [0.0625, 0.8125, 0.125, 0.875], "texture": "#0"},
				"west": {"uv": [0.0625, 0.8125, 0.125, 0.875], "texture": "#0"},
				"up": {"uv": [0.0625, 0.8125, 0.125, 0.875], "texture": "#0"},
				"down": {"uv": [0.0625, 0.8125, 0.125, 0.875], "texture": "#0"}
			}
		},
		{
			"from": [0, -12.5, 17.5],
			"to": [2, -12, 19.5],
			"faces": {
				"north": {"uv": [0, 0.75, 0.0625, 0.8125], "texture": "#0"},
				"east": {"uv": [0, 0.75, 0.0625, 0.8125], "texture": "#0"},
				"south": {"uv": [0, 0.75, 0.0625, 0.8125], "texture": "#0"},
				"west": {"uv": [0, 0.75, 0.0625, 0.8125], "texture": "#0"},
				"up": {"uv": [0, 0.75, 0.0625, 0.8125], "texture": "#0"},
				"down": {"uv": [0, 0.75, 0.0625, 0.8125], "texture": "#0"}
			}
		},
		{
			"from": [0, -12, 18.5],
			"to": [2, -11.5, 20.5],
			"faces": {
				"north": {"uv": [0.0625, 0.8125, 0.125, 0.875], "texture": "#0"},
				"east": {"uv": [0.0625, 0.8125, 0.125, 0.875], "texture": "#0"},
				"south": {"uv": [0.0625, 0.8125, 0.125, 0.875], "texture": "#0"},
				"west": {"uv": [0.0625, 0.8125, 0.125, 0.875], "texture": "#0"},
				"up": {"uv": [0.0625, 0.8125, 0.125, 0.875], "texture": "#0"},
				"down": {"uv": [0.0625, 0.8125, 0.125, 0.875], "texture": "#0"}
			}
		},
		{
			"from": [0, -11.5, 19.5],
			"to": [2, -11, 21.5],
			"faces": {
				"north": {"uv": [0, 0.75, 0.0625, 0.8125], "texture": "#0"},
				"east": {"uv": [0, 0.75, 0.0625, 0.8125], "texture": "#0"},
				"west": {"uv": [0, 0.75, 0.0625, 0.8125], "texture": "#0"},
				"up": {"uv": [0, 0.75, 0.0625, 0.8125], "texture": "#0"},
				"down": {"uv": [0, 0.75, 0.0625, 0.8125], "texture": "#0"}
			}
		},
		{
			"from": [0, -12, 4.5],
			"to": [2, -11.5, 6.5],
			"faces": {
				"north": {"uv": [0.0625, 0.8125, 0.125, 0.875], "texture": "#0"},
				"east": {"uv": [0.0625, 0.8125, 0.125, 0.875], "texture": "#0"},
				"south": {"uv": [0.0625, 0.8125, 0.125, 0.875], "texture": "#0"},
				"west": {"uv": [0.0625, 0.8125, 0.125, 0.875], "texture": "#0"},
				"up": {"uv": [0.0625, 0.8125, 0.125, 0.875], "texture": "#0"},
				"down": {"uv": [0.0625, 0.8125, 0.125, 0.875], "texture": "#0"}
			}
		},
		{
			"from": [0, -11.5, 3.5],
			"to": [2, -11, 5.5],
			"faces": {
				"east": {"uv": [0, 0.75, 0.0625, 0.8125], "texture": "#0"},
				"south": {"uv": [0, 0.75, 0.0625, 0.8125], "texture": "#0"},
				"west": {"uv": [0, 0.75, 0.0625, 0.8125], "texture": "#0"},
				"up": {"uv": [0, 0.75, 0.0625, 0.8125], "texture": "#0"},
				"down": {"uv": [0, 0.75, 0.0625, 0.8125], "texture": "#0"}
			}
		},
		{
			"from": [0, -12.5, 5.5],
			"to": [2, -12, 7.5],
			"faces": {
				"north": {"uv": [0, 0.75, 0.0625, 0.8125], "texture": "#0"},
				"east": {"uv": [0, 0.75, 0.0625, 0.8125], "texture": "#0"},
				"south": {"uv": [0, 0.75, 0.0625, 0.8125], "texture": "#0"},
				"west": {"uv": [0, 0.75, 0.0625, 0.8125], "texture": "#0"},
				"up": {"uv": [0, 0.75, 0.0625, 0.8125], "texture": "#0"},
				"down": {"uv": [0, 0.75, 0.0625, 0.8125], "texture": "#0"}
			}
		},
		{
			"from": [14, -15.5, 11.5],
			"to": [16, -15, 13.5],
			"faces": {
				"north": {"uv": [0, 0.75, 0.0625, 0.8125], "texture": "#0"},
				"east": {"uv": [0, 0.75, 0.0625, 0.8125], "texture": "#0"},
				"south": {"uv": [0, 0.75, 0.0625, 0.8125], "texture": "#0"},
				"west": {"uv": [0, 0.75, 0.0625, 0.8125], "texture": "#0"},
				"down": {"uv": [0, 0.75, 0.0625, 0.8125], "texture": "#0"}
			}
		},
		{
			"from": [14, -15, 10.5],
			"to": [16, -14.5, 14.5],
			"faces": {
				"north": {"uv": [0.0625, 0.8125, 0.125, 0.875], "texture": "#0"},
				"east": {"uv": [0.0625, 0.8125, 0.125, 0.875], "texture": "#0"},
				"south": {"uv": [0.0625, 0.8125, 0.125, 0.875], "texture": "#0"},
				"west": {"uv": [0.0625, 0.8125, 0.125, 0.875], "texture": "#0"},
				"down": {"uv": [0.0625, 0.8125, 0.125, 0.875], "texture": "#0"}
			}
		},
		{
			"from": [14, -14.5, 9.5],
			"to": [16, -14, 15.5],
			"faces": {
				"north": {"uv": [0, 0.75, 0.0625, 0.8125], "texture": "#0"},
				"east": {"uv": [0, 0.75, 0.0625, 0.8125], "texture": "#0"},
				"south": {"uv": [0, 0.75, 0.0625, 0.8125], "texture": "#0"},
				"west": {"uv": [0, 0.75, 0.0625, 0.8125], "texture": "#0"},
				"down": {"uv": [0, 0.75, 0.0625, 0.8125], "texture": "#0"}
			}
		},
		{
			"from": [14, -14, 8.5],
			"to": [16, -13.5, 16.5],
			"faces": {
				"north": {"uv": [0.0625, 0.8125, 0.125, 0.875], "texture": "#0"},
				"east": {"uv": [0.0625, 0.8125, 0.125, 0.875], "texture": "#0"},
				"south": {"uv": [0.0625, 0.8125, 0.125, 0.875], "texture": "#0"},
				"west": {"uv": [0.0625, 0.8125, 0.125, 0.875], "texture": "#0"},
				"down": {"uv": [0.0625, 0.8125, 0.125, 0.875], "texture": "#0"}
			}
		},
		{
			"from": [14, -13.5, 7.5],
			"to": [16, -13, 17.5],
			"faces": {
				"north": {"uv": [0, 0.75, 0.0625, 0.8125], "texture": "#0"},
				"east": {"uv": [0, 0.75, 0.0625, 0.8125], "texture": "#0"},
				"south": {"uv": [0, 0.75, 0.0625, 0.8125], "texture": "#0"},
				"west": {"uv": [0, 0.75, 0.0625, 0.8125], "texture": "#0"},
				"down": {"uv": [0, 0.75, 0.0625, 0.8125], "texture": "#0"}
			}
		},
		{
			"from": [14, -13, 6.5],
			"to": [16, -12.5, 18.5],
			"faces": {
				"north": {"uv": [0.0625, 0.8125, 0.125, 0.875], "texture": "#0"},
				"east": {"uv": [0.0625, 0.8125, 0.125, 0.875], "texture": "#0"},
				"south": {"uv": [0.0625, 0.8125, 0.125, 0.875], "texture": "#0"},
				"west": {"uv": [0.0625, 0.8125, 0.125, 0.875], "texture": "#0"},
				"up": {"uv": [0.0625, 0.8125, 0.125, 0.875], "texture": "#0"},
				"down": {"uv": [0.0625, 0.8125, 0.125, 0.875], "texture": "#0"}
			}
		},
		{
			"from": [14, -12.5, 17.5],
			"to": [16, -12, 19.5],
			"faces": {
				"north": {"uv": [0, 0.75, 0.0625, 0.8125], "texture": "#0"},
				"east": {"uv": [0, 0.75, 0.0625, 0.8125], "texture": "#0"},
				"south": {"uv": [0, 0.75, 0.0625, 0.8125], "texture": "#0"},
				"west": {"uv": [0, 0.75, 0.0625, 0.8125], "texture": "#0"},
				"up": {"uv": [0, 0.75, 0.0625, 0.8125], "texture": "#0"},
				"down": {"uv": [0, 0.75, 0.0625, 0.8125], "texture": "#0"}
			}
		},
		{
			"from": [14, -12, 18.5],
			"to": [16, -11.5, 20.5],
			"faces": {
				"north": {"uv": [0.0625, 0.8125, 0.125, 0.875], "texture": "#0"},
				"east": {"uv": [0.0625, 0.8125, 0.125, 0.875], "texture": "#0"},
				"south": {"uv": [0.0625, 0.8125, 0.125, 0.875], "texture": "#0"},
				"west": {"uv": [0.0625, 0.8125, 0.125, 0.875], "texture": "#0"},
				"up": {"uv": [0.0625, 0.8125, 0.125, 0.875], "texture": "#0"},
				"down": {"uv": [0.0625, 0.8125, 0.125, 0.875], "texture": "#0"}
			}
		},
		{
			"from": [14, -11.5, 19.5],
			"to": [16, -11, 21.5],
			"faces": {
				"north": {"uv": [0, 0.75, 0.0625, 0.8125], "texture": "#0"},
				"east": {"uv": [0, 0.75, 0.0625, 0.8125], "texture": "#0"},
				"west": {"uv": [0, 0.75, 0.0625, 0.8125], "texture": "#0"},
				"up": {"uv": [0, 0.75, 0.0625, 0.8125], "texture": "#0"},
				"down": {"uv": [0, 0.75, 0.0625, 0.8125], "texture": "#0"}
			}
		},
		{
			"from": [14, -12, 4.5],
			"to": [16, -11.5, 6.5],
			"faces": {
				"north": {"uv": [0.0625, 0.8125, 0.125, 0.875], "texture": "#0"},
				"east": {"uv": [0.0625, 0.8125, 0.125, 0.875], "texture": "#0"},
				"south": {"uv": [0.0625, 0.8125, 0.125, 0.875], "texture": "#0"},
				"west": {"uv": [0.0625, 0.8125, 0.125, 0.875], "texture": "#0"},
				"up": {"uv": [0.0625, 0.8125, 0.125, 0.875], "texture": "#0"},
				"down": {"uv": [0.0625, 0.8125, 0.125, 0.875], "texture": "#0"}
			}
		},
		{
			"from": [14, -11.5, 3.5],
			"to": [16, -11, 5.5],
			"faces": {
				"east": {"uv": [0, 0.75, 0.0625, 0.8125], "texture": "#0"},
				"south": {"uv": [0, 0.75, 0.0625, 0.8125], "texture": "#0"},
				"west": {"uv": [0, 0.75, 0.0625, 0.8125], "texture": "#0"},
				"up": {"uv": [0, 0.75, 0.0625, 0.8125], "texture": "#0"},
				"down": {"uv": [0, 0.75, 0.0625, 0.8125], "texture": "#0"}
			}
		},
		{
			"from": [14, -12.5, 5.5],
			"to": [16, -12, 7.5],
			"faces": {
				"north": {"uv": [0, 0.75, 0.0625, 0.8125], "texture": "#0"},
				"east": {"uv": [0, 0.75, 0.0625, 0.8125], "texture": "#0"},
				"south": {"uv": [0, 0.75, 0.0625, 0.8125], "texture": "#0"},
				"west": {"uv": [0, 0.75, 0.0625, 0.8125], "texture": "#0"},
				"up": {"uv": [0, 0.75, 0.0625, 0.8125], "texture": "#0"},
				"down": {"uv": [0, 0.75, 0.0625, 0.8125], "texture": "#0"}
			}
		},
		{
			"from": [-7, 21, -16],
			"to": [-6, 22, 32],
			"rotation": {"angle": 0, "axis": "y", "origin": [0, 8, 5]},
			"faces": {
				"north": {"uv": [0.125, 2.375, 0.1875, 2.4375], "rotation": 180, "texture": "#0"},
				"east": {"uv": [0.1875, 2.375, 0.25, 3.375], "rotation": 90, "texture": "#0"},
				"south": {"uv": [0.125, 3.3125, 0.1875, 3.375], "texture": "#0"},
				"west": {"uv": [0.0625, 2.375, 0.125, 3.375], "rotation": 270, "texture": "#0"},
				"up": {"uv": [0.125, 2.375, 0.1875, 3.375], "texture": "#0"},
				"down": {"uv": [0, 2.375, 0.0625, 3.375], "rotation": 180, "texture": "#0"}
			}
		},
		{
			"from": [-7.2, 20.8, 20],
			"to": [-5, 22.2, 21],
			"rotation": {"angle": 0, "axis": "y", "origin": [0, 21, -16]},
			"faces": {
				"north": {"uv": [0.125, 3.375, 0.25, 3.4375], "rotation": 180, "texture": "#0"},
				"south": {"uv": [0, 3.4375, 0.125, 3.5], "texture": "#0"},
				"west": {"uv": [0.25, 3.375, 0.3125, 3.4375], "rotation": 270, "texture": "#0"},
				"up": {"uv": [0.125, 3.4375, 0.25, 3.5], "texture": "#0"},
				"down": {"uv": [0, 3.375, 0.125, 3.4375], "rotation": 180, "texture": "#0"}
			}
		},
		{
			"from": [-7.2, 20.8, 5],
			"to": [-5, 22.2, 6],
			"rotation": {"angle": 0, "axis": "y", "origin": [0, 21, -16]},
			"faces": {
				"north": {"uv": [0.125, 3.375, 0.25, 3.4375], "rotation": 180, "texture": "#0"},
				"south": {"uv": [0, 3.4375, 0.125, 3.5], "texture": "#0"},
				"west": {"uv": [0.25, 3.375, 0.3125, 3.4375], "rotation": 270, "texture": "#0"},
				"up": {"uv": [0.125, 3.4375, 0.25, 3.5], "texture": "#0"},
				"down": {"uv": [0, 3.375, 0.125, 3.4375], "rotation": 180, "texture": "#0"}
			}
		},
		{
			"from": [-7.2, 20.8, -14],
			"to": [-5, 22.2, -13],
			"rotation": {"angle": 0, "axis": "y", "origin": [0, 21, -16]},
			"faces": {
				"north": {"uv": [0.125, 3.375, 0.25, 3.4375], "rotation": 180, "texture": "#0"},
				"south": {"uv": [0, 3.4375, 0.125, 3.5], "texture": "#0"},
				"west": {"uv": [0.25, 3.375, 0.3125, 3.4375], "rotation": 270, "texture": "#0"},
				"up": {"uv": [0.125, 3.4375, 0.25, 3.5], "texture": "#0"},
				"down": {"uv": [0, 3.375, 0.125, 3.4375], "rotation": 180, "texture": "#0"}
			}
		},
		{
			"from": [22, 21, -16],
			"to": [23, 22, 32],
			"rotation": {"angle": 0, "axis": "y", "origin": [16, 8, 5]},
			"faces": {
				"north": {"uv": [0.1875, 2.375, 0.125, 2.4375], "rotation": 180, "texture": "#0"},
				"east": {"uv": [0.0625, 3.375, 0.125, 2.375], "rotation": 270, "texture": "#0"},
				"south": {"uv": [0.1875, 3.3125, 0.125, 3.375], "texture": "#0"},
				"west": {"uv": [0.1875, 3.375, 0.25, 2.375], "rotation": 90, "texture": "#0"},
				"up": {"uv": [0.1875, 2.375, 0.125, 3.375], "texture": "#0"},
				"down": {"uv": [0.0625, 2.375, 0, 3.375], "rotation": 180, "texture": "#0"}
			}
		},
		{
			"from": [21, 20.8, 20],
			"to": [23.2, 22.2, 21],
			"rotation": {"angle": 0, "axis": "y", "origin": [16, 21, -16]},
			"faces": {
				"north": {"uv": [0.25, 3.375, 0.125, 3.4375], "rotation": 180, "texture": "#0"},
				"east": {"uv": [0.25, 3.4375, 0.3125, 3.375], "rotation": 270, "texture": "#0"},
				"south": {"uv": [0.125, 3.4375, 0, 3.5], "texture": "#0"},
				"up": {"uv": [0.25, 3.4375, 0.125, 3.5], "texture": "#0"},
				"down": {"uv": [0.125, 3.375, 0, 3.4375], "rotation": 180, "texture": "#0"}
			}
		},
		{
			"from": [21, 20.8, 5],
			"to": [23.2, 22.2, 6],
			"rotation": {"angle": 0, "axis": "y", "origin": [16, 21, -16]},
			"faces": {
				"north": {"uv": [0.25, 3.375, 0.125, 3.4375], "rotation": 180, "texture": "#0"},
				"east": {"uv": [0.25, 3.4375, 0.3125, 3.375], "rotation": 270, "texture": "#0"},
				"south": {"uv": [0.125, 3.4375, 0, 3.5], "texture": "#0"},
				"up": {"uv": [0.25, 3.4375, 0.125, 3.5], "texture": "#0"},
				"down": {"uv": [0.125, 3.375, 0, 3.4375], "rotation": 180, "texture": "#0"}
			}
		},
		{
			"from": [21, 20.8, -14],
			"to": [23.2, 22.2, -13],
			"rotation": {"angle": 0, "axis": "y", "origin": [16, 21, -16]},
			"faces": {
				"north": {"uv": [0.25, 3.375, 0.125, 3.4375], "rotation": 180, "texture": "#0"},
				"east": {"uv": [0.25, 3.4375, 0.3125, 3.375], "rotation": 270, "texture": "#0"},
				"south": {"uv": [0.125, 3.4375, 0, 3.5], "texture": "#0"},
				"up": {"uv": [0.25, 3.4375, 0.125, 3.5], "texture": "#0"},
				"down": {"uv": [0.125, 3.375, 0, 3.4375], "rotation": 180, "texture": "#0"}
			}
		},
		{
			"from": [-6.5, 17, -16],
			"to": [-5.5, 18, 12],
			"rotation": {"angle": 0, "axis": "y", "origin": [0, 8, 5]},
			"faces": {
				"north": {"uv": [0.375, 2.875, 0.4375, 2.9375], "rotation": 180, "texture": "#0"},
				"east": {"uv": [0.5, 2.875, 0.5625, 3.4375], "rotation": 90, "texture": "#0"},
				"south": {"uv": [0.375, 3.375, 0.4375, 3.4375], "texture": "#0"},
				"west": {"uv": [0.375, 2.875, 0.4375, 3.4375], "rotation": 270, "texture": "#0"},
				"up": {"uv": [0.4375, 2.875, 0.5, 3.4375], "texture": "#0"},
				"down": {"uv": [0.3125, 2.875, 0.375, 3.4375], "rotation": 180, "texture": "#0"}
			}
		},
		{
			"from": [-7, 17, 12],
			"to": [-6, 18, 32],
			"rotation": {"angle": 0, "axis": "y", "origin": [0, 8, 5]},
			"faces": {
				"north": {"uv": [0.375, 2.875, 0.4375, 2.9375], "rotation": 180, "texture": "#0"},
				"east": {"uv": [0.5, 2.875, 0.5625, 3.4375], "rotation": 90, "texture": "#0"},
				"south": {"uv": [0.375, 3.375, 0.4375, 3.4375], "texture": "#0"},
				"west": {"uv": [0.375, 2.875, 0.4375, 3.4375], "rotation": 270, "texture": "#0"},
				"up": {"uv": [0.4375, 2.875, 0.5, 3.4375], "texture": "#0"},
				"down": {"uv": [0.3125, 2.875, 0.375, 3.4375], "rotation": 180, "texture": "#0"}
			}
		}
	],
	"display": {
		"gui": {
			"rotation": [25, 135, 0],
			"scale": [0.25, 0.25, 0.25]
		},
		"head": {
			"scale": [2, 2, 2]
		}
	},
	"groups": [
		{
			"name": "sides",
			"origin": [8, 8, 8],
			"color": 0,
			"children": [0, 1, 2, 3]
		},
		{
			"name": "body",
			"origin": [8, 8, 8],
			"color": 0,
			"children": [
				{
					"name": "group",
					"origin": [0, 0, 0],
					"color": 0,
					"children": [4, 5, 6, 7, 8, 9, 10, 11, 12, 13, 14]
				}
			]
		},
		{
			"name": "undercarriage",
			"origin": [8, 8, 8],
			"color": 0,
			"children": [
				{
					"name": "chassis",
					"origin": [0, 0, 0],
					"color": 0,
					"children": [15, 16, 17, 18, 19, 20, 21]
				},
				{
					"name": "wheel 2 leaf springs",
					"origin": [8, 8, 8],
					"color": 0,
					"children": [
						{
							"name": "left",
							"origin": [8, 8, 8],
							"color": 0,
							"children": [22, 23, 24, 25, 26, 27, 28, 29, 30]
						},
						{
							"name": "right",
							"origin": [8, 8, 8],
							"color": 0,
							"children": [31, 32, 33, 34, 35, 36, 37, 38, 39]
						}
					]
				},
				{
					"name": "wheel 3 leaf springs",
					"origin": [8, 8, 8],
					"color": 0,
					"children": [
						{
							"name": "left",
							"origin": [8, 8, 8],
							"color": 0,
							"children": [40, 41, 42, 43, 44, 45, 46, 47, 48, 49, 50, 51]
						},
						{
							"name": "right",
							"origin": [8, 8, 8],
							"color": 0,
							"children": [52, 53, 54, 55, 56, 57, 58, 59, 60, 61, 62, 63]
						}
					]
				}
			]
		},
		{
			"name": "side handles",
			"origin": [8, 8, 8],
			"color": 0,
			"children": [
				{
					"name": "left",
					"origin": [0, 0, 0],
					"color": 0,
					"children": [64, 65, 66, 67]
				},
				{
					"name": "right",
					"origin": [0, 0, 0],
					"color": 0,
					"children": [68, 69, 70, 71]
				}
			]
		},
		{
			"name": "side pipe",
			"origin": [8, 8, 8],
			"color": 0,
			"children": [72]
		},
		{
			"name": "side pipe",
			"origin": [8, 8, 8],
			"color": 0,
			"children": [73]
		}
	]
}