{
	"credit": "Made with Blockbench",
	"texture_size": [256, 256],
	"textures": {
		"0": "item/amalon/tc/a4/skin_mallard",
		"particle": "item/amalon/tc/a4/skin_mallard"
	},
	"elements": [
		{
			"from": [8, 7, -6.5],
			"to": [8.5, 8.5, -5],
			"faces": {
				"north": {"uv": [4.75, 0, 4.8125, 0.0625], "texture": "#0"},
				"east": {"uv": [4.8125, 0.125, 4.875, 0.1875], "texture": "#0"},
				"south": {"uv": [4.75, 0.125, 4.8125, 0.1875], "texture": "#0"},
				"west": {"uv": [4.75, 0.0625, 4.8125, 0.125], "texture": "#0"},
				"up": {"uv": [4.8125, 0, 4.875, 0.0625], "texture": "#0"},
				"down": {"uv": [4.8125, 0.0625, 4.875, 0.125], "texture": "#0"}
			}
		},
		{
			"name": "rod",
			"from": [8, 7.5, -5],
			"to": [8.5, 8, 22],
			"faces": {
				"east": {"uv": [3.0625, 0.1875, 4.75, 0.25], "texture": "#0"},
				"west": {"uv": [3.0625, 0.0625, 4.75, 0.125], "texture": "#0"},
				"up": {"uv": [3.0625, 0, 4.75, 0.0625], "rotation": 90, "texture": "#0"},
				"down": {"uv": [3.0625, 0.125, 4.75, 0.1875], "rotation": 270, "texture": "#0"}
			}
		},
		{
			"from": [8, 7, 7.75],
			"to": [8.5, 8.5, 9.25],
			"faces": {
				"north": {"uv": [4.75, 0, 4.8125, 0.0625], "texture": "#0"},
				"east": {"uv": [4.8125, 0.125, 4.875, 0.1875], "texture": "#0"},
				"south": {"uv": [4.75, 0.125, 4.8125, 0.1875], "texture": "#0"},
				"west": {"uv": [4.75, 0.0625, 4.8125, 0.125], "texture": "#0"},
				"up": {"uv": [4.8125, 0, 4.875, 0.0625], "texture": "#0"},
				"down": {"uv": [4.8125, 0.0625, 4.875, 0.125], "texture": "#0"}
			}
		},
		{
			"from": [8, 7, 22],
			"to": [8.5, 8.5, 23.5],
			"faces": {
				"north": {"uv": [4.75, 0, 4.8125, 0.0625], "texture": "#0"},
				"east": {"uv": [4.8125, 0.125, 4.875, 0.1875], "texture": "#0"},
				"south": {"uv": [4.75, 0.125, 4.8125, 0.1875], "texture": "#0"},
				"west": {"uv": [4.75, 0.0625, 4.8125, 0.125], "texture": "#0"},
				"up": {"uv": [4.8125, 0, 4.875, 0.0625], "texture": "#0"},
				"down": {"uv": [4.8125, 0.0625, 4.875, 0.125], "texture": "#0"}
			}
		}
	],
	"display": {
		"gui": {
			"rotation": [15, 20, 0],
			"translation": [-0.5, 1, 0],
			"scale": [1.5, 1.5, 1.5]
		},
		"head": {
			"scale": [4, 4, 4]
		}
	},
	"groups": [
		{
			"name": "group",
			"origin": [0, 0, 0],
			"color": 0,
			"children": [0, 1, 2, 3]
		}
	]
}