{
	"credit": "Made with Blockbench",
	"texture_size": [256, 256],
	"textures": {
		"particle": "item/amalon/tc/a4/skin_mallard"
	},
	"elements": [
		{
			"from": [7.3, -2.1, 6],
			"to": [7.8, 1.9, 7],
			"rotation": {"angle": 0, "axis": "y", "origin": [31.9, 8.9, 9.9]},
			"color": 0,
			"faces": {
				"north": {"uv": [0, 0, 0.03125, 0.25], "texture": "#0"},
				"east": {"uv": [0, 0, 0.0625, 0.25], "texture": "#0"},
				"south": {"uv": [0, 0, 0.03125, 0.25], "texture": "#0"},
				"west": {"uv": [0, 0, 0.0625, 0.25], "texture": "#0"},
				"up": {"uv": [0, 0, 0.03125, 0.0625], "texture": "#0"},
				"down": {"uv": [0, 0, 0.03125, 0.0625], "texture": "#0"}
			}
		},
		{
			"from": [7.1, 0.13151, 9.43655],
			"to": [8, 1.13151, 9.83655],
			"rotation": {"angle": 22.5, "axis": "x", "origin": [31.9, 8.9, 9.9]},
			"color": 0,
			"faces": {
				"north": {"uv": [0, 0, 0.05625, 0.0625], "texture": "#0"},
				"east": {"uv": [0, 0, 0.025, 0.0625], "texture": "#0"},
				"south": {"uv": [0, 0, 0.05625, 0.0625], "texture": "#0"},
				"west": {"uv": [0, 0, 0.025, 0.0625], "texture": "#0"},
				"up": {"uv": [0, 0, 0.05625, 0.025], "texture": "#0"},
				"down": {"uv": [0, 0, 0.05625, 0.025], "texture": "#0"}
			}
		},
		{
			"from": [7.1, 7.85152, 8.16013],
			"to": [8, 8.85152, 8.56013],
			"rotation": {"angle": 0, "axis": "y", "origin": [31.9, 8.9, 9.9]},
			"color": 0,
			"faces": {
				"north": {"uv": [0, 0, 0.05625, 0.0625], "texture": "#0"},
				"east": {"uv": [0, 0, 0.025, 0.0625], "texture": "#0"},
				"south": {"uv": [0, 0, 0.05625, 0.0625], "texture": "#0"},
				"west": {"uv": [0, 0, 0.025, 0.0625], "texture": "#0"},
				"up": {"uv": [0, 0, 0.05625, 0.025], "texture": "#0"},
				"down": {"uv": [0, 0, 0.05625, 0.025], "texture": "#0"}
			}
		},
		{
			"from": [7.1, 0.63151, 9.03655],
			"to": [7.3, 5.53151, 9.43655],
			"rotation": {"angle": 22.5, "axis": "x", "origin": [31.9, 8.9, 9.9]},
			"color": 0,
			"faces": {
				"north": {"uv": [0, 0, 0.0125, 0.30625], "texture": "#0"},
				"east": {"uv": [0, 0, 0.025, 0.30625], "texture": "#0"},
				"south": {"uv": [0, 0, 0.0125, 0.30625], "texture": "#0"},
				"west": {"uv": [0, 0, 0.025, 0.30625], "texture": "#0"},
				"up": {"uv": [0, 0, 0.0125, 0.025], "texture": "#0"},
				"down": {"uv": [0, 0, 0.0125, 0.025], "texture": "#0"}
			}
		},
		{
			"from": [7.1, 0.63151, 9.83655],
			"to": [7.3, 5.63151, 10.23655],
			"rotation": {"angle": 22.5, "axis": "x", "origin": [31.9, 8.9, 9.9]},
			"color": 0,
			"faces": {
				"north": {"uv": [0, 0, 0.0125, 0.3125], "texture": "#0"},
				"east": {"uv": [0, 0, 0.025, 0.3125], "texture": "#0"},
				"south": {"uv": [0, 0, 0.0125, 0.3125], "texture": "#0"},
				"west": {"uv": [0, 0, 0.025, 0.3125], "texture": "#0"},
				"up": {"uv": [0, 0, 0.0125, 0.025], "texture": "#0"},
				"down": {"uv": [0, 0, 0.0125, 0.025], "texture": "#0"}
			}
		},
		{
			"from": [7.1, 5.75152, 8.56013],
			"to": [7.3, 8.35152, 8.96013],
			"rotation": {"angle": 0, "axis": "y", "origin": [31.9, 8.9, 9.9]},
			"color": 0,
			"faces": {
				"north": {"uv": [0, 0, 0.0125, 0.1625], "texture": "#0"},
				"east": {"uv": [0, 0, 0.025, 0.1625], "texture": "#0"},
				"south": {"uv": [0, 0, 0.0125, 0.1625], "texture": "#0"},
				"west": {"uv": [0, 0, 0.025, 0.1625], "texture": "#0"},
				"up": {"uv": [0, 0, 0.0125, 0.025], "texture": "#0"},
				"down": {"uv": [0, 0, 0.0125, 0.025], "texture": "#0"}
			}
		},
		{
			"from": [7.1, 5.95152, 7.76013],
			"to": [7.3, 8.35152, 8.16013],
			"rotation": {"angle": 0, "axis": "y", "origin": [31.9, 8.9, 9.9]},
			"color": 0,
			"faces": {
				"north": {"uv": [0, 0, 0.0125, 0.15], "texture": "#0"},
				"east": {"uv": [0, 0, 0.025, 0.15], "texture": "#0"},
				"south": {"uv": [0, 0, 0.0125, 0.15], "texture": "#0"},
				"west": {"uv": [0, 0, 0.025, 0.15], "texture": "#0"},
				"up": {"uv": [0, 0, 0.0125, 0.025], "texture": "#0"},
				"down": {"uv": [0, 0, 0.0125, 0.025], "texture": "#0"}
			}
		},
		{
			"from": [7.8, 0.63151, 9.03655],
			"to": [8, 5.53151, 9.43655],
			"rotation": {"angle": 22.5, "axis": "x", "origin": [31.9, 8.9, 9.9]},
			"color": 0,
			"faces": {
				"north": {"uv": [0, 0, 0.0125, 0.30625], "texture": "#0"},
				"east": {"uv": [0, 0, 0.025, 0.30625], "texture": "#0"},
				"south": {"uv": [0, 0, 0.0125, 0.30625], "texture": "#0"},
				"west": {"uv": [0, 0, 0.025, 0.30625], "texture": "#0"},
				"up": {"uv": [0, 0, 0.0125, 0.025], "texture": "#0"},
				"down": {"uv": [0, 0, 0.0125, 0.025], "texture": "#0"}
			}
		},
		{
			"from": [7.8, 0.63151, 9.83655],
			"to": [8, 5.63151, 10.23655],
			"rotation": {"angle": 22.5, "axis": "x", "origin": [31.9, 8.9, 9.9]},
			"color": 0,
			"faces": {
				"north": {"uv": [0, 0, 0.0125, 0.3125], "texture": "#0"},
				"east": {"uv": [0, 0, 0.025, 0.3125], "texture": "#0"},
				"south": {"uv": [0, 0, 0.0125, 0.3125], "texture": "#0"},
				"west": {"uv": [0, 0, 0.025, 0.3125], "texture": "#0"},
				"up": {"uv": [0, 0, 0.0125, 0.025], "texture": "#0"},
				"down": {"uv": [0, 0, 0.0125, 0.025], "texture": "#0"}
			}
		},
		{
			"from": [7.8, 5.75152, 8.56013],
			"to": [8, 8.35152, 8.96013],
			"rotation": {"angle": 0, "axis": "y", "origin": [31.9, 8.9, 9.9]},
			"color": 0,
			"faces": {
				"north": {"uv": [0, 0, 0.0125, 0.1625], "texture": "#0"},
				"east": {"uv": [0, 0, 0.025, 0.1625], "texture": "#0"},
				"south": {"uv": [0, 0, 0.0125, 0.1625], "texture": "#0"},
				"west": {"uv": [0, 0, 0.025, 0.1625], "texture": "#0"},
				"up": {"uv": [0, 0, 0.0125, 0.025], "texture": "#0"},
				"down": {"uv": [0, 0, 0.0125, 0.025], "texture": "#0"}
			}
		},
		{
			"from": [7.8, 5.95152, 7.76013],
			"to": [8, 8.35152, 8.16013],
			"rotation": {"angle": 0, "axis": "y", "origin": [31.9, 8.9, 9.9]},
			"color": 0,
			"faces": {
				"north": {"uv": [0, 0, 0.0125, 0.15], "texture": "#0"},
				"east": {"uv": [0, 0, 0.025, 0.15], "texture": "#0"},
				"south": {"uv": [0, 0, 0.0125, 0.15], "texture": "#0"},
				"west": {"uv": [0, 0, 0.025, 0.15], "texture": "#0"},
				"up": {"uv": [0, 0, 0.0125, 0.025], "texture": "#0"},
				"down": {"uv": [0, 0, 0.0125, 0.025], "texture": "#0"}
			}
		}
	],
	"display": {
		"gui": {
			"rotation": [45, 45, 0],
			"translation": [1.25, 6.5, 0],
			"scale": [2, 2, 2]
		},
		"head": {
			"scale": [2, 2, 2]
		}
	},
	"groups": [
		{
			"name": "expansion link",
			"origin": [0, 5, 7],
			"color": 0,
			"children": [
				0,
				1,
				2,
				{
					"name": "group",
					"origin": [0, 1.5, 16.5],
					"color": 0,
					"children": [3, 4, 5, 6]
				},
				{
					"name": "group",
					"origin": [0, 1.5, 16.5],
					"color": 0,
					"children": [7, 8, 9, 10]
				}
			]
		}
	]
}