{
	"credit": "Made with Blockbench",
	"texture_size": [256, 256],
	"textures": {
		"0": "item/amalon/tc/a4/skin_mallard",
		"particle": "item/amalon/tc/a4/skin_mallard"
	},
	"elements": [
		{
			"from": [-0.4, 4.75, 17.5],
			"to": [-0.15, 5.25, 19.5],
			"rotation": {"angle": 0, "axis": "x", "origin": [8, 5, 6]},
			"color": 0,
			"faces": {
				"north": {"uv": [0, 0, 0.03125, 0.0625], "texture": "#0"},
				"east": {"uv": [0, 0, 0.25, 0.0625], "texture": "#0"},
				"south": {"uv": [0, 0, 0.03125, 0.0625], "texture": "#0"},
				"west": {"uv": [0, 0, 0.25, 0.0625], "texture": "#0"},
				"up": {"uv": [0, 0, 0.03125, 0.25], "texture": "#0"},
				"down": {"uv": [0, 0, 0.03125, 0.25], "texture": "#0"}
			}
		},
		{
			"from": [-0.3, 4.75, 17.3],
			"to": [-0.05, 5.25, 17.5],
			"rotation": {"angle": 0, "axis": "x", "origin": [8, 5, 6]},
			"color": 0,
			"faces": {
				"north": {"uv": [0, 0, 0.03125, 0.0625], "texture": "#0"},
				"east": {"uv": [0, 0, 0.025, 0.0625], "texture": "#0"},
				"south": {"uv": [0, 0, 0.03125, 0.0625], "texture": "#0"},
				"west": {"uv": [0, 0, 0.025, 0.0625], "texture": "#0"},
				"up": {"uv": [0, 0, 0.03125, 0.025], "texture": "#0"},
				"down": {"uv": [0, 0, 0.03125, 0.025], "texture": "#0"}
			}
		},
		{
			"from": [-0.05, 4.75, 7.8],
			"to": [0.2, 5.25, 19.5],
			"rotation": {"angle": 0, "axis": "x", "origin": [8, 5, 6]},
			"color": 0,
			"faces": {
				"north": {"uv": [0, 0, 0.03125, 0.0625], "texture": "#0"},
				"east": {"uv": [0, 0, 1.4625, 0.0625], "texture": "#0"},
				"south": {"uv": [0, 0, 0.03125, 0.0625], "texture": "#0"},
				"west": {"uv": [0, 0, 1.4625, 0.0625], "texture": "#0"},
				"up": {"uv": [0, 0, 0.03125, 1.4625], "texture": "#0"},
				"down": {"uv": [0, 0, 0.03125, 1.4625], "texture": "#0"}
			}
		},
		{
			"name": "pin",
			"from": [-0.55, 4.925, 18.425],
			"to": [0.2, 5.075, 18.575],
			"rotation": {"angle": 0, "axis": "x", "origin": [8, 5, 6]},
			"faces": {
				"north": {"uv": [0, 0, 0.09375, 0.01875], "texture": "#0"},
				"east": {"uv": [0, 0, 0.01875, 0.01875], "texture": "#0"},
				"south": {"uv": [0, 0, 0.09375, 0.01875], "texture": "#0"},
				"west": {"uv": [1.4375, 0.375, 1.51875, 0.45625], "texture": "#0"},
				"up": {"uv": [0, 0, 0.09375, 0.01875], "texture": "#0"},
				"down": {"uv": [0, 0, 0.09375, 0.01875], "texture": "#0"}
			}
		},
		{
			"from": [-0.3, 4.65, 19.3],
			"to": [0.1, 4.9, 21.5],
			"rotation": {"angle": 0, "axis": "x", "origin": [8, 5, 6]},
			"color": 0,
			"faces": {
				"north": {"uv": [0, 0, 0.05, 0.03125], "texture": "#0"},
				"east": {"uv": [0, 0, 0.2125, 0.03125], "texture": "#0"},
				"south": {"uv": [0, 0, 0.05, 0.03125], "texture": "#0"},
				"west": {"uv": [0, 0, 0.2125, 0.03125], "texture": "#0"},
				"up": {"uv": [0, 0, 0.05, 0.2125], "texture": "#0"},
				"down": {"uv": [0, 0, 0.05, 0.2125], "texture": "#0"}
			}
		},
		{
			"from": [-0.3, 5.1, 19.3],
			"to": [0.1, 5.35, 21.5],
			"rotation": {"angle": 0, "axis": "x", "origin": [8, 5, 6]},
			"color": 0,
			"faces": {
				"north": {"uv": [0, 0, 0.05, 0.03125], "texture": "#0"},
				"east": {"uv": [0, 0, 0.2125, 0.03125], "texture": "#0"},
				"south": {"uv": [0, 0, 0.05, 0.03125], "texture": "#0"},
				"west": {"uv": [0, 0, 0.2125, 0.03125], "texture": "#0"},
				"up": {"uv": [0, 0, 0.05, 0.2125], "texture": "#0"},
				"down": {"uv": [0, 0, 0.05, 0.2125], "texture": "#0"}
			}
		},
		{
			"from": [-0.3, 4.65, 21.5],
			"to": [0.1, 5.35, 21.75],
			"rotation": {"angle": 0, "axis": "x", "origin": [8, 5, 6]},
			"color": 0,
			"faces": {
				"north": {"uv": [0, 0, 0.05, 0.0875], "texture": "#0"},
				"east": {"uv": [0, 0, 0.03125, 0.0875], "texture": "#0"},
				"south": {"uv": [0, 0, 0.05, 0.0875], "texture": "#0"},
				"west": {"uv": [0, 0, 0.03125, 0.0875], "texture": "#0"},
				"up": {"uv": [0, 0, 0.05, 0.03125], "texture": "#0"},
				"down": {"uv": [0, 0, 0.05, 0.03125], "texture": "#0"}
			}
		}
	],
	"display": {
		"gui": {
			"rotation": [20, 22, 0],
			"translation": [12.25, 15.25, 0],
			"scale": [2.5, 2.5, 2.5]
		},
		"head": {
			"scale": [4, 4, 4]
		}
	},
	"groups": [
		{
			"name": "extension rod",
			"origin": [0, 5, 7],
			"color": 0,
			"children": [
				{
					"name": "group",
					"origin": [0, -0.5, 5.4],
					"color": 0,
					"children": [0, 1, 2, 3]
				},
				{
					"name": "group",
					"origin": [0, -0.5, 5.4],
					"color": 0,
					"children": [4, 5, 6]
				}
			]
		}
	]
}