{
	"credit": "Made with Blockbench",
	"texture_size": [256, 256],
	"textures": {
		"0": "item/amalon/tc/a4/skin_mallard",
		"particle": "item/amalon/tc/a4/skin_mallard"
	},
	"elements": [
		{
			"from": [-10, -3, -16],
			"to": [26, 0, 32],
			"faces": {
				"east": {"uv": [11.5, 4.125, 14.5, 4.3125], "texture": "#0"},
				"south": {"uv": [2.25, 5.625, 4.5, 5.75], "texture": "#0"},
				"west": {"uv": [11.6875, 5.9375, 14.6875, 6.125], "texture": "#0"}
			}
		},
		{
			"from": [-9, 24, -16],
			"to": [-7, 25, 32],
			"faces": {
				"north": {"uv": [2.125, 3.75, 2.1875, 3.8125], "texture": "#0"},
				"east": {"uv": [0, 0.75, 0.0625, 0.8125], "texture": "#0"},
				"south": {"uv": [2.3125, 3.75, 2.375, 3.8125], "texture": "#0"},
				"west": {"uv": [11.6875, 4.375, 14.6875, 4.4375], "texture": "#0"},
				"up": {"uv": [0.6875, 3.0625, 2.625, 3.125], "rotation": 90, "texture": "#0"},
				"down": {"uv": [0, 0.75, 0.0625, 0.8125], "rotation": 270, "texture": "#0"}
			}
		},
		{
			"from": [-7, 25, -16],
			"to": [-5, 26, 32],
			"faces": {
				"north": {"uv": [2, 3.6875, 2.0625, 3.75], "texture": "#0"},
				"east": {"uv": [0, 0.75, 0.0625, 0.8125], "texture": "#0"},
				"south": {"uv": [2.4375, 3.6875, 2.5, 3.75], "texture": "#0"},
				"west": {"uv": [11.6875, 4.3125, 14.6875, 4.375], "texture": "#0"},
				"up": {"uv": [0.625, 2.9375, 2.625, 3], "rotation": 90, "texture": "#0"},
				"down": {"uv": [0, 0.75, 0.0625, 0.8125], "rotation": 270, "texture": "#0"}
			}
		},
		{
			"from": [-10, 0, -16],
			"to": [-9, 24, 32],
			"faces": {
				"north": {"uv": [11.625, 4.4375, 11.6875, 5.9375], "texture": "#0"},
				"east": {"uv": [0, 0.75, 0.0625, 0.8125], "texture": "#0"},
				"south": {"uv": [14.6875, 4.4375, 14.75, 5.9375], "texture": "#0"},
				"west": {"uv": [11.6875, 4.4375, 14.6875, 5.9375], "texture": "#0"},
				"up": {"uv": [0.75, 3.125, 2.625, 3.1875], "rotation": 90, "texture": "#0"},
				"down": {"uv": [3.375, 0.9375, 5.25, 1], "rotation": 270, "texture": "#0"}
			}
		},
		{
			"from": [23, 24, -16],
			"to": [25, 25, 32],
			"rotation": {"angle": 0, "axis": "y", "origin": [16, 0, 0]},
			"faces": {
				"north": {"uv": [2.1875, 3.75, 2.125, 3.8125], "texture": "#0"},
				"east": {"uv": [11.5, 2.5625, 14.5, 2.625], "texture": "#0"},
				"south": {"uv": [2.375, 3.75, 2.3125, 3.8125], "texture": "#0"},
				"west": {"uv": [0, 0.75, 0.0625, 0.8125], "texture": "#0"},
				"up": {"uv": [0.6875, 3.125, 2.625, 3.0625], "rotation": 90, "texture": "#0"},
				"down": {"uv": [0, 0.75, 0.0625, 0.8125], "rotation": 270, "texture": "#0"}
			}
		},
		{
			"from": [21, 25, -16],
			"to": [23, 26, 32],
			"rotation": {"angle": 0, "axis": "y", "origin": [16, 0, 0]},
			"faces": {
				"north": {"uv": [2.0625, 3.6875, 2, 3.75], "texture": "#0"},
				"east": {"uv": [11.5, 2.5, 14.5, 2.5625], "texture": "#0"},
				"south": {"uv": [2.5, 3.6875, 2.4375, 3.75], "texture": "#0"},
				"west": {"uv": [0, 0.75, 0.0625, 0.8125], "texture": "#0"},
				"up": {"uv": [0.625, 3, 2.625, 2.9375], "rotation": 90, "texture": "#0"},
				"down": {"uv": [0, 0.75, 0.0625, 0.8125], "rotation": 270, "texture": "#0"}
			}
		},
		{
			"from": [25, 0, -16],
			"to": [26, 24, 32],
			"rotation": {"angle": 0, "axis": "y", "origin": [16, 0, 0]},
			"faces": {
				"north": {"uv": [14.5625, 2.625, 14.5, 4.125], "texture": "#0"},
				"east": {"uv": [11.5, 2.625, 14.5, 4.125], "texture": "#0"},
				"south": {"uv": [11.5, 2.625, 11.4375, 4.125], "texture": "#0"},
				"west": {"uv": [0.0625, 0.75, 0, 0.8125], "texture": "#0"},
				"up": {"uv": [0.75, 3.1875, 2.625, 3.125], "rotation": 90, "texture": "#0"},
				"down": {"uv": [3.375, 1, 5.25, 0.9375], "rotation": 270, "texture": "#0"}
			}
		},
		{
			"from": [1, 29, 30],
			"to": [15, 30, 31],
			"faces": {
				"north": {"uv": [0.0625, 0.75, 0, 0.8125], "texture": "#0"},
				"east": {"uv": [0.0625, 0.75, 0, 0.8125], "texture": "#0"},
				"south": {"uv": [0.0625, 0.75, 0, 0.8125], "texture": "#0"},
				"west": {"uv": [0.0625, 0.75, 0, 0.8125], "texture": "#0"},
				"up": {"uv": [0.0625, 0.75, 0, 0.8125], "rotation": 90, "texture": "#0"}
			}
		},
		{
			"from": [-1, 28, 30],
			"to": [17, 29, 31],
			"faces": {
				"north": {"uv": [0.0625, 0.75, 0, 0.8125], "texture": "#0"},
				"east": {"uv": [0.0625, 0.75, 0, 0.8125], "texture": "#0"},
				"south": {"uv": [0.0625, 0.75, 0, 0.8125], "texture": "#0"},
				"west": {"uv": [0.0625, 0.75, 0, 0.8125], "texture": "#0"},
				"up": {"uv": [0.0625, 0.75, 0, 0.8125], "rotation": 90, "texture": "#0"}
			}
		},
		{
			"from": [-3, 27, 30],
			"to": [19, 28, 31],
			"faces": {
				"north": {"uv": [0.0625, 0.75, 0, 0.8125], "texture": "#0"},
				"east": {"uv": [0.0625, 0.75, 0, 0.8125], "texture": "#0"},
				"south": {"uv": [0.0625, 0.75, 0, 0.8125], "texture": "#0"},
				"west": {"uv": [0.0625, 0.75, 0, 0.8125], "texture": "#0"},
				"up": {"uv": [0.0625, 0.75, 0, 0.8125], "rotation": 90, "texture": "#0"}
			}
		},
		{
			"from": [-5, 25, 30],
			"to": [21, 27, 31],
			"faces": {
				"north": {"uv": [0.0625, 0.75, 0, 0.8125], "texture": "#0"},
				"east": {"uv": [0.0625, 0.75, 0, 0.8125], "texture": "#0"},
				"south": {"uv": [0.0625, 0.75, 0, 0.8125], "texture": "#0"},
				"west": {"uv": [0.0625, 0.75, 0, 0.8125], "texture": "#0"},
				"up": {"uv": [0.0625, 0.75, 0, 0.8125], "rotation": 90, "texture": "#0"}
			}
		},
		{
			"from": [-7, 24, 30],
			"to": [23, 25, 31],
			"faces": {
				"north": {"uv": [0.0625, 0.75, 0, 0.8125], "texture": "#0"},
				"south": {"uv": [0.0625, 0.75, 0, 0.8125], "texture": "#0"},
				"up": {"uv": [0.0625, 0.75, 0, 0.8125], "rotation": 90, "texture": "#0"}
			}
		},
		{
			"from": [-9, 17, 30],
			"to": [25, 24, 31],
			"faces": {
				"south": {"uv": [0.0625, 0.75, 0, 0.8125], "texture": "#0"},
				"up": {"uv": [0.0625, 0.75, 0, 0.8125], "rotation": 90, "texture": "#0"}
			}
		},
		{
			"from": [-9, 0, 30],
			"to": [25, 17, 32],
			"faces": {
				"up": {"uv": [0.0625, 0.75, 0, 0.8125], "rotation": 90, "texture": "#0"}
			}
		},
		{
			"from": [-7, 17, -16],
			"to": [23, 24, 30],
			"faces": {
				"up": {"uv": [8, 8.5, 10.875, 10.375], "rotation": 90, "texture": "#0"}
			}
		},
		{
			"from": [-4, 24, -16],
			"to": [20, 25, 30],
			"faces": {
				"north": {"uv": [8, 8.6875, 8.0625, 10.1875], "rotation": 270, "texture": "#0"},
				"east": {"uv": [12.375, 2.4375, 15.25, 2.5], "texture": "#0"},
				"west": {"uv": [8, 10.5625, 10.875, 10.625], "texture": "#0"},
				"up": {"uv": [8, 8.6875, 10.875, 10.1875], "rotation": 90, "texture": "#0"}
			}
		},
		{
			"from": [-3, 25, -16],
			"to": [19, 26, 29],
			"faces": {
				"north": {"uv": [8, 8.75, 8.0625, 10.125], "rotation": 270, "texture": "#0"},
				"east": {"uv": [12.4375, 2.375, 15.25, 2.4375], "texture": "#0"},
				"south": {"uv": [11, 8.8125, 11.0625, 10], "rotation": 90, "texture": "#0"},
				"west": {"uv": [8, 10.5, 10.8125, 10.5625], "texture": "#0"},
				"up": {"uv": [8, 8.75, 10.8125, 10.125], "rotation": 90, "texture": "#0"}
			}
		},
		{
			"from": [-1, 26, -16],
			"to": [17, 27, 28],
			"faces": {
				"north": {"uv": [8, 8.875, 8.0625, 10], "rotation": 270, "texture": "#0"},
				"east": {"uv": [12.5, 2.3125, 15.25, 2.375], "texture": "#0"},
				"south": {"uv": [10.9375, 8.875, 11, 9.9375], "rotation": 90, "texture": "#0"},
				"west": {"uv": [8, 10.4375, 10.75, 10.5], "texture": "#0"},
				"up": {"uv": [8, 8.875, 10.75, 10], "rotation": 90, "texture": "#0"}
			}
		},
		{
			"from": [2, 27, -16],
			"to": [14, 28, 23],
			"faces": {
				"north": {"uv": [8, 9.0625, 8.0625, 9.8125], "rotation": 270, "texture": "#0"},
				"east": {"uv": [12.8125, 2.25, 15.25, 2.3125], "texture": "#0"},
				"south": {"uv": [10.875, 9.0625, 10.9375, 9.8125], "rotation": 90, "texture": "#0"},
				"west": {"uv": [8, 10.375, 10.4375, 10.4375], "texture": "#0"},
				"up": {"uv": [8, 9.0625, 10.4375, 9.8125], "rotation": 90, "texture": "#0"}
			}
		},
		{
			"from": [-11, -4, -16],
			"to": [27, -3, 32],
			"rotation": {"angle": 0, "axis": "y", "origin": [0, 0, -24]},
			"faces": {
				"north": {"uv": [0, 0.75, 0.0625, 0.8125], "texture": "#0"},
				"east": {"uv": [0, 0.75, 0.0625, 0.8125], "texture": "#0"},
				"south": {"uv": [0, 0.75, 0.0625, 0.8125], "texture": "#0"},
				"west": {"uv": [0, 0.75, 0.0625, 0.8125], "texture": "#0"},
				"up": {"uv": [0, 0.75, 0.0625, 0.8125], "texture": "#0"},
				"down": {"uv": [0, 0.75, 0.0625, 0.8125], "texture": "#0"}
			}
		},
		{
			"from": [-3, -6, -16],
			"to": [19, -4, 32],
			"rotation": {"angle": 0, "axis": "y", "origin": [0, 0, -24]},
			"faces": {
				"north": {"uv": [0, 0.75, 0.0625, 0.8125], "texture": "#0"},
				"east": {"uv": [0, 0.75, 0.0625, 0.8125], "texture": "#0"},
				"south": {"uv": [0, 0.75, 0.0625, 0.8125], "texture": "#0"},
				"west": {"uv": [0, 0.75, 0.0625, 0.8125], "texture": "#0"},
				"down": {"uv": [0, 0.75, 0.0625, 0.8125], "texture": "#0"}
			}
		},
		{
			"from": [-3, -11, -1],
			"to": [-2, -6, 18.5],
			"rotation": {"angle": 0, "axis": "y", "origin": [0, 0, -24]},
			"faces": {
				"north": {"uv": [0, 0.75, 0.0625, 0.8125], "texture": "#0"},
				"east": {"uv": [0, 0.75, 0.0625, 0.8125], "texture": "#0"},
				"south": {"uv": [0, 0.75, 0.0625, 0.8125], "texture": "#0"},
				"west": {"uv": [0, 0.75, 0.0625, 0.8125], "texture": "#0"},
				"up": {"uv": [0, 0.75, 0.0625, 0.8125], "texture": "#0"},
				"down": {"uv": [0, 0.75, 0.0625, 0.8125], "texture": "#0"}
			}
		},
		{
			"from": [-3, -11, -16],
			"to": [-2, -6, -4],
			"rotation": {"angle": 0, "axis": "y", "origin": [0, 0, 40]},
			"faces": {
				"north": {"uv": [0.0625, 0.75, 0, 0.8125], "texture": "#0"},
				"east": {"uv": [0.0625, 0.75, 0, 0.8125], "texture": "#0"},
				"south": {"uv": [0.0625, 0.75, 0, 0.8125], "texture": "#0"},
				"west": {"uv": [0.0625, 0.75, 0, 0.8125], "texture": "#0"},
				"up": {"uv": [0, 0.8125, 0.0625, 0.75], "texture": "#0"},
				"down": {"uv": [0, 0.8125, 0.0625, 0.75], "texture": "#0"}
			}
		},
		{
			"from": [-3, -11, 21.5],
			"to": [-2, -6, 32],
			"rotation": {"angle": 0, "axis": "y", "origin": [0, 0, 40]},
			"faces": {
				"north": {"uv": [0.0625, 0.75, 0, 0.8125], "texture": "#0"},
				"east": {"uv": [0.0625, 0.75, 0, 0.8125], "texture": "#0"},
				"south": {"uv": [0.0625, 0.75, 0, 0.8125], "texture": "#0"},
				"west": {"uv": [0.0625, 0.75, 0, 0.8125], "texture": "#0"},
				"up": {"uv": [0, 0.8125, 0.0625, 0.75], "texture": "#0"},
				"down": {"uv": [0, 0.8125, 0.0625, 0.75], "texture": "#0"}
			}
		},
		{
			"from": [-3, -12, 3],
			"to": [-2, -11, 4],
			"rotation": {"angle": 0, "axis": "y", "origin": [0, 0, -24]},
			"faces": {
				"north": {"uv": [0, 0.75, 0.0625, 0.8125], "texture": "#0"},
				"east": {"uv": [0, 0.75, 0.0625, 0.8125], "texture": "#0"},
				"south": {"uv": [0, 0.75, 0.0625, 0.8125], "texture": "#0"},
				"west": {"uv": [0, 0.75, 0.0625, 0.8125], "texture": "#0"},
				"up": {"uv": [0, 0.75, 0.0625, 0.8125], "texture": "#0"},
				"down": {"uv": [0, 0.75, 0.0625, 0.8125], "texture": "#0"}
			}
		},
		{
			"from": [-3, -13, 2],
			"to": [-2, -11, 3],
			"rotation": {"angle": 0, "axis": "y", "origin": [0, 0, -24]},
			"faces": {
				"north": {"uv": [0, 0.75, 0.0625, 0.8125], "texture": "#0"},
				"east": {"uv": [0, 0.75, 0.0625, 0.8125], "texture": "#0"},
				"south": {"uv": [0, 0.75, 0.0625, 0.8125], "texture": "#0"},
				"west": {"uv": [0, 0.75, 0.0625, 0.8125], "texture": "#0"},
				"up": {"uv": [0, 0.75, 0.0625, 0.8125], "texture": "#0"},
				"down": {"uv": [0, 0.75, 0.0625, 0.8125], "texture": "#0"}
			}
		},
		{
			"from": [-3, -15, -1],
			"to": [-2, -11, 2],
			"rotation": {"angle": 0, "axis": "y", "origin": [0, 0, -24]},
			"faces": {
				"north": {"uv": [0, 0.75, 0.0625, 0.8125], "texture": "#0"},
				"east": {"uv": [0, 0.75, 0.0625, 0.8125], "texture": "#0"},
				"south": {"uv": [0, 0.75, 0.0625, 0.8125], "texture": "#0"},
				"west": {"uv": [0, 0.75, 0.0625, 0.8125], "texture": "#0"},
				"up": {"uv": [0, 0.75, 0.0625, 0.8125], "texture": "#0"},
				"down": {"uv": [0, 0.75, 0.0625, 0.8125], "texture": "#0"}
			}
		},
		{
			"from": [-4, -16, -6],
			"to": [-2, -15, 1],
			"rotation": {"angle": 0, "axis": "y", "origin": [0, 0, -24]},
			"faces": {
				"north": {"uv": [0, 0.75, 0.0625, 0.8125], "texture": "#0"},
				"east": {"uv": [0, 0.75, 0.0625, 0.8125], "texture": "#0"},
				"south": {"uv": [0, 0.75, 0.0625, 0.8125], "texture": "#0"},
				"west": {"uv": [0, 0.75, 0.0625, 0.8125], "texture": "#0"},
				"up": {"uv": [0, 0.75, 0.0625, 0.8125], "texture": "#0"},
				"down": {"uv": [0, 0.75, 0.0625, 0.8125], "texture": "#0"}
			}
		},
		{
			"from": [-3, -15, -7],
			"to": [-2, -11, -4],
			"rotation": {"angle": 0, "axis": "y", "origin": [0, 0, 40]},
			"faces": {
				"north": {"uv": [0.0625, 0.75, 0, 0.8125], "texture": "#0"},
				"east": {"uv": [0.0625, 0.75, 0, 0.8125], "texture": "#0"},
				"south": {"uv": [0.0625, 0.75, 0, 0.8125], "texture": "#0"},
				"west": {"uv": [0.0625, 0.75, 0, 0.8125], "texture": "#0"},
				"up": {"uv": [0, 0.8125, 0.0625, 0.75], "texture": "#0"},
				"down": {"uv": [0, 0.8125, 0.0625, 0.75], "texture": "#0"}
			}
		},
		{
			"from": [-3, -13, -8],
			"to": [-2, -11, -7],
			"rotation": {"angle": 0, "axis": "y", "origin": [0, 0, 40]},
			"faces": {
				"north": {"uv": [0.0625, 0.75, 0, 0.8125], "texture": "#0"},
				"east": {"uv": [0.0625, 0.75, 0, 0.8125], "texture": "#0"},
				"south": {"uv": [0.0625, 0.75, 0, 0.8125], "texture": "#0"},
				"west": {"uv": [0.0625, 0.75, 0, 0.8125], "texture": "#0"},
				"up": {"uv": [0, 0.8125, 0.0625, 0.75], "texture": "#0"},
				"down": {"uv": [0, 0.8125, 0.0625, 0.75], "texture": "#0"}
			}
		},
		{
			"from": [-3, -12, -9],
			"to": [-2, -11, -8],
			"rotation": {"angle": 0, "axis": "y", "origin": [0, 0, 40]},
			"faces": {
				"north": {"uv": [0.0625, 0.75, 0, 0.8125], "texture": "#0"},
				"east": {"uv": [0.0625, 0.75, 0, 0.8125], "texture": "#0"},
				"south": {"uv": [0.0625, 0.75, 0, 0.8125], "texture": "#0"},
				"west": {"uv": [0.0625, 0.75, 0, 0.8125], "texture": "#0"},
				"up": {"uv": [0, 0.8125, 0.0625, 0.75], "texture": "#0"},
				"down": {"uv": [0, 0.8125, 0.0625, 0.75], "texture": "#0"}
			}
		},
		{
			"from": [-3, -12, 13.5],
			"to": [-2, -11, 14.5],
			"rotation": {"angle": 0, "axis": "y", "origin": [0, 0, 40]},
			"faces": {
				"north": {"uv": [0.0625, 0.75, 0, 0.8125], "texture": "#0"},
				"east": {"uv": [0.0625, 0.75, 0, 0.8125], "texture": "#0"},
				"south": {"uv": [0.0625, 0.75, 0, 0.8125], "texture": "#0"},
				"west": {"uv": [0.0625, 0.75, 0, 0.8125], "texture": "#0"},
				"up": {"uv": [0, 0.8125, 0.0625, 0.75], "texture": "#0"},
				"down": {"uv": [0, 0.8125, 0.0625, 0.75], "texture": "#0"}
			}
		},
		{
			"from": [-3, -13, 14.5],
			"to": [-2, -11, 15.5],
			"rotation": {"angle": 0, "axis": "y", "origin": [0, 0, 40]},
			"faces": {
				"north": {"uv": [0.0625, 0.75, 0, 0.8125], "texture": "#0"},
				"east": {"uv": [0.0625, 0.75, 0, 0.8125], "texture": "#0"},
				"south": {"uv": [0.0625, 0.75, 0, 0.8125], "texture": "#0"},
				"west": {"uv": [0.0625, 0.75, 0, 0.8125], "texture": "#0"},
				"up": {"uv": [0, 0.8125, 0.0625, 0.75], "texture": "#0"},
				"down": {"uv": [0, 0.8125, 0.0625, 0.75], "texture": "#0"}
			}
		},
		{
			"from": [-3, -15, 15.5],
			"to": [-2, -11, 18.5],
			"rotation": {"angle": 0, "axis": "y", "origin": [0, 0, 40]},
			"faces": {
				"north": {"uv": [0.0625, 0.75, 0, 0.8125], "texture": "#0"},
				"east": {"uv": [0.0625, 0.75, 0, 0.8125], "texture": "#0"},
				"south": {"uv": [0.0625, 0.75, 0, 0.8125], "texture": "#0"},
				"west": {"uv": [0.0625, 0.75, 0, 0.8125], "texture": "#0"},
				"up": {"uv": [0, 0.8125, 0.0625, 0.75], "texture": "#0"},
				"down": {"uv": [0, 0.8125, 0.0625, 0.75], "texture": "#0"}
			}
		},
		{
			"from": [-4, -16, 16.5],
			"to": [-2, -15, 23.5],
			"rotation": {"angle": 0, "axis": "y", "origin": [0, 0, -24]},
			"faces": {
				"north": {"uv": [0, 0.75, 0.0625, 0.8125], "texture": "#0"},
				"east": {"uv": [0, 0.75, 0.0625, 0.8125], "texture": "#0"},
				"south": {"uv": [0, 0.75, 0.0625, 0.8125], "texture": "#0"},
				"west": {"uv": [0, 0.75, 0.0625, 0.8125], "texture": "#0"},
				"up": {"uv": [0, 0.75, 0.0625, 0.8125], "texture": "#0"},
				"down": {"uv": [0, 0.75, 0.0625, 0.8125], "texture": "#0"}
			}
		},
		{
			"from": [-3, -15, 21.5],
			"to": [-2, -11, 24.5],
			"rotation": {"angle": 0, "axis": "y", "origin": [0, 0, -24]},
			"faces": {
				"north": {"uv": [0, 0.75, 0.0625, 0.8125], "texture": "#0"},
				"east": {"uv": [0, 0.75, 0.0625, 0.8125], "texture": "#0"},
				"south": {"uv": [0, 0.75, 0.0625, 0.8125], "texture": "#0"},
				"west": {"uv": [0, 0.75, 0.0625, 0.8125], "texture": "#0"},
				"up": {"uv": [0, 0.75, 0.0625, 0.8125], "texture": "#0"},
				"down": {"uv": [0, 0.75, 0.0625, 0.8125], "texture": "#0"}
			}
		},
		{
			"from": [-3, -13, 24.5],
			"to": [-2, -11, 25.5],
			"rotation": {"angle": 0, "axis": "y", "origin": [0, 0, -24]},
			"faces": {
				"north": {"uv": [0, 0.75, 0.0625, 0.8125], "texture": "#0"},
				"east": {"uv": [0, 0.75, 0.0625, 0.8125], "texture": "#0"},
				"south": {"uv": [0, 0.75, 0.0625, 0.8125], "texture": "#0"},
				"west": {"uv": [0, 0.75, 0.0625, 0.8125], "texture": "#0"},
				"up": {"uv": [0, 0.75, 0.0625, 0.8125], "texture": "#0"},
				"down": {"uv": [0, 0.75, 0.0625, 0.8125], "texture": "#0"}
			}
		},
		{
			"from": [-3, -12, 25.5],
			"to": [-2, -11, 26.5],
			"rotation": {"angle": 0, "axis": "y", "origin": [0, 0, -24]},
			"faces": {
				"north": {"uv": [0, 0.75, 0.0625, 0.8125], "texture": "#0"},
				"east": {"uv": [0, 0.75, 0.0625, 0.8125], "texture": "#0"},
				"south": {"uv": [0, 0.75, 0.0625, 0.8125], "texture": "#0"},
				"west": {"uv": [0, 0.75, 0.0625, 0.8125], "texture": "#0"},
				"up": {"uv": [0, 0.75, 0.0625, 0.8125], "texture": "#0"},
				"down": {"uv": [0, 0.75, 0.0625, 0.8125], "texture": "#0"}
			}
		},
		{
			"from": [-6.5, -11, -16],
			"to": [-3, -9, -14.5],
			"rotation": {"angle": 0, "axis": "y", "origin": [0, -16, -24]},
			"faces": {
				"north": {"uv": [0, 0.75, 0.0625, 0.8125], "texture": "#0"},
				"south": {"uv": [0, 0.75, 0.0625, 0.8125], "texture": "#0"},
				"west": {"uv": [0, 0.75, 0.0625, 0.8125], "texture": "#0"},
				"up": {"uv": [0, 0.75, 0.0625, 0.8125], "texture": "#0"},
				"down": {"uv": [0, 0.75, 0.0625, 0.8125], "texture": "#0"}
			}
		},
		{
			"from": [-5.5, -12, -16],
			"to": [-4.5, -5, -15.5],
			"rotation": {"angle": 0, "axis": "y", "origin": [0, -16, -24]},
			"faces": {
				"north": {"uv": [0, 0.75, 0.0625, 0.8125], "texture": "#0"},
				"east": {"uv": [0, 0.75, 0.0625, 0.8125], "texture": "#0"},
				"south": {"uv": [0, 0.75, 0.0625, 0.8125], "texture": "#0"},
				"west": {"uv": [0, 0.75, 0.0625, 0.8125], "texture": "#0"},
				"up": {"uv": [0, 0.75, 0.0625, 0.8125], "texture": "#0"},
				"down": {"uv": [0, 0.75, 0.0625, 0.8125], "texture": "#0"}
			}
		},
		{
			"from": [-6, -8, -3],
			"to": [-4, -7.5, -1],
			"rotation": {"angle": 0, "axis": "y", "origin": [0, -16, -24]},
			"faces": {
				"north": {"uv": [0, 0.75, 0.0625, 0.8125], "texture": "#0"},
				"east": {"uv": [0, 0.75, 0.0625, 0.8125], "texture": "#0"},
				"south": {"uv": [0, 0.75, 0.0625, 0.8125], "texture": "#0"},
				"west": {"uv": [0, 0.75, 0.0625, 0.8125], "texture": "#0"},
				"down": {"uv": [0, 0.75, 0.0625, 0.8125], "texture": "#0"}
			}
		},
		{
			"from": [-6, -7.5, -5],
			"to": [-4, -7, 1],
			"rotation": {"angle": 0, "axis": "y", "origin": [0, -16, -24]},
			"faces": {
				"north": {"uv": [0.0625, 0.8125, 0.125, 0.875], "texture": "#0"},
				"east": {"uv": [0.0625, 0.8125, 0.125, 0.875], "texture": "#0"},
				"south": {"uv": [0.0625, 0.8125, 0.125, 0.875], "texture": "#0"},
				"west": {"uv": [0.0625, 0.8125, 0.125, 0.875], "texture": "#0"},
				"down": {"uv": [0.0625, 0.8125, 0.125, 0.875], "texture": "#0"}
			}
		},
		{
			"from": [-6, -7, -6],
			"to": [-4, -6.5, 2],
			"rotation": {"angle": 0, "axis": "y", "origin": [0, -16, -24]},
			"faces": {
				"north": {"uv": [0, 0.75, 0.0625, 0.8125], "texture": "#0"},
				"east": {"uv": [0, 0.75, 0.0625, 0.8125], "texture": "#0"},
				"south": {"uv": [0, 0.75, 0.0625, 0.8125], "texture": "#0"},
				"west": {"uv": [0, 0.75, 0.0625, 0.8125], "texture": "#0"},
				"down": {"uv": [0, 0.75, 0.0625, 0.8125], "texture": "#0"}
			}
		},
		{
			"from": [-6, -6.5, -8],
			"to": [-4, -6, 4],
			"rotation": {"angle": 0, "axis": "y", "origin": [0, -16, -24]},
			"faces": {
				"north": {"uv": [0.0625, 0.8125, 0.125, 0.875], "texture": "#0"},
				"east": {"uv": [0.0625, 0.8125, 0.125, 0.875], "texture": "#0"},
				"south": {"uv": [0.0625, 0.8125, 0.125, 0.875], "texture": "#0"},
				"west": {"uv": [0.0625, 0.8125, 0.125, 0.875], "texture": "#0"},
				"down": {"uv": [0.0625, 0.8125, 0.125, 0.875], "texture": "#0"}
			}
		},
		{
			"from": [-6, -6, -9],
			"to": [-4, -5.5, 5],
			"rotation": {"angle": 0, "axis": "y", "origin": [0, -16, -24]},
			"faces": {
				"north": {"uv": [0, 0.75, 0.0625, 0.8125], "texture": "#0"},
				"east": {"uv": [0, 0.75, 0.0625, 0.8125], "texture": "#0"},
				"south": {"uv": [0, 0.75, 0.0625, 0.8125], "texture": "#0"},
				"west": {"uv": [0, 0.75, 0.0625, 0.8125], "texture": "#0"},
				"up": {"uv": [0, 0.75, 0.0625, 0.8125], "texture": "#0"},
				"down": {"uv": [0, 0.75, 0.0625, 0.8125], "texture": "#0"}
			}
		},
		{
			"from": [-6.5, -11, -10.5],
			"to": [-3, -9, -7.5],
			"rotation": {"angle": 0, "axis": "y", "origin": [0, -16, -24]},
			"faces": {
				"north": {"uv": [0, 0.75, 0.0625, 0.8125], "texture": "#0"},
				"south": {"uv": [0, 0.75, 0.0625, 0.8125], "texture": "#0"},
				"west": {"uv": [0, 0.75, 0.0625, 0.8125], "texture": "#0"},
				"up": {"uv": [0, 0.75, 0.0625, 0.8125], "texture": "#0"},
				"down": {"uv": [0, 0.75, 0.0625, 0.8125], "texture": "#0"}
			}
		},
		{
			"from": [-5.5, -12, -9.5],
			"to": [-4.5, -5, -8.5],
			"rotation": {"angle": 0, "axis": "y", "origin": [0, -16, -24]},
			"faces": {
				"north": {"uv": [0, 0.75, 0.0625, 0.8125], "texture": "#0"},
				"east": {"uv": [0, 0.75, 0.0625, 0.8125], "texture": "#0"},
				"south": {"uv": [0, 0.75, 0.0625, 0.8125], "texture": "#0"},
				"west": {"uv": [0, 0.75, 0.0625, 0.8125], "texture": "#0"},
				"up": {"uv": [0, 0.75, 0.0625, 0.8125], "texture": "#0"},
				"down": {"uv": [0, 0.75, 0.0625, 0.8125], "texture": "#0"}
			}
		},
		{
			"from": [-6.5, -11, 3.5],
			"to": [-3, -9, 6.5],
			"rotation": {"angle": 0, "axis": "y", "origin": [0, -16, -24]},
			"faces": {
				"north": {"uv": [0, 0.75, 0.0625, 0.8125], "texture": "#0"},
				"south": {"uv": [0, 0.75, 0.0625, 0.8125], "texture": "#0"},
				"west": {"uv": [0, 0.75, 0.0625, 0.8125], "texture": "#0"},
				"up": {"uv": [0, 0.75, 0.0625, 0.8125], "texture": "#0"},
				"down": {"uv": [0, 0.75, 0.0625, 0.8125], "texture": "#0"}
			}
		},
		{
			"from": [-5.5, -12, 4.5],
			"to": [-4.5, -5, 5.5],
			"rotation": {"angle": 0, "axis": "y", "origin": [0, -16, -24]},
			"faces": {
				"north": {"uv": [0, 0.75, 0.0625, 0.8125], "texture": "#0"},
				"east": {"uv": [0, 0.75, 0.0625, 0.8125], "texture": "#0"},
				"south": {"uv": [0, 0.75, 0.0625, 0.8125], "texture": "#0"},
				"west": {"uv": [0, 0.75, 0.0625, 0.8125], "texture": "#0"},
				"up": {"uv": [0, 0.75, 0.0625, 0.8125], "texture": "#0"},
				"down": {"uv": [0, 0.75, 0.0625, 0.8125], "texture": "#0"}
			}
		},
		{
			"from": [-6.5, -8, -3.5],
			"to": [-3.5, -4, -1.5],
			"rotation": {"angle": 0, "axis": "y", "origin": [0, -16, -24]},
			"faces": {
				"north": {"uv": [0, 0.8125, 0.0625, 1.0625], "texture": "#0"},
				"east": {"uv": [0, 0.8125, 0.0625, 1.0625], "texture": "#0"},
				"south": {"uv": [0, 0.8125, 0.0625, 1.0625], "texture": "#0"},
				"west": {"uv": [0, 0.8125, 0.0625, 1.0625], "texture": "#0"},
				"up": {"uv": [0, 0.75, 0.0625, 0.8125], "texture": "#0"}
			}
		},
		{
			"from": [-7, -13, -4.5],
			"to": [-3, -8.6, -0.5],
			"rotation": {"angle": 0, "axis": "y", "origin": [0, -16, -24]},
			"faces": {
				"north": {"uv": [0, 0.75, 0.0625, 0.8125], "texture": "#0"},
				"east": {"uv": [0, 0.75, 0.0625, 0.8125], "texture": "#0"},
				"south": {"uv": [0, 0.75, 0.0625, 0.8125], "texture": "#0"},
				"west": {"uv": [0, 0.75, 0.0625, 0.8125], "texture": "#0"},
				"up": {"uv": [0, 0.75, 0.0625, 0.8125], "texture": "#0"},
				"down": {"uv": [0, 0.75, 0.0625, 0.8125], "texture": "#0"}
			}
		},
		{
			"from": [-6, -12.4, -5],
			"to": [-4, -12.15, 0],
			"rotation": {"angle": 0, "axis": "y", "origin": [0, -16, -24]},
			"faces": {
				"north": {"uv": [0, 0.75, 0.0625, 0.8125], "texture": "#0"},
				"south": {"uv": [0, 0.75, 0.0625, 0.8125], "texture": "#0"},
				"west": {"uv": [0, 0.75, 0.0625, 0.8125], "texture": "#0"},
				"up": {"uv": [0, 0.75, 0.0625, 0.8125], "texture": "#0"},
				"down": {"uv": [0, 0.75, 0.0625, 0.8125], "texture": "#0"}
			}
		},
		{
			"from": [-6, -10.9, -5],
			"to": [-4, -10.65, 0],
			"rotation": {"angle": 0, "axis": "y", "origin": [0, -16, -24]},
			"faces": {
				"north": {"uv": [0, 0.75, 0.0625, 0.8125], "texture": "#0"},
				"south": {"uv": [0, 0.75, 0.0625, 0.8125], "texture": "#0"},
				"west": {"uv": [0, 0.75, 0.0625, 0.8125], "texture": "#0"},
				"up": {"uv": [0, 0.75, 0.0625, 0.8125], "texture": "#0"},
				"down": {"uv": [0, 0.75, 0.0625, 0.8125], "texture": "#0"}
			}
		},
		{
			"from": [-6, -9.2, -5],
			"to": [-4, -8.95, 0],
			"rotation": {"angle": 0, "axis": "y", "origin": [0, -16, -24]},
			"faces": {
				"north": {"uv": [0, 0.75, 0.0625, 0.8125], "texture": "#0"},
				"south": {"uv": [0, 0.75, 0.0625, 0.8125], "texture": "#0"},
				"west": {"uv": [0, 0.75, 0.0625, 0.8125], "texture": "#0"},
				"up": {"uv": [0, 0.75, 0.0625, 0.8125], "texture": "#0"},
				"down": {"uv": [0, 0.75, 0.0625, 0.8125], "texture": "#0"}
			}
		},
		{
			"from": [-4, -12.4, -5.5],
			"to": [-3, -12.15, 0.5],
			"rotation": {"angle": 0, "axis": "y", "origin": [0, -16, -24]},
			"faces": {
				"north": {"uv": [0, 0.75, 0.0625, 0.8125], "texture": "#0"},
				"south": {"uv": [0, 0.75, 0.0625, 0.8125], "texture": "#0"},
				"west": {"uv": [0, 0.75, 0.0625, 0.8125], "texture": "#0"},
				"up": {"uv": [0, 0.75, 0.0625, 0.8125], "texture": "#0"},
				"down": {"uv": [0, 0.75, 0.0625, 0.8125], "texture": "#0"}
			}
		},
		{
			"from": [-4, -10.9, -5.5],
			"to": [-3, -10.65, 0.5],
			"rotation": {"angle": 0, "axis": "y", "origin": [0, -16, -24]},
			"faces": {
				"north": {"uv": [0, 0.75, 0.0625, 0.8125], "texture": "#0"},
				"south": {"uv": [0, 0.75, 0.0625, 0.8125], "texture": "#0"},
				"west": {"uv": [0, 0.75, 0.0625, 0.8125], "texture": "#0"},
				"up": {"uv": [0, 0.75, 0.0625, 0.8125], "texture": "#0"},
				"down": {"uv": [0, 0.75, 0.0625, 0.8125], "texture": "#0"}
			}
		},
		{
			"from": [-4, -9.2, -5.5],
			"to": [-3, -8.95, 0.5],
			"rotation": {"angle": 0, "axis": "y", "origin": [0, -16, -24]},
			"faces": {
				"north": {"uv": [0, 0.75, 0.0625, 0.8125], "texture": "#0"},
				"south": {"uv": [0, 0.75, 0.0625, 0.8125], "texture": "#0"},
				"west": {"uv": [0, 0.75, 0.0625, 0.8125], "texture": "#0"},
				"up": {"uv": [0, 0.75, 0.0625, 0.8125], "texture": "#0"},
				"down": {"uv": [0, 0.75, 0.0625, 0.8125], "texture": "#0"}
			}
		},
		{
			"from": [-6, -8, 19.5],
			"to": [-4, -7.5, 21.5],
			"rotation": {"angle": 0, "axis": "y", "origin": [0, -16, -24]},
			"faces": {
				"north": {"uv": [0, 0.75, 0.0625, 0.8125], "texture": "#0"},
				"east": {"uv": [0, 0.75, 0.0625, 0.8125], "texture": "#0"},
				"south": {"uv": [0, 0.75, 0.0625, 0.8125], "texture": "#0"},
				"west": {"uv": [0, 0.75, 0.0625, 0.8125], "texture": "#0"},
				"down": {"uv": [0, 0.75, 0.0625, 0.8125], "texture": "#0"}
			}
		},
		{
			"from": [-6, -7.5, 17.5],
			"to": [-4, -7, 23.5],
			"rotation": {"angle": 0, "axis": "y", "origin": [0, -16, -24]},
			"faces": {
				"north": {"uv": [0.0625, 0.8125, 0.125, 0.875], "texture": "#0"},
				"east": {"uv": [0.0625, 0.8125, 0.125, 0.875], "texture": "#0"},
				"south": {"uv": [0.0625, 0.8125, 0.125, 0.875], "texture": "#0"},
				"west": {"uv": [0.0625, 0.8125, 0.125, 0.875], "texture": "#0"},
				"down": {"uv": [0.0625, 0.8125, 0.125, 0.875], "texture": "#0"}
			}
		},
		{
			"from": [-6, -7, 16.5],
			"to": [-4, -6.5, 24.5],
			"rotation": {"angle": 0, "axis": "y", "origin": [0, -16, -24]},
			"faces": {
				"north": {"uv": [0, 0.75, 0.0625, 0.8125], "texture": "#0"},
				"east": {"uv": [0, 0.75, 0.0625, 0.8125], "texture": "#0"},
				"south": {"uv": [0, 0.75, 0.0625, 0.8125], "texture": "#0"},
				"west": {"uv": [0, 0.75, 0.0625, 0.8125], "texture": "#0"},
				"down": {"uv": [0, 0.75, 0.0625, 0.8125], "texture": "#0"}
			}
		},
		{
			"from": [-6, -6.5, 14.5],
			"to": [-4, -6, 26.5],
			"rotation": {"angle": 0, "axis": "y", "origin": [0, -16, -24]},
			"faces": {
				"north": {"uv": [0.0625, 0.8125, 0.125, 0.875], "texture": "#0"},
				"east": {"uv": [0.0625, 0.8125, 0.125, 0.875], "texture": "#0"},
				"south": {"uv": [0.0625, 0.8125, 0.125, 0.875], "texture": "#0"},
				"west": {"uv": [0.0625, 0.8125, 0.125, 0.875], "texture": "#0"},
				"down": {"uv": [0.0625, 0.8125, 0.125, 0.875], "texture": "#0"}
			}
		},
		{
			"from": [-6, -6, 13.5],
			"to": [-4, -5.5, 27.5],
			"rotation": {"angle": 0, "axis": "y", "origin": [0, -16, -24]},
			"faces": {
				"north": {"uv": [0, 0.75, 0.0625, 0.8125], "texture": "#0"},
				"east": {"uv": [0, 0.75, 0.0625, 0.8125], "texture": "#0"},
				"south": {"uv": [0, 0.75, 0.0625, 0.8125], "texture": "#0"},
				"west": {"uv": [0, 0.75, 0.0625, 0.8125], "texture": "#0"},
				"up": {"uv": [0, 0.75, 0.0625, 0.8125], "texture": "#0"},
				"down": {"uv": [0, 0.75, 0.0625, 0.8125], "texture": "#0"}
			}
		},
		{
			"from": [-6.5, -11, 12],
			"to": [-3, -9, 15],
			"rotation": {"angle": 0, "axis": "y", "origin": [0, -16, -24]},
			"faces": {
				"north": {"uv": [0, 0.75, 0.0625, 0.8125], "texture": "#0"},
				"south": {"uv": [0, 0.75, 0.0625, 0.8125], "texture": "#0"},
				"west": {"uv": [0, 0.75, 0.0625, 0.8125], "texture": "#0"},
				"up": {"uv": [0, 0.75, 0.0625, 0.8125], "texture": "#0"},
				"down": {"uv": [0, 0.75, 0.0625, 0.8125], "texture": "#0"}
			}
		},
		{
			"from": [-5.5, -12, 13],
			"to": [-4.5, -5, 14],
			"rotation": {"angle": 0, "axis": "y", "origin": [0, -16, -24]},
			"faces": {
				"north": {"uv": [0, 0.75, 0.0625, 0.8125], "texture": "#0"},
				"east": {"uv": [0, 0.75, 0.0625, 0.8125], "texture": "#0"},
				"south": {"uv": [0, 0.75, 0.0625, 0.8125], "texture": "#0"},
				"west": {"uv": [0, 0.75, 0.0625, 0.8125], "texture": "#0"},
				"up": {"uv": [0, 0.75, 0.0625, 0.8125], "texture": "#0"},
				"down": {"uv": [0, 0.75, 0.0625, 0.8125], "texture": "#0"}
			}
		},
		{
			"from": [-6.5, -11, 26],
			"to": [-3, -9, 29],
			"rotation": {"angle": 0, "axis": "y", "origin": [0, -16, -24]},
			"faces": {
				"north": {"uv": [0, 0.75, 0.0625, 0.8125], "texture": "#0"},
				"south": {"uv": [0, 0.75, 0.0625, 0.8125], "texture": "#0"},
				"west": {"uv": [0, 0.75, 0.0625, 0.8125], "texture": "#0"},
				"up": {"uv": [0, 0.75, 0.0625, 0.8125], "texture": "#0"},
				"down": {"uv": [0, 0.75, 0.0625, 0.8125], "texture": "#0"}
			}
		},
		{
			"from": [-5.5, -12, 27],
			"to": [-4.5, -5, 28],
			"rotation": {"angle": 0, "axis": "y", "origin": [0, -16, -24]},
			"faces": {
				"north": {"uv": [0, 0.75, 0.0625, 0.8125], "texture": "#0"},
				"east": {"uv": [0, 0.75, 0.0625, 0.8125], "texture": "#0"},
				"south": {"uv": [0, 0.75, 0.0625, 0.8125], "texture": "#0"},
				"west": {"uv": [0, 0.75, 0.0625, 0.8125], "texture": "#0"},
				"up": {"uv": [0, 0.75, 0.0625, 0.8125], "texture": "#0"},
				"down": {"uv": [0, 0.75, 0.0625, 0.8125], "texture": "#0"}
			}
		},
		{
			"from": [-6.5, -8, 19],
			"to": [-3.5, -4, 21],
			"rotation": {"angle": 0, "axis": "y", "origin": [0, -16, -24]},
			"faces": {
				"north": {"uv": [0, 0.8125, 0.0625, 1.0625], "texture": "#0"},
				"east": {"uv": [0, 0.8125, 0.0625, 1.0625], "texture": "#0"},
				"south": {"uv": [0, 0.8125, 0.0625, 1.0625], "texture": "#0"},
				"west": {"uv": [0, 0.8125, 0.0625, 1.0625], "texture": "#0"},
				"up": {"uv": [0, 0.75, 0.0625, 0.8125], "texture": "#0"}
			}
		},
		{
			"from": [-7, -13, 18],
			"to": [-3, -8.6, 22],
			"rotation": {"angle": 0, "axis": "y", "origin": [0, -16, -24]},
			"faces": {
				"north": {"uv": [0, 0.75, 0.0625, 0.8125], "texture": "#0"},
				"east": {"uv": [0, 0.75, 0.0625, 0.8125], "texture": "#0"},
				"south": {"uv": [0, 0.75, 0.0625, 0.8125], "texture": "#0"},
				"west": {"uv": [0, 0.75, 0.0625, 0.8125], "texture": "#0"},
				"up": {"uv": [0, 0.75, 0.0625, 0.8125], "texture": "#0"},
				"down": {"uv": [0, 0.75, 0.0625, 0.8125], "texture": "#0"}
			}
		},
		{
			"from": [-6, -12.4, 17.5],
			"to": [-4, -12.15, 22.5],
			"rotation": {"angle": 0, "axis": "y", "origin": [0, -16, -24]},
			"faces": {
				"north": {"uv": [0, 0.75, 0.0625, 0.8125], "texture": "#0"},
				"south": {"uv": [0, 0.75, 0.0625, 0.8125], "texture": "#0"},
				"west": {"uv": [0, 0.75, 0.0625, 0.8125], "texture": "#0"},
				"up": {"uv": [0, 0.75, 0.0625, 0.8125], "texture": "#0"},
				"down": {"uv": [0, 0.75, 0.0625, 0.8125], "texture": "#0"}
			}
		},
		{
			"from": [-6, -10.9, 17.5],
			"to": [-4, -10.65, 22.5],
			"rotation": {"angle": 0, "axis": "y", "origin": [0, -16, -24]},
			"faces": {
				"north": {"uv": [0, 0.75, 0.0625, 0.8125], "texture": "#0"},
				"south": {"uv": [0, 0.75, 0.0625, 0.8125], "texture": "#0"},
				"west": {"uv": [0, 0.75, 0.0625, 0.8125], "texture": "#0"},
				"up": {"uv": [0, 0.75, 0.0625, 0.8125], "texture": "#0"},
				"down": {"uv": [0, 0.75, 0.0625, 0.8125], "texture": "#0"}
			}
		},
		{
			"from": [-6, -9.2, 17.5],
			"to": [-4, -8.95, 22.5],
			"rotation": {"angle": 0, "axis": "y", "origin": [0, -16, -24]},
			"faces": {
				"north": {"uv": [0, 0.75, 0.0625, 0.8125], "texture": "#0"},
				"south": {"uv": [0, 0.75, 0.0625, 0.8125], "texture": "#0"},
				"west": {"uv": [0, 0.75, 0.0625, 0.8125], "texture": "#0"},
				"up": {"uv": [0, 0.75, 0.0625, 0.8125], "texture": "#0"},
				"down": {"uv": [0, 0.75, 0.0625, 0.8125], "texture": "#0"}
			}
		},
		{
			"from": [-4, -12.4, 17],
			"to": [-3, -12.15, 23],
			"rotation": {"angle": 0, "axis": "y", "origin": [0, -16, -24]},
			"faces": {
				"north": {"uv": [0, 0.75, 0.0625, 0.8125], "texture": "#0"},
				"south": {"uv": [0, 0.75, 0.0625, 0.8125], "texture": "#0"},
				"west": {"uv": [0, 0.75, 0.0625, 0.8125], "texture": "#0"},
				"up": {"uv": [0, 0.75, 0.0625, 0.8125], "texture": "#0"},
				"down": {"uv": [0, 0.75, 0.0625, 0.8125], "texture": "#0"}
			}
		},
		{
			"from": [-4, -10.9, 17],
			"to": [-3, -10.65, 23],
			"rotation": {"angle": 0, "axis": "y", "origin": [0, -16, -24]},
			"faces": {
				"north": {"uv": [0, 0.75, 0.0625, 0.8125], "texture": "#0"},
				"south": {"uv": [0, 0.75, 0.0625, 0.8125], "texture": "#0"},
				"west": {"uv": [0, 0.75, 0.0625, 0.8125], "texture": "#0"},
				"up": {"uv": [0, 0.75, 0.0625, 0.8125], "texture": "#0"},
				"down": {"uv": [0, 0.75, 0.0625, 0.8125], "texture": "#0"}
			}
		},
		{
			"from": [-4, -9.2, 17],
			"to": [-3, -8.95, 23],
			"rotation": {"angle": 0, "axis": "y", "origin": [0, -16, -24]},
			"faces": {
				"north": {"uv": [0, 0.75, 0.0625, 0.8125], "texture": "#0"},
				"south": {"uv": [0, 0.75, 0.0625, 0.8125], "texture": "#0"},
				"west": {"uv": [0, 0.75, 0.0625, 0.8125], "texture": "#0"},
				"up": {"uv": [0, 0.75, 0.0625, 0.8125], "texture": "#0"},
				"down": {"uv": [0, 0.75, 0.0625, 0.8125], "texture": "#0"}
			}
		},
		{
			"from": [-6.5, -11, 31.5],
			"to": [-3, -9, 32],
			"rotation": {"angle": 0, "axis": "y", "origin": [0, -16, -24]},
			"faces": {
				"north": {"uv": [0, 0.75, 0.0625, 0.8125], "texture": "#0"},
				"south": {"uv": [0, 0.75, 0.0625, 0.8125], "texture": "#0"},
				"west": {"uv": [0, 0.75, 0.0625, 0.8125], "texture": "#0"},
				"up": {"uv": [0, 0.75, 0.0625, 0.8125], "texture": "#0"},
				"down": {"uv": [0, 0.75, 0.0625, 0.8125], "texture": "#0"}
			}
		},
		{
			"from": [18, -11, -1],
			"to": [19, -6, 18.5],
			"rotation": {"angle": 0, "axis": "y", "origin": [16, 0, -24]},
			"faces": {
				"north": {"uv": [0.0625, 0.75, 0, 0.8125], "texture": "#0"},
				"east": {"uv": [0.0625, 0.75, 0, 0.8125], "texture": "#0"},
				"south": {"uv": [0.0625, 0.75, 0, 0.8125], "texture": "#0"},
				"west": {"uv": [0.0625, 0.75, 0, 0.8125], "texture": "#0"},
				"up": {"uv": [0.0625, 0.75, 0, 0.8125], "texture": "#0"},
				"down": {"uv": [0.0625, 0.75, 0, 0.8125], "texture": "#0"}
			}
		},
		{
			"from": [18, -11, -16],
			"to": [19, -6, -4],
			"rotation": {"angle": 0, "axis": "y", "origin": [16, 0, 40]},
			"faces": {
				"north": {"uv": [0, 0.75, 0.0625, 0.8125], "texture": "#0"},
				"east": {"uv": [0, 0.75, 0.0625, 0.8125], "texture": "#0"},
				"south": {"uv": [0, 0.75, 0.0625, 0.8125], "texture": "#0"},
				"west": {"uv": [0, 0.75, 0.0625, 0.8125], "texture": "#0"},
				"up": {"uv": [0.0625, 0.8125, 0, 0.75], "texture": "#0"},
				"down": {"uv": [0.0625, 0.8125, 0, 0.75], "texture": "#0"}
			}
		},
		{
			"from": [18, -11, 21.5],
			"to": [19, -6, 32],
			"rotation": {"angle": 0, "axis": "y", "origin": [16, 0, 40]},
			"faces": {
				"north": {"uv": [0, 0.75, 0.0625, 0.8125], "texture": "#0"},
				"east": {"uv": [0, 0.75, 0.0625, 0.8125], "texture": "#0"},
				"south": {"uv": [0, 0.75, 0.0625, 0.8125], "texture": "#0"},
				"west": {"uv": [0, 0.75, 0.0625, 0.8125], "texture": "#0"},
				"up": {"uv": [0.0625, 0.8125, 0, 0.75], "texture": "#0"},
				"down": {"uv": [0.0625, 0.8125, 0, 0.75], "texture": "#0"}
			}
		},
		{
			"from": [18, -12, 3],
			"to": [19, -11, 4],
			"rotation": {"angle": 0, "axis": "y", "origin": [16, 0, -24]},
			"faces": {
				"north": {"uv": [0.0625, 0.75, 0, 0.8125], "texture": "#0"},
				"east": {"uv": [0.0625, 0.75, 0, 0.8125], "texture": "#0"},
				"south": {"uv": [0.0625, 0.75, 0, 0.8125], "texture": "#0"},
				"west": {"uv": [0.0625, 0.75, 0, 0.8125], "texture": "#0"},
				"up": {"uv": [0.0625, 0.75, 0, 0.8125], "texture": "#0"},
				"down": {"uv": [0.0625, 0.75, 0, 0.8125], "texture": "#0"}
			}
		},
		{
			"from": [18, -13, 2],
			"to": [19, -11, 3],
			"rotation": {"angle": 0, "axis": "y", "origin": [16, 0, -24]},
			"faces": {
				"north": {"uv": [0.0625, 0.75, 0, 0.8125], "texture": "#0"},
				"east": {"uv": [0.0625, 0.75, 0, 0.8125], "texture": "#0"},
				"south": {"uv": [0.0625, 0.75, 0, 0.8125], "texture": "#0"},
				"west": {"uv": [0.0625, 0.75, 0, 0.8125], "texture": "#0"},
				"up": {"uv": [0.0625, 0.75, 0, 0.8125], "texture": "#0"},
				"down": {"uv": [0.0625, 0.75, 0, 0.8125], "texture": "#0"}
			}
		},
		{
			"from": [18, -15, -1],
			"to": [19, -11, 2],
			"rotation": {"angle": 0, "axis": "y", "origin": [16, 0, -24]},
			"faces": {
				"north": {"uv": [0.0625, 0.75, 0, 0.8125], "texture": "#0"},
				"east": {"uv": [0.0625, 0.75, 0, 0.8125], "texture": "#0"},
				"south": {"uv": [0.0625, 0.75, 0, 0.8125], "texture": "#0"},
				"west": {"uv": [0.0625, 0.75, 0, 0.8125], "texture": "#0"},
				"up": {"uv": [0.0625, 0.75, 0, 0.8125], "texture": "#0"},
				"down": {"uv": [0.0625, 0.75, 0, 0.8125], "texture": "#0"}
			}
		},
		{
			"from": [18, -16, -6],
			"to": [20, -15, 1],
			"rotation": {"angle": 0, "axis": "y", "origin": [16, 0, -24]},
			"faces": {
				"north": {"uv": [0.0625, 0.75, 0, 0.8125], "texture": "#0"},
				"east": {"uv": [0.0625, 0.75, 0, 0.8125], "texture": "#0"},
				"south": {"uv": [0.0625, 0.75, 0, 0.8125], "texture": "#0"},
				"west": {"uv": [0.0625, 0.75, 0, 0.8125], "texture": "#0"},
				"up": {"uv": [0.0625, 0.75, 0, 0.8125], "texture": "#0"},
				"down": {"uv": [0.0625, 0.75, 0, 0.8125], "texture": "#0"}
			}
		},
		{
			"from": [18, -15, -7],
			"to": [19, -11, -4],
			"rotation": {"angle": 0, "axis": "y", "origin": [16, 0, 40]},
			"faces": {
				"north": {"uv": [0, 0.75, 0.0625, 0.8125], "texture": "#0"},
				"east": {"uv": [0, 0.75, 0.0625, 0.8125], "texture": "#0"},
				"south": {"uv": [0, 0.75, 0.0625, 0.8125], "texture": "#0"},
				"west": {"uv": [0, 0.75, 0.0625, 0.8125], "texture": "#0"},
				"up": {"uv": [0.0625, 0.8125, 0, 0.75], "texture": "#0"},
				"down": {"uv": [0.0625, 0.8125, 0, 0.75], "texture": "#0"}
			}
		},
		{
			"from": [18, -13, -8],
			"to": [19, -11, -7],
			"rotation": {"angle": 0, "axis": "y", "origin": [16, 0, 40]},
			"faces": {
				"north": {"uv": [0, 0.75, 0.0625, 0.8125], "texture": "#0"},
				"east": {"uv": [0, 0.75, 0.0625, 0.8125], "texture": "#0"},
				"south": {"uv": [0, 0.75, 0.0625, 0.8125], "texture": "#0"},
				"west": {"uv": [0, 0.75, 0.0625, 0.8125], "texture": "#0"},
				"up": {"uv": [0.0625, 0.8125, 0, 0.75], "texture": "#0"},
				"down": {"uv": [0.0625, 0.8125, 0, 0.75], "texture": "#0"}
			}
		},
		{
			"from": [18, -12, -9],
			"to": [19, -11, -8],
			"rotation": {"angle": 0, "axis": "y", "origin": [16, 0, 40]},
			"faces": {
				"north": {"uv": [0, 0.75, 0.0625, 0.8125], "texture": "#0"},
				"east": {"uv": [0, 0.75, 0.0625, 0.8125], "texture": "#0"},
				"south": {"uv": [0, 0.75, 0.0625, 0.8125], "texture": "#0"},
				"west": {"uv": [0, 0.75, 0.0625, 0.8125], "texture": "#0"},
				"up": {"uv": [0.0625, 0.8125, 0, 0.75], "texture": "#0"},
				"down": {"uv": [0.0625, 0.8125, 0, 0.75], "texture": "#0"}
			}
		},
		{
			"from": [18, -12, 13.5],
			"to": [19, -11, 14.5],
			"rotation": {"angle": 0, "axis": "y", "origin": [16, 0, 40]},
			"faces": {
				"north": {"uv": [0, 0.75, 0.0625, 0.8125], "texture": "#0"},
				"east": {"uv": [0, 0.75, 0.0625, 0.8125], "texture": "#0"},
				"south": {"uv": [0, 0.75, 0.0625, 0.8125], "texture": "#0"},
				"west": {"uv": [0, 0.75, 0.0625, 0.8125], "texture": "#0"},
				"up": {"uv": [0.0625, 0.8125, 0, 0.75], "texture": "#0"},
				"down": {"uv": [0.0625, 0.8125, 0, 0.75], "texture": "#0"}
			}
		},
		{
			"from": [18, -13, 14.5],
			"to": [19, -11, 15.5],
			"rotation": {"angle": 0, "axis": "y", "origin": [16, 0, 40]},
			"faces": {
				"north": {"uv": [0, 0.75, 0.0625, 0.8125], "texture": "#0"},
				"east": {"uv": [0, 0.75, 0.0625, 0.8125], "texture": "#0"},
				"south": {"uv": [0, 0.75, 0.0625, 0.8125], "texture": "#0"},
				"west": {"uv": [0, 0.75, 0.0625, 0.8125], "texture": "#0"},
				"up": {"uv": [0.0625, 0.8125, 0, 0.75], "texture": "#0"},
				"down": {"uv": [0.0625, 0.8125, 0, 0.75], "texture": "#0"}
			}
		},
		{
			"from": [18, -15, 15.5],
			"to": [19, -11, 18.5],
			"rotation": {"angle": 0, "axis": "y", "origin": [16, 0, 40]},
			"faces": {
				"north": {"uv": [0, 0.75, 0.0625, 0.8125], "texture": "#0"},
				"east": {"uv": [0, 0.75, 0.0625, 0.8125], "texture": "#0"},
				"south": {"uv": [0, 0.75, 0.0625, 0.8125], "texture": "#0"},
				"west": {"uv": [0, 0.75, 0.0625, 0.8125], "texture": "#0"},
				"up": {"uv": [0.0625, 0.8125, 0, 0.75], "texture": "#0"},
				"down": {"uv": [0.0625, 0.8125, 0, 0.75], "texture": "#0"}
			}
		},
		{
			"from": [18, -16, 16.5],
			"to": [20, -15, 23.5],
			"rotation": {"angle": 0, "axis": "y", "origin": [16, 0, -24]},
			"faces": {
				"north": {"uv": [0.0625, 0.75, 0, 0.8125], "texture": "#0"},
				"east": {"uv": [0.0625, 0.75, 0, 0.8125], "texture": "#0"},
				"south": {"uv": [0.0625, 0.75, 0, 0.8125], "texture": "#0"},
				"west": {"uv": [0.0625, 0.75, 0, 0.8125], "texture": "#0"},
				"up": {"uv": [0.0625, 0.75, 0, 0.8125], "texture": "#0"},
				"down": {"uv": [0.0625, 0.75, 0, 0.8125], "texture": "#0"}
			}
		},
		{
			"from": [18, -15, 21.5],
			"to": [19, -11, 24.5],
			"rotation": {"angle": 0, "axis": "y", "origin": [16, 0, -24]},
			"faces": {
				"north": {"uv": [0.0625, 0.75, 0, 0.8125], "texture": "#0"},
				"east": {"uv": [0.0625, 0.75, 0, 0.8125], "texture": "#0"},
				"south": {"uv": [0.0625, 0.75, 0, 0.8125], "texture": "#0"},
				"west": {"uv": [0.0625, 0.75, 0, 0.8125], "texture": "#0"},
				"up": {"uv": [0.0625, 0.75, 0, 0.8125], "texture": "#0"},
				"down": {"uv": [0.0625, 0.75, 0, 0.8125], "texture": "#0"}
			}
		},
		{
			"from": [18, -13, 24.5],
			"to": [19, -11, 25.5],
			"rotation": {"angle": 0, "axis": "y", "origin": [16, 0, -24]},
			"faces": {
				"north": {"uv": [0.0625, 0.75, 0, 0.8125], "texture": "#0"},
				"east": {"uv": [0.0625, 0.75, 0, 0.8125], "texture": "#0"},
				"south": {"uv": [0.0625, 0.75, 0, 0.8125], "texture": "#0"},
				"west": {"uv": [0.0625, 0.75, 0, 0.8125], "texture": "#0"},
				"up": {"uv": [0.0625, 0.75, 0, 0.8125], "texture": "#0"},
				"down": {"uv": [0.0625, 0.75, 0, 0.8125], "texture": "#0"}
			}
		},
		{
			"from": [18, -12, 25.5],
			"to": [19, -11, 26.5],
			"rotation": {"angle": 0, "axis": "y", "origin": [16, 0, -24]},
			"faces": {
				"north": {"uv": [0.0625, 0.75, 0, 0.8125], "texture": "#0"},
				"east": {"uv": [0.0625, 0.75, 0, 0.8125], "texture": "#0"},
				"south": {"uv": [0.0625, 0.75, 0, 0.8125], "texture": "#0"},
				"west": {"uv": [0.0625, 0.75, 0, 0.8125], "texture": "#0"},
				"up": {"uv": [0.0625, 0.75, 0, 0.8125], "texture": "#0"},
				"down": {"uv": [0.0625, 0.75, 0, 0.8125], "texture": "#0"}
			}
		},
		{
			"from": [19, -11, -16],
			"to": [22.5, -9, -14.5],
			"rotation": {"angle": 0, "axis": "y", "origin": [16, -16, -24]},
			"faces": {
				"north": {"uv": [0.0625, 0.75, 0, 0.8125], "texture": "#0"},
				"east": {"uv": [0.0625, 0.75, 0, 0.8125], "texture": "#0"},
				"south": {"uv": [0.0625, 0.75, 0, 0.8125], "texture": "#0"},
				"up": {"uv": [0.0625, 0.75, 0, 0.8125], "texture": "#0"},
				"down": {"uv": [0.0625, 0.75, 0, 0.8125], "texture": "#0"}
			}
		},
		{
			"from": [20.5, -12, -16],
			"to": [21.5, -5, -15.5],
			"rotation": {"angle": 0, "axis": "y", "origin": [16, -16, -24]},
			"faces": {
				"north": {"uv": [0.0625, 0.75, 0, 0.8125], "texture": "#0"},
				"east": {"uv": [0.0625, 0.75, 0, 0.8125], "texture": "#0"},
				"south": {"uv": [0.0625, 0.75, 0, 0.8125], "texture": "#0"},
				"west": {"uv": [0.0625, 0.75, 0, 0.8125], "texture": "#0"},
				"up": {"uv": [0.0625, 0.75, 0, 0.8125], "texture": "#0"},
				"down": {"uv": [0.0625, 0.75, 0, 0.8125], "texture": "#0"}
			}
		},
		{
			"from": [20, -8, -3],
			"to": [22, -7.5, -1],
			"rotation": {"angle": 0, "axis": "y", "origin": [16, -16, -24]},
			"faces": {
				"north": {"uv": [0.0625, 0.75, 0, 0.8125], "texture": "#0"},
				"east": {"uv": [0.0625, 0.75, 0, 0.8125], "texture": "#0"},
				"south": {"uv": [0.0625, 0.75, 0, 0.8125], "texture": "#0"},
				"west": {"uv": [0.0625, 0.75, 0, 0.8125], "texture": "#0"},
				"down": {"uv": [0.0625, 0.75, 0, 0.8125], "texture": "#0"}
			}
		},
		{
			"from": [20, -7.5, -5],
			"to": [22, -7, 1],
			"rotation": {"angle": 0, "axis": "y", "origin": [16, -16, -24]},
			"faces": {
				"north": {"uv": [0.125, 0.8125, 0.0625, 0.875], "texture": "#0"},
				"east": {"uv": [0.125, 0.8125, 0.0625, 0.875], "texture": "#0"},
				"south": {"uv": [0.125, 0.8125, 0.0625, 0.875], "texture": "#0"},
				"west": {"uv": [0.125, 0.8125, 0.0625, 0.875], "texture": "#0"},
				"down": {"uv": [0.125, 0.8125, 0.0625, 0.875], "texture": "#0"}
			}
		},
		{
			"from": [20, -7, -6],
			"to": [22, -6.5, 2],
			"rotation": {"angle": 0, "axis": "y", "origin": [16, -16, -24]},
			"faces": {
				"north": {"uv": [0.0625, 0.75, 0, 0.8125], "texture": "#0"},
				"east": {"uv": [0.0625, 0.75, 0, 0.8125], "texture": "#0"},
				"south": {"uv": [0.0625, 0.75, 0, 0.8125], "texture": "#0"},
				"west": {"uv": [0.0625, 0.75, 0, 0.8125], "texture": "#0"},
				"down": {"uv": [0.0625, 0.75, 0, 0.8125], "texture": "#0"}
			}
		},
		{
			"from": [20, -6.5, -8],
			"to": [22, -6, 4],
			"rotation": {"angle": 0, "axis": "y", "origin": [16, -16, -24]},
			"faces": {
				"north": {"uv": [0.125, 0.8125, 0.0625, 0.875], "texture": "#0"},
				"east": {"uv": [0.125, 0.8125, 0.0625, 0.875], "texture": "#0"},
				"south": {"uv": [0.125, 0.8125, 0.0625, 0.875], "texture": "#0"},
				"west": {"uv": [0.125, 0.8125, 0.0625, 0.875], "texture": "#0"},
				"down": {"uv": [0.125, 0.8125, 0.0625, 0.875], "texture": "#0"}
			}
		},
		{
			"from": [20, -6, -9],
			"to": [22, -5.5, 5],
			"rotation": {"angle": 0, "axis": "y", "origin": [16, -16, -24]},
			"faces": {
				"north": {"uv": [0.0625, 0.75, 0, 0.8125], "texture": "#0"},
				"east": {"uv": [0.0625, 0.75, 0, 0.8125], "texture": "#0"},
				"south": {"uv": [0.0625, 0.75, 0, 0.8125], "texture": "#0"},
				"west": {"uv": [0.0625, 0.75, 0, 0.8125], "texture": "#0"},
				"up": {"uv": [0.0625, 0.75, 0, 0.8125], "texture": "#0"},
				"down": {"uv": [0.0625, 0.75, 0, 0.8125], "texture": "#0"}
			}
		},
		{
			"from": [19, -11, -10.5],
			"to": [22.5, -9, -7.5],
			"rotation": {"angle": 0, "axis": "y", "origin": [16, -16, -24]},
			"faces": {
				"north": {"uv": [0.0625, 0.75, 0, 0.8125], "texture": "#0"},
				"east": {"uv": [0.0625, 0.75, 0, 0.8125], "texture": "#0"},
				"south": {"uv": [0.0625, 0.75, 0, 0.8125], "texture": "#0"},
				"up": {"uv": [0.0625, 0.75, 0, 0.8125], "texture": "#0"},
				"down": {"uv": [0.0625, 0.75, 0, 0.8125], "texture": "#0"}
			}
		},
		{
			"from": [20.5, -12, -9.5],
			"to": [21.5, -5, -8.5],
			"rotation": {"angle": 0, "axis": "y", "origin": [16, -16, -24]},
			"faces": {
				"north": {"uv": [0.0625, 0.75, 0, 0.8125], "texture": "#0"},
				"east": {"uv": [0.0625, 0.75, 0, 0.8125], "texture": "#0"},
				"south": {"uv": [0.0625, 0.75, 0, 0.8125], "texture": "#0"},
				"west": {"uv": [0.0625, 0.75, 0, 0.8125], "texture": "#0"},
				"up": {"uv": [0.0625, 0.75, 0, 0.8125], "texture": "#0"},
				"down": {"uv": [0.0625, 0.75, 0, 0.8125], "texture": "#0"}
			}
		},
		{
			"from": [19, -11, 3.5],
			"to": [22.5, -9, 6.5],
			"rotation": {"angle": 0, "axis": "y", "origin": [16, -16, -24]},
			"faces": {
				"north": {"uv": [0.0625, 0.75, 0, 0.8125], "texture": "#0"},
				"east": {"uv": [0.0625, 0.75, 0, 0.8125], "texture": "#0"},
				"south": {"uv": [0.0625, 0.75, 0, 0.8125], "texture": "#0"},
				"up": {"uv": [0.0625, 0.75, 0, 0.8125], "texture": "#0"},
				"down": {"uv": [0.0625, 0.75, 0, 0.8125], "texture": "#0"}
			}
		},
		{
			"from": [20.5, -12, 4.5],
			"to": [21.5, -5, 5.5],
			"rotation": {"angle": 0, "axis": "y", "origin": [16, -16, -24]},
			"faces": {
				"north": {"uv": [0.0625, 0.75, 0, 0.8125], "texture": "#0"},
				"east": {"uv": [0.0625, 0.75, 0, 0.8125], "texture": "#0"},
				"south": {"uv": [0.0625, 0.75, 0, 0.8125], "texture": "#0"},
				"west": {"uv": [0.0625, 0.75, 0, 0.8125], "texture": "#0"},
				"up": {"uv": [0.0625, 0.75, 0, 0.8125], "texture": "#0"},
				"down": {"uv": [0.0625, 0.75, 0, 0.8125], "texture": "#0"}
			}
		},
		{
			"from": [19.5, -8, -3.5],
			"to": [22.5, -4, -1.5],
			"rotation": {"angle": 0, "axis": "y", "origin": [16, -16, -24]},
			"faces": {
				"north": {"uv": [0.0625, 0.8125, 0, 1.0625], "texture": "#0"},
				"east": {"uv": [0.0625, 0.8125, 0, 1.0625], "texture": "#0"},
				"south": {"uv": [0.0625, 0.8125, 0, 1.0625], "texture": "#0"},
				"west": {"uv": [0.0625, 0.8125, 0, 1.0625], "texture": "#0"},
				"up": {"uv": [0.0625, 0.75, 0, 0.8125], "texture": "#0"}
			}
		},
		{
			"from": [19, -13, -4.5],
			"to": [23, -8.6, -0.5],
			"rotation": {"angle": 0, "axis": "y", "origin": [16, -16, -24]},
			"faces": {
				"north": {"uv": [0.0625, 0.75, 0, 0.8125], "texture": "#0"},
				"east": {"uv": [0.0625, 0.75, 0, 0.8125], "texture": "#0"},
				"south": {"uv": [0.0625, 0.75, 0, 0.8125], "texture": "#0"},
				"west": {"uv": [0.0625, 0.75, 0, 0.8125], "texture": "#0"},
				"up": {"uv": [0.0625, 0.75, 0, 0.8125], "texture": "#0"},
				"down": {"uv": [0.0625, 0.75, 0, 0.8125], "texture": "#0"}
			}
		},
		{
			"from": [20, -12.4, -5],
			"to": [22, -12.15, 0],
			"rotation": {"angle": 0, "axis": "y", "origin": [16, -16, -24]},
			"faces": {
				"north": {"uv": [0.0625, 0.75, 0, 0.8125], "texture": "#0"},
				"east": {"uv": [0.0625, 0.75, 0, 0.8125], "texture": "#0"},
				"south": {"uv": [0.0625, 0.75, 0, 0.8125], "texture": "#0"},
				"up": {"uv": [0.0625, 0.75, 0, 0.8125], "texture": "#0"},
				"down": {"uv": [0.0625, 0.75, 0, 0.8125], "texture": "#0"}
			}
		},
		{
			"from": [20, -10.9, -5],
			"to": [22, -10.65, 0],
			"rotation": {"angle": 0, "axis": "y", "origin": [16, -16, -24]},
			"faces": {
				"north": {"uv": [0.0625, 0.75, 0, 0.8125], "texture": "#0"},
				"east": {"uv": [0.0625, 0.75, 0, 0.8125], "texture": "#0"},
				"south": {"uv": [0.0625, 0.75, 0, 0.8125], "texture": "#0"},
				"up": {"uv": [0.0625, 0.75, 0, 0.8125], "texture": "#0"},
				"down": {"uv": [0.0625, 0.75, 0, 0.8125], "texture": "#0"}
			}
		},
		{
			"from": [20, -9.2, -5],
			"to": [22, -8.95, 0],
			"rotation": {"angle": 0, "axis": "y", "origin": [16, -16, -24]},
			"faces": {
				"north": {"uv": [0.0625, 0.75, 0, 0.8125], "texture": "#0"},
				"east": {"uv": [0.0625, 0.75, 0, 0.8125], "texture": "#0"},
				"south": {"uv": [0.0625, 0.75, 0, 0.8125], "texture": "#0"},
				"up": {"uv": [0.0625, 0.75, 0, 0.8125], "texture": "#0"},
				"down": {"uv": [0.0625, 0.75, 0, 0.8125], "texture": "#0"}
			}
		},
		{
			"from": [19, -12.4, -5.5],
			"to": [20, -12.15, 0.5],
			"rotation": {"angle": 0, "axis": "y", "origin": [16, -16, -24]},
			"faces": {
				"north": {"uv": [0.0625, 0.75, 0, 0.8125], "texture": "#0"},
				"east": {"uv": [0.0625, 0.75, 0, 0.8125], "texture": "#0"},
				"south": {"uv": [0.0625, 0.75, 0, 0.8125], "texture": "#0"},
				"up": {"uv": [0.0625, 0.75, 0, 0.8125], "texture": "#0"},
				"down": {"uv": [0.0625, 0.75, 0, 0.8125], "texture": "#0"}
			}
		},
		{
			"from": [19, -10.9, -5.5],
			"to": [20, -10.65, 0.5],
			"rotation": {"angle": 0, "axis": "y", "origin": [16, -16, -24]},
			"faces": {
				"north": {"uv": [0.0625, 0.75, 0, 0.8125], "texture": "#0"},
				"east": {"uv": [0.0625, 0.75, 0, 0.8125], "texture": "#0"},
				"south": {"uv": [0.0625, 0.75, 0, 0.8125], "texture": "#0"},
				"up": {"uv": [0.0625, 0.75, 0, 0.8125], "texture": "#0"},
				"down": {"uv": [0.0625, 0.75, 0, 0.8125], "texture": "#0"}
			}
		},
		{
			"from": [19, -9.2, -5.5],
			"to": [20, -8.95, 0.5],
			"rotation": {"angle": 0, "axis": "y", "origin": [16, -16, -24]},
			"faces": {
				"north": {"uv": [0.0625, 0.75, 0, 0.8125], "texture": "#0"},
				"east": {"uv": [0.0625, 0.75, 0, 0.8125], "texture": "#0"},
				"south": {"uv": [0.0625, 0.75, 0, 0.8125], "texture": "#0"},
				"up": {"uv": [0.0625, 0.75, 0, 0.8125], "texture": "#0"},
				"down": {"uv": [0.0625, 0.75, 0, 0.8125], "texture": "#0"}
			}
		},
		{
			"from": [20, -8, 19.5],
			"to": [22, -7.5, 21.5],
			"rotation": {"angle": 0, "axis": "y", "origin": [16, -16, -24]},
			"faces": {
				"north": {"uv": [0.0625, 0.75, 0, 0.8125], "texture": "#0"},
				"east": {"uv": [0.0625, 0.75, 0, 0.8125], "texture": "#0"},
				"south": {"uv": [0.0625, 0.75, 0, 0.8125], "texture": "#0"},
				"west": {"uv": [0.0625, 0.75, 0, 0.8125], "texture": "#0"},
				"down": {"uv": [0.0625, 0.75, 0, 0.8125], "texture": "#0"}
			}
		},
		{
			"from": [20, -7.5, 17.5],
			"to": [22, -7, 23.5],
			"rotation": {"angle": 0, "axis": "y", "origin": [16, -16, -24]},
			"faces": {
				"north": {"uv": [0.125, 0.8125, 0.0625, 0.875], "texture": "#0"},
				"east": {"uv": [0.125, 0.8125, 0.0625, 0.875], "texture": "#0"},
				"south": {"uv": [0.125, 0.8125, 0.0625, 0.875], "texture": "#0"},
				"west": {"uv": [0.125, 0.8125, 0.0625, 0.875], "texture": "#0"},
				"down": {"uv": [0.125, 0.8125, 0.0625, 0.875], "texture": "#0"}
			}
		},
		{
			"from": [20, -7, 16.5],
			"to": [22, -6.5, 24.5],
			"rotation": {"angle": 0, "axis": "y", "origin": [16, -16, -24]},
			"faces": {
				"north": {"uv": [0.0625, 0.75, 0, 0.8125], "texture": "#0"},
				"east": {"uv": [0.0625, 0.75, 0, 0.8125], "texture": "#0"},
				"south": {"uv": [0.0625, 0.75, 0, 0.8125], "texture": "#0"},
				"west": {"uv": [0.0625, 0.75, 0, 0.8125], "texture": "#0"},
				"down": {"uv": [0.0625, 0.75, 0, 0.8125], "texture": "#0"}
			}
		},
		{
			"from": [20, -6.5, 14.5],
			"to": [22, -6, 26.5],
			"rotation": {"angle": 0, "axis": "y", "origin": [16, -16, -24]},
			"faces": {
				"north": {"uv": [0.125, 0.8125, 0.0625, 0.875], "texture": "#0"},
				"east": {"uv": [0.125, 0.8125, 0.0625, 0.875], "texture": "#0"},
				"south": {"uv": [0.125, 0.8125, 0.0625, 0.875], "texture": "#0"},
				"west": {"uv": [0.125, 0.8125, 0.0625, 0.875], "texture": "#0"},
				"down": {"uv": [0.125, 0.8125, 0.0625, 0.875], "texture": "#0"}
			}
		},
		{
			"from": [20, -6, 13.5],
			"to": [22, -5.5, 27.5],
			"rotation": {"angle": 0, "axis": "y", "origin": [16, -16, -24]},
			"faces": {
				"north": {"uv": [0.0625, 0.75, 0, 0.8125], "texture": "#0"},
				"east": {"uv": [0.0625, 0.75, 0, 0.8125], "texture": "#0"},
				"south": {"uv": [0.0625, 0.75, 0, 0.8125], "texture": "#0"},
				"west": {"uv": [0.0625, 0.75, 0, 0.8125], "texture": "#0"},
				"up": {"uv": [0.0625, 0.75, 0, 0.8125], "texture": "#0"},
				"down": {"uv": [0.0625, 0.75, 0, 0.8125], "texture": "#0"}
			}
		},
		{
			"from": [19, -11, 12],
			"to": [22.5, -9, 15],
			"rotation": {"angle": 0, "axis": "y", "origin": [16, -16, -24]},
			"faces": {
				"north": {"uv": [0.0625, 0.75, 0, 0.8125], "texture": "#0"},
				"east": {"uv": [0.0625, 0.75, 0, 0.8125], "texture": "#0"},
				"south": {"uv": [0.0625, 0.75, 0, 0.8125], "texture": "#0"},
				"up": {"uv": [0.0625, 0.75, 0, 0.8125], "texture": "#0"},
				"down": {"uv": [0.0625, 0.75, 0, 0.8125], "texture": "#0"}
			}
		},
		{
			"from": [20.5, -12, 13],
			"to": [21.5, -5, 14],
			"rotation": {"angle": 0, "axis": "y", "origin": [16, -16, -24]},
			"faces": {
				"north": {"uv": [0.0625, 0.75, 0, 0.8125], "texture": "#0"},
				"east": {"uv": [0.0625, 0.75, 0, 0.8125], "texture": "#0"},
				"south": {"uv": [0.0625, 0.75, 0, 0.8125], "texture": "#0"},
				"west": {"uv": [0.0625, 0.75, 0, 0.8125], "texture": "#0"},
				"up": {"uv": [0.0625, 0.75, 0, 0.8125], "texture": "#0"},
				"down": {"uv": [0.0625, 0.75, 0, 0.8125], "texture": "#0"}
			}
		},
		{
			"from": [19, -11, 26],
			"to": [22.5, -9, 29],
			"rotation": {"angle": 0, "axis": "y", "origin": [16, -16, -24]},
			"faces": {
				"north": {"uv": [0.0625, 0.75, 0, 0.8125], "texture": "#0"},
				"east": {"uv": [0.0625, 0.75, 0, 0.8125], "texture": "#0"},
				"south": {"uv": [0.0625, 0.75, 0, 0.8125], "texture": "#0"},
				"up": {"uv": [0.0625, 0.75, 0, 0.8125], "texture": "#0"},
				"down": {"uv": [0.0625, 0.75, 0, 0.8125], "texture": "#0"}
			}
		},
		{
			"from": [20.5, -12, 27],
			"to": [21.5, -5, 28],
			"rotation": {"angle": 0, "axis": "y", "origin": [16, -16, -24]},
			"faces": {
				"north": {"uv": [0.0625, 0.75, 0, 0.8125], "texture": "#0"},
				"east": {"uv": [0.0625, 0.75, 0, 0.8125], "texture": "#0"},
				"south": {"uv": [0.0625, 0.75, 0, 0.8125], "texture": "#0"},
				"west": {"uv": [0.0625, 0.75, 0, 0.8125], "texture": "#0"},
				"up": {"uv": [0.0625, 0.75, 0, 0.8125], "texture": "#0"},
				"down": {"uv": [0.0625, 0.75, 0, 0.8125], "texture": "#0"}
			}
		},
		{
			"from": [19.5, -8, 19],
			"to": [22.5, -4, 21],
			"rotation": {"angle": 0, "axis": "y", "origin": [16, -16, -24]},
			"faces": {
				"north": {"uv": [0.0625, 0.8125, 0, 1.0625], "texture": "#0"},
				"east": {"uv": [0.0625, 0.8125, 0, 1.0625], "texture": "#0"},
				"south": {"uv": [0.0625, 0.8125, 0, 1.0625], "texture": "#0"},
				"west": {"uv": [0.0625, 0.8125, 0, 1.0625], "texture": "#0"},
				"up": {"uv": [0.0625, 0.75, 0, 0.8125], "texture": "#0"}
			}
		},
		{
			"from": [19, -13, 18],
			"to": [23, -8.6, 22],
			"rotation": {"angle": 0, "axis": "y", "origin": [16, -16, -24]},
			"faces": {
				"north": {"uv": [0.0625, 0.75, 0, 0.8125], "texture": "#0"},
				"east": {"uv": [0.0625, 0.75, 0, 0.8125], "texture": "#0"},
				"south": {"uv": [0.0625, 0.75, 0, 0.8125], "texture": "#0"},
				"west": {"uv": [0.0625, 0.75, 0, 0.8125], "texture": "#0"},
				"up": {"uv": [0.0625, 0.75, 0, 0.8125], "texture": "#0"},
				"down": {"uv": [0.0625, 0.75, 0, 0.8125], "texture": "#0"}
			}
		},
		{
			"from": [20, -12.4, 17.5],
			"to": [22, -12.15, 22.5],
			"rotation": {"angle": 0, "axis": "y", "origin": [16, -16, -24]},
			"faces": {
				"north": {"uv": [0.0625, 0.75, 0, 0.8125], "texture": "#0"},
				"east": {"uv": [0.0625, 0.75, 0, 0.8125], "texture": "#0"},
				"south": {"uv": [0.0625, 0.75, 0, 0.8125], "texture": "#0"},
				"up": {"uv": [0.0625, 0.75, 0, 0.8125], "texture": "#0"},
				"down": {"uv": [0.0625, 0.75, 0, 0.8125], "texture": "#0"}
			}
		},
		{
			"from": [20, -10.9, 17.5],
			"to": [22, -10.65, 22.5],
			"rotation": {"angle": 0, "axis": "y", "origin": [16, -16, -24]},
			"faces": {
				"north": {"uv": [0.0625, 0.75, 0, 0.8125], "texture": "#0"},
				"east": {"uv": [0.0625, 0.75, 0, 0.8125], "texture": "#0"},
				"south": {"uv": [0.0625, 0.75, 0, 0.8125], "texture": "#0"},
				"up": {"uv": [0.0625, 0.75, 0, 0.8125], "texture": "#0"},
				"down": {"uv": [0.0625, 0.75, 0, 0.8125], "texture": "#0"}
			}
		},
		{
			"from": [20, -9.2, 17.5],
			"to": [22, -8.95, 22.5],
			"rotation": {"angle": 0, "axis": "y", "origin": [16, -16, -24]},
			"faces": {
				"north": {"uv": [0.0625, 0.75, 0, 0.8125], "texture": "#0"},
				"east": {"uv": [0.0625, 0.75, 0, 0.8125], "texture": "#0"},
				"south": {"uv": [0.0625, 0.75, 0, 0.8125], "texture": "#0"},
				"up": {"uv": [0.0625, 0.75, 0, 0.8125], "texture": "#0"},
				"down": {"uv": [0.0625, 0.75, 0, 0.8125], "texture": "#0"}
			}
		},
		{
			"from": [19, -12.4, 17],
			"to": [20, -12.15, 23],
			"rotation": {"angle": 0, "axis": "y", "origin": [16, -16, -24]},
			"faces": {
				"north": {"uv": [0.0625, 0.75, 0, 0.8125], "texture": "#0"},
				"east": {"uv": [0.0625, 0.75, 0, 0.8125], "texture": "#0"},
				"south": {"uv": [0.0625, 0.75, 0, 0.8125], "texture": "#0"},
				"up": {"uv": [0.0625, 0.75, 0, 0.8125], "texture": "#0"},
				"down": {"uv": [0.0625, 0.75, 0, 0.8125], "texture": "#0"}
			}
		},
		{
			"from": [19, -10.9, 17],
			"to": [20, -10.65, 23],
			"rotation": {"angle": 0, "axis": "y", "origin": [16, -16, -24]},
			"faces": {
				"north": {"uv": [0.0625, 0.75, 0, 0.8125], "texture": "#0"},
				"east": {"uv": [0.0625, 0.75, 0, 0.8125], "texture": "#0"},
				"south": {"uv": [0.0625, 0.75, 0, 0.8125], "texture": "#0"},
				"up": {"uv": [0.0625, 0.75, 0, 0.8125], "texture": "#0"},
				"down": {"uv": [0.0625, 0.75, 0, 0.8125], "texture": "#0"}
			}
		},
		{
			"from": [19, -9.2, 17],
			"to": [20, -8.95, 23],
			"rotation": {"angle": 0, "axis": "y", "origin": [16, -16, -24]},
			"faces": {
				"north": {"uv": [0.0625, 0.75, 0, 0.8125], "texture": "#0"},
				"east": {"uv": [0.0625, 0.75, 0, 0.8125], "texture": "#0"},
				"south": {"uv": [0.0625, 0.75, 0, 0.8125], "texture": "#0"},
				"up": {"uv": [0.0625, 0.75, 0, 0.8125], "texture": "#0"},
				"down": {"uv": [0.0625, 0.75, 0, 0.8125], "texture": "#0"}
			}
		},
		{
			"from": [19, -11, 31.5],
			"to": [22.5, -9, 32],
			"rotation": {"angle": 0, "axis": "y", "origin": [16, -16, -24]},
			"faces": {
				"north": {"uv": [0.0625, 0.75, 0, 0.8125], "texture": "#0"},
				"east": {"uv": [0.0625, 0.75, 0, 0.8125], "texture": "#0"},
				"south": {"uv": [0.0625, 0.75, 0, 0.8125], "texture": "#0"},
				"up": {"uv": [0.0625, 0.75, 0, 0.8125], "texture": "#0"},
				"down": {"uv": [0.0625, 0.75, 0, 0.8125], "texture": "#0"}
			}
		},
		{
			"from": [18, -11, -1],
			"to": [19, -6, 19],
			"rotation": {"angle": 0, "axis": "y", "origin": [16, 0, -24]},
			"faces": {
				"north": {"uv": [0.0625, 0.75, 0, 0.8125], "texture": "#0"},
				"east": {"uv": [0.0625, 0.75, 0, 0.8125], "texture": "#0"},
				"south": {"uv": [0.0625, 0.75, 0, 0.8125], "texture": "#0"},
				"west": {"uv": [0.0625, 0.75, 0, 0.8125], "texture": "#0"},
				"up": {"uv": [0.0625, 0.75, 0, 0.8125], "texture": "#0"},
				"down": {"uv": [0.0625, 0.75, 0, 0.8125], "texture": "#0"}
			}
		},
		{
			"from": [18, -15, -1],
			"to": [19, -11, 2],
			"rotation": {"angle": 0, "axis": "y", "origin": [16, 0, -24]},
			"faces": {
				"north": {"uv": [0.0625, 0.75, 0, 0.8125], "texture": "#0"},
				"east": {"uv": [0.0625, 0.75, 0, 0.8125], "texture": "#0"},
				"south": {"uv": [0.0625, 0.75, 0, 0.8125], "texture": "#0"},
				"west": {"uv": [0.0625, 0.75, 0, 0.8125], "texture": "#0"},
				"up": {"uv": [0.0625, 0.75, 0, 0.8125], "texture": "#0"},
				"down": {"uv": [0.0625, 0.75, 0, 0.8125], "texture": "#0"}
			}
		},
		{
			"from": [18, -16, -6],
			"to": [20, -15, 1],
			"rotation": {"angle": 0, "axis": "y", "origin": [16, 0, -24]},
			"faces": {
				"north": {"uv": [0.0625, 0.75, 0, 0.8125], "texture": "#0"},
				"east": {"uv": [0.0625, 0.75, 0, 0.8125], "texture": "#0"},
				"south": {"uv": [0.0625, 0.75, 0, 0.8125], "texture": "#0"},
				"west": {"uv": [0.0625, 0.75, 0, 0.8125], "texture": "#0"},
				"up": {"uv": [0.0625, 0.75, 0, 0.8125], "texture": "#0"},
				"down": {"uv": [0.0625, 0.75, 0, 0.8125], "texture": "#0"}
			}
		},
		{
			"from": [18, -13, 2],
			"to": [19, -11, 3],
			"rotation": {"angle": 0, "axis": "y", "origin": [16, 0, -24]},
			"faces": {
				"north": {"uv": [0.0625, 0.75, 0, 0.8125], "texture": "#0"},
				"east": {"uv": [0.0625, 0.75, 0, 0.8125], "texture": "#0"},
				"south": {"uv": [0.0625, 0.75, 0, 0.8125], "texture": "#0"},
				"west": {"uv": [0.0625, 0.75, 0, 0.8125], "texture": "#0"},
				"up": {"uv": [0.0625, 0.75, 0, 0.8125], "texture": "#0"},
				"down": {"uv": [0.0625, 0.75, 0, 0.8125], "texture": "#0"}
			}
		},
		{
			"from": [18, -12, 3],
			"to": [19, -11, 4],
			"rotation": {"angle": 0, "axis": "y", "origin": [16, 0, -24]},
			"faces": {
				"north": {"uv": [0.0625, 0.75, 0, 0.8125], "texture": "#0"},
				"east": {"uv": [0.0625, 0.75, 0, 0.8125], "texture": "#0"},
				"south": {"uv": [0.0625, 0.75, 0, 0.8125], "texture": "#0"},
				"west": {"uv": [0.0625, 0.75, 0, 0.8125], "texture": "#0"},
				"up": {"uv": [0.0625, 0.75, 0, 0.8125], "texture": "#0"},
				"down": {"uv": [0.0625, 0.75, 0, 0.8125], "texture": "#0"}
			}
		},
		{
			"from": [18, -11, -16],
			"to": [19, -6, -4],
			"rotation": {"angle": 0, "axis": "y", "origin": [16, 0, 40]},
			"faces": {
				"north": {"uv": [0, 0.75, 0.0625, 0.8125], "texture": "#0"},
				"east": {"uv": [0, 0.75, 0.0625, 0.8125], "texture": "#0"},
				"south": {"uv": [0, 0.75, 0.0625, 0.8125], "texture": "#0"},
				"west": {"uv": [0, 0.75, 0.0625, 0.8125], "texture": "#0"},
				"up": {"uv": [0.0625, 0.8125, 0, 0.75], "texture": "#0"},
				"down": {"uv": [0.0625, 0.8125, 0, 0.75], "texture": "#0"}
			}
		},
		{
			"from": [18, -11, 22],
			"to": [19, -6, 32],
			"rotation": {"angle": 0, "axis": "y", "origin": [16, 0, 40]},
			"faces": {
				"north": {"uv": [0, 0.75, 0.0625, 0.8125], "texture": "#0"},
				"east": {"uv": [0, 0.75, 0.0625, 0.8125], "texture": "#0"},
				"south": {"uv": [0, 0.75, 0.0625, 0.8125], "texture": "#0"},
				"west": {"uv": [0, 0.75, 0.0625, 0.8125], "texture": "#0"},
				"up": {"uv": [0.0625, 0.8125, 0, 0.75], "texture": "#0"},
				"down": {"uv": [0.0625, 0.8125, 0, 0.75], "texture": "#0"}
			}
		},
		{
			"from": [18, -15, -7],
			"to": [19, -11, -4],
			"rotation": {"angle": 0, "axis": "y", "origin": [16, 0, 40]},
			"faces": {
				"north": {"uv": [0, 0.75, 0.0625, 0.8125], "texture": "#0"},
				"east": {"uv": [0, 0.75, 0.0625, 0.8125], "texture": "#0"},
				"south": {"uv": [0, 0.75, 0.0625, 0.8125], "texture": "#0"},
				"west": {"uv": [0, 0.75, 0.0625, 0.8125], "texture": "#0"},
				"up": {"uv": [0.0625, 0.8125, 0, 0.75], "texture": "#0"},
				"down": {"uv": [0.0625, 0.8125, 0, 0.75], "texture": "#0"}
			}
		},
		{
			"from": [18, -13, -8],
			"to": [19, -11, -7],
			"rotation": {"angle": 0, "axis": "y", "origin": [16, 0, 40]},
			"faces": {
				"north": {"uv": [0, 0.75, 0.0625, 0.8125], "texture": "#0"},
				"east": {"uv": [0, 0.75, 0.0625, 0.8125], "texture": "#0"},
				"south": {"uv": [0, 0.75, 0.0625, 0.8125], "texture": "#0"},
				"west": {"uv": [0, 0.75, 0.0625, 0.8125], "texture": "#0"},
				"up": {"uv": [0.0625, 0.8125, 0, 0.75], "texture": "#0"},
				"down": {"uv": [0.0625, 0.8125, 0, 0.75], "texture": "#0"}
			}
		},
		{
			"from": [18, -12, -9],
			"to": [19, -11, -8],
			"rotation": {"angle": 0, "axis": "y", "origin": [16, 0, 40]},
			"faces": {
				"north": {"uv": [0, 0.75, 0.0625, 0.8125], "texture": "#0"},
				"east": {"uv": [0, 0.75, 0.0625, 0.8125], "texture": "#0"},
				"south": {"uv": [0, 0.75, 0.0625, 0.8125], "texture": "#0"},
				"west": {"uv": [0, 0.75, 0.0625, 0.8125], "texture": "#0"},
				"up": {"uv": [0.0625, 0.8125, 0, 0.75], "texture": "#0"},
				"down": {"uv": [0.0625, 0.8125, 0, 0.75], "texture": "#0"}
			}
		},
		{
			"from": [18, -15, 16],
			"to": [19, -11, 19],
			"rotation": {"angle": 0, "axis": "y", "origin": [16, 0, 40]},
			"faces": {
				"north": {"uv": [0, 0.75, 0.0625, 0.8125], "texture": "#0"},
				"east": {"uv": [0, 0.75, 0.0625, 0.8125], "texture": "#0"},
				"south": {"uv": [0, 0.75, 0.0625, 0.8125], "texture": "#0"},
				"west": {"uv": [0, 0.75, 0.0625, 0.8125], "texture": "#0"},
				"up": {"uv": [0.0625, 0.8125, 0, 0.75], "texture": "#0"},
				"down": {"uv": [0.0625, 0.8125, 0, 0.75], "texture": "#0"}
			}
		},
		{
			"from": [18, -13, 15],
			"to": [19, -11, 16],
			"rotation": {"angle": 0, "axis": "y", "origin": [16, 0, 40]},
			"faces": {
				"north": {"uv": [0, 0.75, 0.0625, 0.8125], "texture": "#0"},
				"east": {"uv": [0, 0.75, 0.0625, 0.8125], "texture": "#0"},
				"south": {"uv": [0, 0.75, 0.0625, 0.8125], "texture": "#0"},
				"west": {"uv": [0, 0.75, 0.0625, 0.8125], "texture": "#0"},
				"up": {"uv": [0.0625, 0.8125, 0, 0.75], "texture": "#0"},
				"down": {"uv": [0.0625, 0.8125, 0, 0.75], "texture": "#0"}
			}
		},
		{
			"from": [18, -12, 13],
			"to": [19, -11, 14],
			"rotation": {"angle": 0, "axis": "y", "origin": [16, 0, 40]},
			"faces": {
				"north": {"uv": [0, 0.75, 0.0625, 0.8125], "texture": "#0"},
				"east": {"uv": [0, 0.75, 0.0625, 0.8125], "texture": "#0"},
				"south": {"uv": [0, 0.75, 0.0625, 0.8125], "texture": "#0"},
				"west": {"uv": [0, 0.75, 0.0625, 0.8125], "texture": "#0"},
				"up": {"uv": [0.0625, 0.8125, 0, 0.75], "texture": "#0"},
				"down": {"uv": [0.0625, 0.8125, 0, 0.75], "texture": "#0"}
			}
		},
		{
			"from": [18, -15, 22],
			"to": [19, -11, 25],
			"rotation": {"angle": 0, "axis": "y", "origin": [16, 0, -24]},
			"faces": {
				"north": {"uv": [0.0625, 0.75, 0, 0.8125], "texture": "#0"},
				"east": {"uv": [0.0625, 0.75, 0, 0.8125], "texture": "#0"},
				"south": {"uv": [0.0625, 0.75, 0, 0.8125], "texture": "#0"},
				"west": {"uv": [0.0625, 0.75, 0, 0.8125], "texture": "#0"},
				"up": {"uv": [0.0625, 0.75, 0, 0.8125], "texture": "#0"},
				"down": {"uv": [0.0625, 0.75, 0, 0.8125], "texture": "#0"}
			}
		},
		{
			"from": [18, -16, 17],
			"to": [20, -15, 24],
			"rotation": {"angle": 0, "axis": "y", "origin": [16, 0, -24]},
			"faces": {
				"north": {"uv": [0.0625, 0.75, 0, 0.8125], "texture": "#0"},
				"east": {"uv": [0.0625, 0.75, 0, 0.8125], "texture": "#0"},
				"south": {"uv": [0.0625, 0.75, 0, 0.8125], "texture": "#0"},
				"west": {"uv": [0.0625, 0.75, 0, 0.8125], "texture": "#0"},
				"up": {"uv": [0.0625, 0.75, 0, 0.8125], "texture": "#0"},
				"down": {"uv": [0.0625, 0.75, 0, 0.8125], "texture": "#0"}
			}
		},
		{
			"from": [18, -13, 25],
			"to": [19, -11, 26],
			"rotation": {"angle": 0, "axis": "y", "origin": [16, 0, -24]},
			"faces": {
				"north": {"uv": [0.0625, 0.75, 0, 0.8125], "texture": "#0"},
				"east": {"uv": [0.0625, 0.75, 0, 0.8125], "texture": "#0"},
				"south": {"uv": [0.0625, 0.75, 0, 0.8125], "texture": "#0"},
				"west": {"uv": [0.0625, 0.75, 0, 0.8125], "texture": "#0"},
				"up": {"uv": [0.0625, 0.75, 0, 0.8125], "texture": "#0"},
				"down": {"uv": [0.0625, 0.75, 0, 0.8125], "texture": "#0"}
			}
		},
		{
			"from": [18, -12, 26],
			"to": [19, -11, 27],
			"rotation": {"angle": 0, "axis": "y", "origin": [16, 0, -24]},
			"faces": {
				"north": {"uv": [0.0625, 0.75, 0, 0.8125], "texture": "#0"},
				"east": {"uv": [0.0625, 0.75, 0, 0.8125], "texture": "#0"},
				"south": {"uv": [0.0625, 0.75, 0, 0.8125], "texture": "#0"},
				"west": {"uv": [0.0625, 0.75, 0, 0.8125], "texture": "#0"},
				"up": {"uv": [0.0625, 0.75, 0, 0.8125], "texture": "#0"},
				"down": {"uv": [0.0625, 0.75, 0, 0.8125], "texture": "#0"}
			}
		},
		{
			"from": [19, -11, -16],
			"to": [22.5, -9, -14.5],
			"rotation": {"angle": 0, "axis": "y", "origin": [16, -16, -24]},
			"faces": {
				"north": {"uv": [0.0625, 0.75, 0, 0.8125], "texture": "#0"},
				"east": {"uv": [0.0625, 0.75, 0, 0.8125], "texture": "#0"},
				"south": {"uv": [0.0625, 0.75, 0, 0.8125], "texture": "#0"},
				"up": {"uv": [0.0625, 0.75, 0, 0.8125], "texture": "#0"},
				"down": {"uv": [0.0625, 0.75, 0, 0.8125], "texture": "#0"}
			}
		},
		{
			"from": [20.5, -12, -16],
			"to": [21.5, -5, -15.5],
			"rotation": {"angle": 0, "axis": "y", "origin": [16, -16, -24]},
			"faces": {
				"north": {"uv": [0.0625, 0.75, 0, 0.8125], "texture": "#0"},
				"east": {"uv": [0.0625, 0.75, 0, 0.8125], "texture": "#0"},
				"south": {"uv": [0.0625, 0.75, 0, 0.8125], "texture": "#0"},
				"west": {"uv": [0.0625, 0.75, 0, 0.8125], "texture": "#0"},
				"up": {"uv": [0.0625, 0.75, 0, 0.8125], "texture": "#0"},
				"down": {"uv": [0.0625, 0.75, 0, 0.8125], "texture": "#0"}
			}
		},
		{
			"from": [20, -8, -3],
			"to": [22, -7.5, -1],
			"rotation": {"angle": 0, "axis": "y", "origin": [16, -16, -24]},
			"faces": {
				"north": {"uv": [0.0625, 0.75, 0, 0.8125], "texture": "#0"},
				"east": {"uv": [0.0625, 0.75, 0, 0.8125], "texture": "#0"},
				"south": {"uv": [0.0625, 0.75, 0, 0.8125], "texture": "#0"},
				"west": {"uv": [0.0625, 0.75, 0, 0.8125], "texture": "#0"},
				"down": {"uv": [0.0625, 0.75, 0, 0.8125], "texture": "#0"}
			}
		},
		{
			"from": [20, -7.5, -5],
			"to": [22, -7, 1],
			"rotation": {"angle": 0, "axis": "y", "origin": [16, -16, -24]},
			"faces": {
				"north": {"uv": [0.125, 0.8125, 0.0625, 0.875], "texture": "#0"},
				"east": {"uv": [0.125, 0.8125, 0.0625, 0.875], "texture": "#0"},
				"south": {"uv": [0.125, 0.8125, 0.0625, 0.875], "texture": "#0"},
				"west": {"uv": [0.125, 0.8125, 0.0625, 0.875], "texture": "#0"},
				"down": {"uv": [0.125, 0.8125, 0.0625, 0.875], "texture": "#0"}
			}
		},
		{
			"from": [20, -7, -6],
			"to": [22, -6.5, 2],
			"rotation": {"angle": 0, "axis": "y", "origin": [16, -16, -24]},
			"faces": {
				"north": {"uv": [0.0625, 0.75, 0, 0.8125], "texture": "#0"},
				"east": {"uv": [0.0625, 0.75, 0, 0.8125], "texture": "#0"},
				"south": {"uv": [0.0625, 0.75, 0, 0.8125], "texture": "#0"},
				"west": {"uv": [0.0625, 0.75, 0, 0.8125], "texture": "#0"},
				"down": {"uv": [0.0625, 0.75, 0, 0.8125], "texture": "#0"}
			}
		},
		{
			"from": [20, -6.5, -8],
			"to": [22, -6, 4],
			"rotation": {"angle": 0, "axis": "y", "origin": [16, -16, -24]},
			"faces": {
				"north": {"uv": [0.125, 0.8125, 0.0625, 0.875], "texture": "#0"},
				"east": {"uv": [0.125, 0.8125, 0.0625, 0.875], "texture": "#0"},
				"south": {"uv": [0.125, 0.8125, 0.0625, 0.875], "texture": "#0"},
				"west": {"uv": [0.125, 0.8125, 0.0625, 0.875], "texture": "#0"},
				"down": {"uv": [0.125, 0.8125, 0.0625, 0.875], "texture": "#0"}
			}
		},
		{
			"from": [20, -6, -9],
			"to": [22, -5.5, 5],
			"rotation": {"angle": 0, "axis": "y", "origin": [16, -16, -24]},
			"faces": {
				"north": {"uv": [0.0625, 0.75, 0, 0.8125], "texture": "#0"},
				"east": {"uv": [0.0625, 0.75, 0, 0.8125], "texture": "#0"},
				"south": {"uv": [0.0625, 0.75, 0, 0.8125], "texture": "#0"},
				"west": {"uv": [0.0625, 0.75, 0, 0.8125], "texture": "#0"},
				"up": {"uv": [0.0625, 0.75, 0, 0.8125], "texture": "#0"},
				"down": {"uv": [0.0625, 0.75, 0, 0.8125], "texture": "#0"}
			}
		},
		{
			"from": [19, -11, -10.5],
			"to": [22.5, -9, -7.5],
			"rotation": {"angle": 0, "axis": "y", "origin": [16, -16, -24]},
			"faces": {
				"north": {"uv": [0.0625, 0.75, 0, 0.8125], "texture": "#0"},
				"east": {"uv": [0.0625, 0.75, 0, 0.8125], "texture": "#0"},
				"south": {"uv": [0.0625, 0.75, 0, 0.8125], "texture": "#0"},
				"up": {"uv": [0.0625, 0.75, 0, 0.8125], "texture": "#0"},
				"down": {"uv": [0.0625, 0.75, 0, 0.8125], "texture": "#0"}
			}
		},
		{
			"from": [20.5, -12, -9.5],
			"to": [21.5, -5, -8.5],
			"rotation": {"angle": 0, "axis": "y", "origin": [16, -16, -24]},
			"faces": {
				"north": {"uv": [0.0625, 0.75, 0, 0.8125], "texture": "#0"},
				"east": {"uv": [0.0625, 0.75, 0, 0.8125], "texture": "#0"},
				"south": {"uv": [0.0625, 0.75, 0, 0.8125], "texture": "#0"},
				"west": {"uv": [0.0625, 0.75, 0, 0.8125], "texture": "#0"},
				"up": {"uv": [0.0625, 0.75, 0, 0.8125], "texture": "#0"},
				"down": {"uv": [0.0625, 0.75, 0, 0.8125], "texture": "#0"}
			}
		},
		{
			"from": [19, -11, 3.5],
			"to": [22.5, -9, 6.5],
			"rotation": {"angle": 0, "axis": "y", "origin": [16, -16, -24]},
			"faces": {
				"north": {"uv": [0.0625, 0.75, 0, 0.8125], "texture": "#0"},
				"east": {"uv": [0.0625, 0.75, 0, 0.8125], "texture": "#0"},
				"south": {"uv": [0.0625, 0.75, 0, 0.8125], "texture": "#0"},
				"up": {"uv": [0.0625, 0.75, 0, 0.8125], "texture": "#0"},
				"down": {"uv": [0.0625, 0.75, 0, 0.8125], "texture": "#0"}
			}
		},
		{
			"from": [20.5, -12, 4.5],
			"to": [21.5, -5, 5.5],
			"rotation": {"angle": 0, "axis": "y", "origin": [16, -16, -24]},
			"faces": {
				"north": {"uv": [0.0625, 0.75, 0, 0.8125], "texture": "#0"},
				"east": {"uv": [0.0625, 0.75, 0, 0.8125], "texture": "#0"},
				"south": {"uv": [0.0625, 0.75, 0, 0.8125], "texture": "#0"},
				"west": {"uv": [0.0625, 0.75, 0, 0.8125], "texture": "#0"},
				"up": {"uv": [0.0625, 0.75, 0, 0.8125], "texture": "#0"},
				"down": {"uv": [0.0625, 0.75, 0, 0.8125], "texture": "#0"}
			}
		},
		{
			"from": [19.5, -8, -3.5],
			"to": [22.5, -4, -1.5],
			"rotation": {"angle": 0, "axis": "y", "origin": [16, -16, -24]},
			"faces": {
				"north": {"uv": [0.0625, 0.8125, 0, 1.0625], "texture": "#0"},
				"east": {"uv": [0.0625, 0.8125, 0, 1.0625], "texture": "#0"},
				"south": {"uv": [0.0625, 0.8125, 0, 1.0625], "texture": "#0"},
				"west": {"uv": [0.0625, 0.8125, 0, 1.0625], "texture": "#0"},
				"up": {"uv": [0.0625, 0.75, 0, 0.8125], "texture": "#0"}
			}
		},
		{
			"from": [19, -13, -4.5],
			"to": [23, -8.6, -0.5],
			"rotation": {"angle": 0, "axis": "y", "origin": [16, -16, -24]},
			"faces": {
				"north": {"uv": [0.0625, 0.75, 0, 0.8125], "texture": "#0"},
				"east": {"uv": [0.0625, 0.75, 0, 0.8125], "texture": "#0"},
				"south": {"uv": [0.0625, 0.75, 0, 0.8125], "texture": "#0"},
				"west": {"uv": [0.0625, 0.75, 0, 0.8125], "texture": "#0"},
				"up": {"uv": [0.0625, 0.75, 0, 0.8125], "texture": "#0"},
				"down": {"uv": [0.0625, 0.75, 0, 0.8125], "texture": "#0"}
			}
		},
		{
			"from": [20, -12.4, -5],
			"to": [22, -12.15, 0],
			"rotation": {"angle": 0, "axis": "y", "origin": [16, -16, -24]},
			"faces": {
				"north": {"uv": [0.0625, 0.75, 0, 0.8125], "texture": "#0"},
				"east": {"uv": [0.0625, 0.75, 0, 0.8125], "texture": "#0"},
				"south": {"uv": [0.0625, 0.75, 0, 0.8125], "texture": "#0"},
				"up": {"uv": [0.0625, 0.75, 0, 0.8125], "texture": "#0"},
				"down": {"uv": [0.0625, 0.75, 0, 0.8125], "texture": "#0"}
			}
		},
		{
			"from": [20, -10.9, -5],
			"to": [22, -10.65, 0],
			"rotation": {"angle": 0, "axis": "y", "origin": [16, -16, -24]},
			"faces": {
				"north": {"uv": [0.0625, 0.75, 0, 0.8125], "texture": "#0"},
				"east": {"uv": [0.0625, 0.75, 0, 0.8125], "texture": "#0"},
				"south": {"uv": [0.0625, 0.75, 0, 0.8125], "texture": "#0"},
				"up": {"uv": [0.0625, 0.75, 0, 0.8125], "texture": "#0"},
				"down": {"uv": [0.0625, 0.75, 0, 0.8125], "texture": "#0"}
			}
		},
		{
			"from": [20, -9.2, -5],
			"to": [22, -8.95, 0],
			"rotation": {"angle": 0, "axis": "y", "origin": [16, -16, -24]},
			"faces": {
				"north": {"uv": [0.0625, 0.75, 0, 0.8125], "texture": "#0"},
				"east": {"uv": [0.0625, 0.75, 0, 0.8125], "texture": "#0"},
				"south": {"uv": [0.0625, 0.75, 0, 0.8125], "texture": "#0"},
				"up": {"uv": [0.0625, 0.75, 0, 0.8125], "texture": "#0"},
				"down": {"uv": [0.0625, 0.75, 0, 0.8125], "texture": "#0"}
			}
		},
		{
			"from": [19, -12.4, -5.5],
			"to": [20, -12.15, 0.5],
			"rotation": {"angle": 0, "axis": "y", "origin": [16, -16, -24]},
			"faces": {
				"north": {"uv": [0.0625, 0.75, 0, 0.8125], "texture": "#0"},
				"east": {"uv": [0.0625, 0.75, 0, 0.8125], "texture": "#0"},
				"south": {"uv": [0.0625, 0.75, 0, 0.8125], "texture": "#0"},
				"up": {"uv": [0.0625, 0.75, 0, 0.8125], "texture": "#0"},
				"down": {"uv": [0.0625, 0.75, 0, 0.8125], "texture": "#0"}
			}
		},
		{
			"from": [19, -10.9, -5.5],
			"to": [20, -10.65, 0.5],
			"rotation": {"angle": 0, "axis": "y", "origin": [16, -16, -24]},
			"faces": {
				"north": {"uv": [0.0625, 0.75, 0, 0.8125], "texture": "#0"},
				"east": {"uv": [0.0625, 0.75, 0, 0.8125], "texture": "#0"},
				"south": {"uv": [0.0625, 0.75, 0, 0.8125], "texture": "#0"},
				"up": {"uv": [0.0625, 0.75, 0, 0.8125], "texture": "#0"},
				"down": {"uv": [0.0625, 0.75, 0, 0.8125], "texture": "#0"}
			}
		},
		{
			"from": [19, -9.2, -5.5],
			"to": [20, -8.95, 0.5],
			"rotation": {"angle": 0, "axis": "y", "origin": [16, -16, -24]},
			"faces": {
				"north": {"uv": [0.0625, 0.75, 0, 0.8125], "texture": "#0"},
				"east": {"uv": [0.0625, 0.75, 0, 0.8125], "texture": "#0"},
				"south": {"uv": [0.0625, 0.75, 0, 0.8125], "texture": "#0"},
				"up": {"uv": [0.0625, 0.75, 0, 0.8125], "texture": "#0"},
				"down": {"uv": [0.0625, 0.75, 0, 0.8125], "texture": "#0"}
			}
		},
		{
			"from": [20, -8, 20],
			"to": [22, -7.5, 22],
			"rotation": {"angle": 0, "axis": "y", "origin": [16, -16, -24]},
			"faces": {
				"north": {"uv": [0.0625, 0.75, 0, 0.8125], "texture": "#0"},
				"east": {"uv": [0.0625, 0.75, 0, 0.8125], "texture": "#0"},
				"south": {"uv": [0.0625, 0.75, 0, 0.8125], "texture": "#0"},
				"west": {"uv": [0.0625, 0.75, 0, 0.8125], "texture": "#0"},
				"down": {"uv": [0.0625, 0.75, 0, 0.8125], "texture": "#0"}
			}
		},
		{
			"from": [20, -7.5, 18],
			"to": [22, -7, 24],
			"rotation": {"angle": 0, "axis": "y", "origin": [16, -16, -24]},
			"faces": {
				"north": {"uv": [0.125, 0.8125, 0.0625, 0.875], "texture": "#0"},
				"east": {"uv": [0.125, 0.8125, 0.0625, 0.875], "texture": "#0"},
				"south": {"uv": [0.125, 0.8125, 0.0625, 0.875], "texture": "#0"},
				"west": {"uv": [0.125, 0.8125, 0.0625, 0.875], "texture": "#0"},
				"down": {"uv": [0.125, 0.8125, 0.0625, 0.875], "texture": "#0"}
			}
		},
		{
			"from": [20, -7, 17],
			"to": [22, -6.5, 25],
			"rotation": {"angle": 0, "axis": "y", "origin": [16, -16, -24]},
			"faces": {
				"north": {"uv": [0.0625, 0.75, 0, 0.8125], "texture": "#0"},
				"east": {"uv": [0.0625, 0.75, 0, 0.8125], "texture": "#0"},
				"south": {"uv": [0.0625, 0.75, 0, 0.8125], "texture": "#0"},
				"west": {"uv": [0.0625, 0.75, 0, 0.8125], "texture": "#0"},
				"down": {"uv": [0.0625, 0.75, 0, 0.8125], "texture": "#0"}
			}
		},
		{
			"from": [20, -6.5, 15],
			"to": [22, -6, 27],
			"rotation": {"angle": 0, "axis": "y", "origin": [16, -16, -24]},
			"faces": {
				"north": {"uv": [0.125, 0.8125, 0.0625, 0.875], "texture": "#0"},
				"east": {"uv": [0.125, 0.8125, 0.0625, 0.875], "texture": "#0"},
				"south": {"uv": [0.125, 0.8125, 0.0625, 0.875], "texture": "#0"},
				"west": {"uv": [0.125, 0.8125, 0.0625, 0.875], "texture": "#0"},
				"down": {"uv": [0.125, 0.8125, 0.0625, 0.875], "texture": "#0"}
			}
		},
		{
			"from": [20, -6, 14],
			"to": [22, -5.5, 28],
			"rotation": {"angle": 0, "axis": "y", "origin": [16, -16, -24]},
			"faces": {
				"north": {"uv": [0.0625, 0.75, 0, 0.8125], "texture": "#0"},
				"east": {"uv": [0.0625, 0.75, 0, 0.8125], "texture": "#0"},
				"south": {"uv": [0.0625, 0.75, 0, 0.8125], "texture": "#0"},
				"west": {"uv": [0.0625, 0.75, 0, 0.8125], "texture": "#0"},
				"up": {"uv": [0.0625, 0.75, 0, 0.8125], "texture": "#0"},
				"down": {"uv": [0.0625, 0.75, 0, 0.8125], "texture": "#0"}
			}
		},
		{
			"from": [19, -11, 12.5],
			"to": [22.5, -9, 15.5],
			"rotation": {"angle": 0, "axis": "y", "origin": [16, -16, -24]},
			"faces": {
				"north": {"uv": [0.0625, 0.75, 0, 0.8125], "texture": "#0"},
				"east": {"uv": [0.0625, 0.75, 0, 0.8125], "texture": "#0"},
				"south": {"uv": [0.0625, 0.75, 0, 0.8125], "texture": "#0"},
				"up": {"uv": [0.0625, 0.75, 0, 0.8125], "texture": "#0"},
				"down": {"uv": [0.0625, 0.75, 0, 0.8125], "texture": "#0"}
			}
		},
		{
			"from": [20.5, -12, 13.5],
			"to": [21.5, -5, 14.5],
			"rotation": {"angle": 0, "axis": "y", "origin": [16, -16, -24]},
			"faces": {
				"north": {"uv": [0.0625, 0.75, 0, 0.8125], "texture": "#0"},
				"east": {"uv": [0.0625, 0.75, 0, 0.8125], "texture": "#0"},
				"south": {"uv": [0.0625, 0.75, 0, 0.8125], "texture": "#0"},
				"west": {"uv": [0.0625, 0.75, 0, 0.8125], "texture": "#0"},
				"up": {"uv": [0.0625, 0.75, 0, 0.8125], "texture": "#0"},
				"down": {"uv": [0.0625, 0.75, 0, 0.8125], "texture": "#0"}
			}
		},
		{
			"from": [19, -11, 26.5],
			"to": [22.5, -9, 29.5],
			"rotation": {"angle": 0, "axis": "y", "origin": [16, -16, -24]},
			"faces": {
				"north": {"uv": [0.0625, 0.75, 0, 0.8125], "texture": "#0"},
				"east": {"uv": [0.0625, 0.75, 0, 0.8125], "texture": "#0"},
				"south": {"uv": [0.0625, 0.75, 0, 0.8125], "texture": "#0"},
				"up": {"uv": [0.0625, 0.75, 0, 0.8125], "texture": "#0"},
				"down": {"uv": [0.0625, 0.75, 0, 0.8125], "texture": "#0"}
			}
		},
		{
			"from": [20.5, -12, 27.5],
			"to": [21.5, -5, 28.5],
			"rotation": {"angle": 0, "axis": "y", "origin": [16, -16, -24]},
			"faces": {
				"north": {"uv": [0.0625, 0.75, 0, 0.8125], "texture": "#0"},
				"east": {"uv": [0.0625, 0.75, 0, 0.8125], "texture": "#0"},
				"south": {"uv": [0.0625, 0.75, 0, 0.8125], "texture": "#0"},
				"west": {"uv": [0.0625, 0.75, 0, 0.8125], "texture": "#0"},
				"up": {"uv": [0.0625, 0.75, 0, 0.8125], "texture": "#0"},
				"down": {"uv": [0.0625, 0.75, 0, 0.8125], "texture": "#0"}
			}
		},
		{
			"from": [19.5, -8, 19.5],
			"to": [22.5, -4, 21.5],
			"rotation": {"angle": 0, "axis": "y", "origin": [16, -16, -24]},
			"faces": {
				"north": {"uv": [0.0625, 0.8125, 0, 1.0625], "texture": "#0"},
				"east": {"uv": [0.0625, 0.8125, 0, 1.0625], "texture": "#0"},
				"south": {"uv": [0.0625, 0.8125, 0, 1.0625], "texture": "#0"},
				"west": {"uv": [0.0625, 0.8125, 0, 1.0625], "texture": "#0"},
				"up": {"uv": [0.0625, 0.75, 0, 0.8125], "texture": "#0"}
			}
		},
		{
			"from": [19, -13, 18.5],
			"to": [23, -8.6, 22.5],
			"rotation": {"angle": 0, "axis": "y", "origin": [16, -16, -24]},
			"faces": {
				"north": {"uv": [0.0625, 0.75, 0, 0.8125], "texture": "#0"},
				"east": {"uv": [0.0625, 0.75, 0, 0.8125], "texture": "#0"},
				"south": {"uv": [0.0625, 0.75, 0, 0.8125], "texture": "#0"},
				"west": {"uv": [0.0625, 0.75, 0, 0.8125], "texture": "#0"},
				"up": {"uv": [0.0625, 0.75, 0, 0.8125], "texture": "#0"},
				"down": {"uv": [0.0625, 0.75, 0, 0.8125], "texture": "#0"}
			}
		},
		{
			"from": [20, -12.4, 18],
			"to": [22, -12.15, 23],
			"rotation": {"angle": 0, "axis": "y", "origin": [16, -16, -24]},
			"faces": {
				"north": {"uv": [0.0625, 0.75, 0, 0.8125], "texture": "#0"},
				"east": {"uv": [0.0625, 0.75, 0, 0.8125], "texture": "#0"},
				"south": {"uv": [0.0625, 0.75, 0, 0.8125], "texture": "#0"},
				"up": {"uv": [0.0625, 0.75, 0, 0.8125], "texture": "#0"},
				"down": {"uv": [0.0625, 0.75, 0, 0.8125], "texture": "#0"}
			}
		},
		{
			"from": [20, -10.9, 18],
			"to": [22, -10.65, 23],
			"rotation": {"angle": 0, "axis": "y", "origin": [16, -16, -24]},
			"faces": {
				"north": {"uv": [0.0625, 0.75, 0, 0.8125], "texture": "#0"},
				"east": {"uv": [0.0625, 0.75, 0, 0.8125], "texture": "#0"},
				"south": {"uv": [0.0625, 0.75, 0, 0.8125], "texture": "#0"},
				"up": {"uv": [0.0625, 0.75, 0, 0.8125], "texture": "#0"},
				"down": {"uv": [0.0625, 0.75, 0, 0.8125], "texture": "#0"}
			}
		},
		{
			"from": [20, -9.2, 18],
			"to": [22, -8.95, 23],
			"rotation": {"angle": 0, "axis": "y", "origin": [16, -16, -24]},
			"faces": {
				"north": {"uv": [0.0625, 0.75, 0, 0.8125], "texture": "#0"},
				"east": {"uv": [0.0625, 0.75, 0, 0.8125], "texture": "#0"},
				"south": {"uv": [0.0625, 0.75, 0, 0.8125], "texture": "#0"},
				"up": {"uv": [0.0625, 0.75, 0, 0.8125], "texture": "#0"},
				"down": {"uv": [0.0625, 0.75, 0, 0.8125], "texture": "#0"}
			}
		},
		{
			"from": [19, -12.4, 17.5],
			"to": [20, -12.15, 23.5],
			"rotation": {"angle": 0, "axis": "y", "origin": [16, -16, -24]},
			"faces": {
				"north": {"uv": [0.0625, 0.75, 0, 0.8125], "texture": "#0"},
				"east": {"uv": [0.0625, 0.75, 0, 0.8125], "texture": "#0"},
				"south": {"uv": [0.0625, 0.75, 0, 0.8125], "texture": "#0"},
				"up": {"uv": [0.0625, 0.75, 0, 0.8125], "texture": "#0"},
				"down": {"uv": [0.0625, 0.75, 0, 0.8125], "texture": "#0"}
			}
		},
		{
			"from": [19, -10.9, 17.5],
			"to": [20, -10.65, 23.5],
			"rotation": {"angle": 0, "axis": "y", "origin": [16, -16, -24]},
			"faces": {
				"north": {"uv": [0.0625, 0.75, 0, 0.8125], "texture": "#0"},
				"east": {"uv": [0.0625, 0.75, 0, 0.8125], "texture": "#0"},
				"south": {"uv": [0.0625, 0.75, 0, 0.8125], "texture": "#0"},
				"up": {"uv": [0.0625, 0.75, 0, 0.8125], "texture": "#0"},
				"down": {"uv": [0.0625, 0.75, 0, 0.8125], "texture": "#0"}
			}
		},
		{
			"from": [19, -9.2, 17.5],
			"to": [20, -8.95, 23.5],
			"rotation": {"angle": 0, "axis": "y", "origin": [16, -16, -24]},
			"faces": {
				"north": {"uv": [0.0625, 0.75, 0, 0.8125], "texture": "#0"},
				"east": {"uv": [0.0625, 0.75, 0, 0.8125], "texture": "#0"},
				"south": {"uv": [0.0625, 0.75, 0, 0.8125], "texture": "#0"},
				"up": {"uv": [0.0625, 0.75, 0, 0.8125], "texture": "#0"},
				"down": {"uv": [0.0625, 0.75, 0, 0.8125], "texture": "#0"}
			}
		},
		{
			"from": [19, -11, 31.5],
			"to": [22.5, -9, 32],
			"rotation": {"angle": 0, "axis": "y", "origin": [16, -16, -24]},
			"faces": {
				"north": {"uv": [0.0625, 0.75, 0, 0.8125], "texture": "#0"},
				"east": {"uv": [0.0625, 0.75, 0, 0.8125], "texture": "#0"},
				"south": {"uv": [0.0625, 0.75, 0, 0.8125], "texture": "#0"},
				"up": {"uv": [0.0625, 0.75, 0, 0.8125], "texture": "#0"},
				"down": {"uv": [0.0625, 0.75, 0, 0.8125], "texture": "#0"}
			}
		}
	],
	"display": {
		"gui": {
			"rotation": [25, 135, 0],
			"scale": [0.25, 0.25, 0.25]
		},
		"head": {
			"scale": [2, 2, 2]
		}
	},
	"groups": [
		{
			"name": "sides",
			"origin": [8, 8, 8],
			"color": 0,
			"children": [0]
		},
		{
			"name": "body",
			"origin": [0, 0, 0],
			"color": 0,
			"children": [
				{
					"name": "left wall",
					"origin": [0, 0, 0],
					"color": 0,
					"children": [1, 2, 3]
				},
				{
					"name": "right wall",
					"origin": [0, 0, 0],
					"color": 0,
					"children": [4, 5, 6]
				}
			]
		},
		{
			"name": "wall",
			"origin": [0, 0, 0],
			"color": 0,
			"children": [7, 8, 9, 10, 11, 12, 13]
		},
		{
			"name": "coal",
			"origin": [0, 0, 0],
			"color": 0,
			"children": [14, 15, 16, 17, 18]
		},
		{
			"name": "undercarriage",
			"origin": [8, 8, 8],
			"color": 0,
			"children": [
				{
					"name": "chassis",
					"origin": [8, 8, 8],
					"color": 0,
					"children": [19, 20]
				},
				{
					"name": "left",
					"origin": [8, 8, 8],
					"color": 0,
					"children": [
						{
							"name": "chassis",
							"origin": [0, 0, 0],
							"color": 0,
							"children": [
								21,
								22,
								23,
								{
									"name": "group",
									"origin": [0, 0, 40],
									"color": 0,
									"children": [24, 25, 26, 27, 28, 29, 30]
								},
								{
									"name": "group",
									"origin": [0, 0, -24],
									"color": 0,
									"children": [31, 32, 33, 34, 35, 36, 37]
								}
							]
						},
						{
							"name": "wheel support",
							"origin": [8, 8, 8],
							"color": 0,
							"children": [
								{
									"name": "rear support",
									"origin": [0, 0, 0],
									"color": 0,
									"children": [38, 39]
								}
							]
						},
						{
							"name": "wheel support",
							"origin": [8, 8, 8],
							"color": 0,
							"children": [
								{
									"name": "leaf spring",
									"origin": [0, 0, 0],
									"color": 0,
									"children": [40, 41, 42, 43, 44]
								},
								{
									"name": "front support",
									"origin": [0, 0, 0],
									"color": 0,
									"children": [45, 46]
								},
								{
									"name": "rear support",
									"origin": [0, 0, 0],
									"color": 0,
									"children": [47, 48]
								},
								{
									"name": "group",
									"origin": [8, 8, 8],
									"color": 0,
									"children": [49, 50, 51, 52, 53, 54, 55, 56]
								}
							]
						},
						{
							"name": "wheel support",
							"origin": [8, 8, 8],
							"color": 0,
							"children": [
								{
									"name": "leaf spring",
									"origin": [0, 0, 0],
									"color": 0,
									"children": [57, 58, 59, 60, 61]
								},
								{
									"name": "front support",
									"origin": [0, 0, 0],
									"color": 0,
									"children": [62, 63]
								},
								{
									"name": "rear support",
									"origin": [0, 0, 0],
									"color": 0,
									"children": [64, 65]
								},
								{
									"name": "group",
									"origin": [8, 8, 8],
									"color": 0,
									"children": [66, 67, 68, 69, 70, 71, 72, 73]
								}
							]
						},
						{
							"name": "wheel support",
							"origin": [8, 8, 8],
							"color": 0,
							"children": [
								{
									"name": "rear support",
									"origin": [0, 0, 0],
									"color": 0,
									"children": [74]
								}
							]
						}
					]
				},
				{
					"name": "right",
					"origin": [8, 8, 8],
					"color": 0,
					"children": [
						{
							"name": "chassis",
							"origin": [0, 0, 0],
							"color": 0,
							"children": [
								75,
								76,
								77,
								{
									"name": "group",
									"origin": [0, 0, 40],
									"color": 0,
									"children": [78, 79, 80, 81, 82, 83, 84]
								},
								{
									"name": "group",
									"origin": [0, 0, -24],
									"color": 0,
									"children": [85, 86, 87, 88, 89, 90, 91]
								}
							]
						},
						{
							"name": "wheel support",
							"origin": [8, 8, 8],
							"color": 0,
							"children": [
								{
									"name": "rear support",
									"origin": [0, 0, 0],
									"color": 0,
									"children": [92, 93]
								}
							]
						},
						{
							"name": "wheel support",
							"origin": [8, 8, 8],
							"color": 0,
							"children": [
								{
									"name": "leaf spring",
									"origin": [0, 0, 0],
									"color": 0,
									"children": [94, 95, 96, 97, 98]
								},
								{
									"name": "front support",
									"origin": [0, 0, 0],
									"color": 0,
									"children": [99, 100]
								},
								{
									"name": "rear support",
									"origin": [0, 0, 0],
									"color": 0,
									"children": [101, 102]
								},
								{
									"name": "group",
									"origin": [8, 8, 8],
									"color": 0,
									"children": [103, 104, 105, 106, 107, 108, 109, 110]
								}
							]
						},
						{
							"name": "wheel support",
							"origin": [8, 8, 8],
							"color": 0,
							"children": [
								{
									"name": "leaf spring",
									"origin": [0, 0, 0],
									"color": 0,
									"children": [111, 112, 113, 114, 115]
								},
								{
									"name": "front support",
									"origin": [0, 0, 0],
									"color": 0,
									"children": [116, 117]
								},
								{
									"name": "rear support",
									"origin": [0, 0, 0],
									"color": 0,
									"children": [118, 119]
								},
								{
									"name": "group",
									"origin": [8, 8, 8],
									"color": 0,
									"children": [120, 121, 122, 123, 124, 125, 126, 127]
								}
							]
						},
						{
							"name": "wheel support",
							"origin": [8, 8, 8],
							"color": 0,
							"children": [
								{
									"name": "rear support",
									"origin": [0, 0, 0],
									"color": 0,
									"children": [128]
								}
							]
						}
					]
				},
				{
					"name": "right",
					"origin": [8, 8, 8],
					"color": 0,
					"children": [
						{
							"name": "chassis",
							"origin": [0, 0, 0],
							"color": 0,
							"children": [129, 130, 131, 132, 133, 134, 135, 136, 137, 138, 139, 140, 141, 142, 143, 144, 145]
						},
						{
							"name": "wheel support",
							"origin": [8, 8, 8],
							"color": 0,
							"children": [
								{
									"name": "rear support",
									"origin": [0, 0, 0],
									"color": 0,
									"children": [146, 147]
								}
							]
						},
						{
							"name": "wheel support",
							"origin": [8, 8, 8],
							"color": 0,
							"children": [
								{
									"name": "leaf spring",
									"origin": [0, 0, 0],
									"color": 0,
									"children": [148, 149, 150, 151, 152]
								},
								{
									"name": "front support",
									"origin": [0, 0, 0],
									"color": 0,
									"children": [153, 154]
								},
								{
									"name": "rear support",
									"origin": [0, 0, 0],
									"color": 0,
									"children": [155, 156]
								},
								{
									"name": "group",
									"origin": [8, 8, 8],
									"color": 0,
									"children": [157, 158, 159, 160, 161, 162, 163, 164]
								}
							]
						},
						{
							"name": "wheel support",
							"origin": [8, 8, 8],
							"color": 0,
							"children": [
								{
									"name": "leaf spring",
									"origin": [0, 0, 0],
									"color": 0,
									"children": [165, 166, 167, 168, 169]
								},
								{
									"name": "front support",
									"origin": [0, 0, 0],
									"color": 0,
									"children": [170, 171]
								},
								{
									"name": "rear support",
									"origin": [0, 0, 0],
									"color": 0,
									"children": [172, 173]
								},
								{
									"name": "group",
									"origin": [8, 8, 8],
									"color": 0,
									"children": [174, 175, 176, 177, 178, 179, 180, 181]
								}
							]
						},
						{
							"name": "wheel support",
							"origin": [8, 8, 8],
							"color": 0,
							"children": [
								{
									"name": "rear support",
									"origin": [0, 0, 0],
									"color": 0,
									"children": [182]
								}
							]
						}
					]
				}
			]
		}
	]
}