{
	"credit": "Made with Blockbench",
	"texture_size": [256, 256],
	"textures": {
		"0": "item/amalon/tc/a4/skin_mallard",
		"particle": "item/amalon/tc/a4/skin_mallard"
	},
	"elements": [
		{
			"name": "inner",
			"from": [-1.75, 1.5, 6.7],
			"to": [-1, 14.5, 9.3],
			"rotation": {"angle": 0, "axis": "x", "origin": [16, 8, 8]},
			"faces": {
				"east": {"uv": [2.1875, 0.3125, 2.0625, 0.5], "texture": "#0"},
				"west": {"uv": [2.0625, 0.3125, 1.9375, 0.5], "texture": "#0"},
				"down": {"uv": [1.9375, 0.3125, 2.0625, 0.25], "rotation": 270, "texture": "#0"}
			}
		},
		{
			"name": "rim",
			"from": [-2, 0, 6.41],
			"to": [-1, 1.5, 9.59],
			"rotation": {"angle": 0, "axis": "x", "origin": [16, 8, 8]},
			"faces": {
				"east": {"uv": [2.4375, 0.125, 2.0625, 0.1875], "texture": "#0"},
				"west": {"uv": [2.4375, 0, 2.0625, 0.0625], "texture": "#0"},
				"up": {"uv": [2.0625, 0.125, 2.4375, 0.0625], "rotation": 90, "texture": "#0"},
				"down": {"uv": [2.0625, 0.25, 2.4375, 0.1875], "rotation": 270, "texture": "#0"}
			}
		},
		{
			"name": "flange",
			"from": [-1.2, -0.5, 6.31],
			"to": [-1, 0, 9.69],
			"rotation": {"angle": 0, "axis": "x", "origin": [16, 8, 8]},
			"faces": {
				"east": {"uv": [2, 0, 1.9375, 0.0625], "texture": "#0"},
				"west": {"uv": [2, 0.125, 1.9375, 0.1875], "texture": "#0"},
				"down": {"uv": [1.9375, 0.125, 2, 0.0625], "rotation": 270, "texture": "#0"}
			}
		},
		{
			"name": "inner",
			"from": [-1.75, 1.5, 6.7],
			"to": [-1, 14.5, 9.3],
			"rotation": {"angle": -22.5, "axis": "x", "origin": [16, 8, 8]},
			"faces": {
				"east": {"uv": [2.1875, 0.3125, 2.0625, 0.5], "texture": "#0"},
				"west": {"uv": [2.0625, 0.3125, 1.9375, 0.5], "texture": "#0"},
				"down": {"uv": [1.9375, 0.3125, 2.0625, 0.25], "rotation": 270, "texture": "#0"}
			}
		},
		{
			"name": "rim",
			"from": [-2, 0, 6.41],
			"to": [-1, 1.5, 9.59],
			"rotation": {"angle": -22.5, "axis": "x", "origin": [16, 8, 8]},
			"faces": {
				"east": {"uv": [2.4375, 0.125, 2.0625, 0.1875], "texture": "#0"},
				"west": {"uv": [2.4375, 0, 2.0625, 0.0625], "texture": "#0"},
				"up": {"uv": [2.0625, 0.125, 2.4375, 0.0625], "rotation": 90, "texture": "#0"},
				"down": {"uv": [2.0625, 0.25, 2.4375, 0.1875], "rotation": 270, "texture": "#0"}
			}
		},
		{
			"name": "flange",
			"from": [-1.2, -0.5, 6.31],
			"to": [-1, 0, 9.69],
			"rotation": {"angle": -22.5, "axis": "x", "origin": [16, 8, 8]},
			"faces": {
				"east": {"uv": [2, 0, 1.9375, 0.0625], "texture": "#0"},
				"west": {"uv": [2, 0.125, 1.9375, 0.1875], "texture": "#0"},
				"down": {"uv": [1.9375, 0.125, 2, 0.0625], "rotation": 270, "texture": "#0"}
			}
		},
		{
			"name": "inner",
			"from": [-1.75, 1.5, 6.7],
			"to": [-1, 14.5, 9.3],
			"rotation": {"angle": -45, "axis": "x", "origin": [16, 8, 8]},
			"faces": {
				"east": {"uv": [2.1875, 0.3125, 2.0625, 0.5], "texture": "#0"},
				"west": {"uv": [2.0625, 0.3125, 1.9375, 0.5], "texture": "#0"},
				"down": {"uv": [1.9375, 0.3125, 2.0625, 0.25], "rotation": 270, "texture": "#0"}
			}
		},
		{
			"name": "rim",
			"from": [-2, 0, 6.41],
			"to": [-1, 1.5, 9.59],
			"rotation": {"angle": -45, "axis": "x", "origin": [16, 8, 8]},
			"faces": {
				"east": {"uv": [2.4375, 0.125, 2.0625, 0.1875], "texture": "#0"},
				"west": {"uv": [2.4375, 0, 2.0625, 0.0625], "texture": "#0"},
				"up": {"uv": [2.0625, 0.125, 2.4375, 0.0625], "rotation": 90, "texture": "#0"},
				"down": {"uv": [2.0625, 0.25, 2.4375, 0.1875], "rotation": 270, "texture": "#0"}
			}
		},
		{
			"name": "flange",
			"from": [-1.2, -0.5, 6.31],
			"to": [-1, 0, 9.69],
			"rotation": {"angle": -45, "axis": "x", "origin": [16, 8, 8]},
			"faces": {
				"east": {"uv": [2, 0, 1.9375, 0.0625], "texture": "#0"},
				"west": {"uv": [2, 0.125, 1.9375, 0.1875], "texture": "#0"},
				"down": {"uv": [1.9375, 0.125, 2, 0.0625], "rotation": 270, "texture": "#0"}
			}
		},
		{
			"name": "inner",
			"from": [-1.75, 6.7, 1.5],
			"to": [-1, 9.3, 14.5],
			"rotation": {"angle": 22.5, "axis": "x", "origin": [16, 8, 8]},
			"faces": {
				"east": {"uv": [2.1875, 0.3125, 2.0625, 0.5], "rotation": 90, "texture": "#0"},
				"south": {"uv": [1.9375, 0.3125, 2.0625, 0.25], "rotation": 270, "texture": "#0"},
				"west": {"uv": [2.0625, 0.3125, 1.9375, 0.5], "rotation": 270, "texture": "#0"}
			}
		},
		{
			"name": "rim",
			"from": [-2, 6.41, 14.5],
			"to": [-1, 9.59, 16],
			"rotation": {"angle": 22.5, "axis": "x", "origin": [16, 8, 8]},
			"faces": {
				"north": {"uv": [2.0625, 0.125, 2.4375, 0.0625], "rotation": 270, "texture": "#0"},
				"east": {"uv": [2.4375, 0.125, 2.0625, 0.1875], "rotation": 90, "texture": "#0"},
				"south": {"uv": [2.0625, 0.25, 2.4375, 0.1875], "rotation": 270, "texture": "#0"},
				"west": {"uv": [2.4375, 0, 2.0625, 0.0625], "rotation": 270, "texture": "#0"}
			}
		},
		{
			"name": "flange",
			"from": [-1.2, 6.31, 16],
			"to": [-1, 9.69, 16.5],
			"rotation": {"angle": 22.5, "axis": "x", "origin": [16, 8, 8]},
			"faces": {
				"east": {"uv": [2, 0, 1.9375, 0.0625], "rotation": 90, "texture": "#0"},
				"south": {"uv": [1.9375, 0.125, 2, 0.0625], "rotation": 270, "texture": "#0"},
				"west": {"uv": [2, 0.125, 1.9375, 0.1875], "rotation": 270, "texture": "#0"}
			}
		},
		{
			"name": "inner",
			"from": [-1.75, 6.7, 1.5],
			"to": [-1, 9.3, 14.5],
			"rotation": {"angle": 0, "axis": "x", "origin": [16, 8, 8]},
			"faces": {
				"east": {"uv": [2.1875, 0.3125, 2.0625, 0.5], "rotation": 90, "texture": "#0"},
				"south": {"uv": [1.9375, 0.3125, 2.0625, 0.25], "rotation": 270, "texture": "#0"},
				"west": {"uv": [2.0625, 0.3125, 1.9375, 0.5], "rotation": 270, "texture": "#0"}
			}
		},
		{
			"name": "rim",
			"from": [-2, 6.41, 14.5],
			"to": [-1, 9.59, 16],
			"rotation": {"angle": 0, "axis": "x", "origin": [16, 8, 8]},
			"faces": {
				"north": {"uv": [2.0625, 0.125, 2.4375, 0.0625], "rotation": 270, "texture": "#0"},
				"east": {"uv": [2.4375, 0.125, 2.0625, 0.1875], "rotation": 90, "texture": "#0"},
				"south": {"uv": [2.0625, 0.25, 2.4375, 0.1875], "rotation": 270, "texture": "#0"},
				"west": {"uv": [2.4375, 0, 2.0625, 0.0625], "rotation": 270, "texture": "#0"}
			}
		},
		{
			"name": "flange",
			"from": [-1.2, 6.31, 16],
			"to": [-1, 9.69, 16.5],
			"rotation": {"angle": 0, "axis": "x", "origin": [16, 8, 8]},
			"faces": {
				"east": {"uv": [2, 0, 1.9375, 0.0625], "rotation": 90, "texture": "#0"},
				"south": {"uv": [1.9375, 0.125, 2, 0.0625], "rotation": 270, "texture": "#0"},
				"west": {"uv": [2, 0.125, 1.9375, 0.1875], "rotation": 270, "texture": "#0"}
			}
		},
		{
			"name": "inner",
			"from": [-1.75, 6.7, 1.5],
			"to": [-1, 9.3, 14.5],
			"rotation": {"angle": -22.5, "axis": "x", "origin": [16, 8, 8]},
			"faces": {
				"east": {"uv": [2.1875, 0.3125, 2.0625, 0.5], "rotation": 90, "texture": "#0"},
				"south": {"uv": [1.9375, 0.3125, 2.0625, 0.25], "rotation": 270, "texture": "#0"},
				"west": {"uv": [2.0625, 0.3125, 1.9375, 0.5], "rotation": 270, "texture": "#0"}
			}
		},
		{
			"name": "rim",
			"from": [-2, 6.41, 14.5],
			"to": [-1, 9.59, 16],
			"rotation": {"angle": -22.5, "axis": "x", "origin": [16, 8, 8]},
			"faces": {
				"north": {"uv": [2.0625, 0.125, 2.4375, 0.0625], "rotation": 270, "texture": "#0"},
				"east": {"uv": [2.4375, 0.125, 2.0625, 0.1875], "rotation": 90, "texture": "#0"},
				"south": {"uv": [2.0625, 0.25, 2.4375, 0.1875], "rotation": 270, "texture": "#0"},
				"west": {"uv": [2.4375, 0, 2.0625, 0.0625], "rotation": 270, "texture": "#0"}
			}
		},
		{
			"name": "flange",
			"from": [-1.2, 6.31, 16],
			"to": [-1, 9.69, 16.5],
			"rotation": {"angle": -22.5, "axis": "x", "origin": [16, 8, 8]},
			"faces": {
				"east": {"uv": [2, 0, 1.9375, 0.0625], "rotation": 90, "texture": "#0"},
				"south": {"uv": [1.9375, 0.125, 2, 0.0625], "rotation": 270, "texture": "#0"},
				"west": {"uv": [2, 0.125, 1.9375, 0.1875], "rotation": 270, "texture": "#0"}
			}
		},
		{
			"name": "inner",
			"from": [-1.75, 6.7, 1.5],
			"to": [-1, 9.3, 14.5],
			"rotation": {"angle": -45, "axis": "x", "origin": [16, 8, 8]},
			"faces": {
				"east": {"uv": [2.1875, 0.3125, 2.0625, 0.5], "rotation": 90, "texture": "#0"},
				"south": {"uv": [1.9375, 0.3125, 2.0625, 0.25], "rotation": 270, "texture": "#0"},
				"west": {"uv": [2.0625, 0.3125, 1.9375, 0.5], "rotation": 270, "texture": "#0"}
			}
		},
		{
			"name": "rim",
			"from": [-2, 6.41, 14.5],
			"to": [-1, 9.59, 16],
			"rotation": {"angle": -45, "axis": "x", "origin": [16, 8, 8]},
			"faces": {
				"north": {"uv": [2.0625, 0.125, 2.4375, 0.0625], "rotation": 270, "texture": "#0"},
				"east": {"uv": [2.4375, 0.125, 2.0625, 0.1875], "rotation": 90, "texture": "#0"},
				"south": {"uv": [2.0625, 0.25, 2.4375, 0.1875], "rotation": 270, "texture": "#0"},
				"west": {"uv": [2.4375, 0, 2.0625, 0.0625], "rotation": 270, "texture": "#0"}
			}
		},
		{
			"name": "flange",
			"from": [-1.2, 6.31, 16],
			"to": [-1, 9.69, 16.5],
			"rotation": {"angle": -45, "axis": "x", "origin": [16, 8, 8]},
			"faces": {
				"east": {"uv": [2, 0, 1.9375, 0.0625], "rotation": 90, "texture": "#0"},
				"south": {"uv": [1.9375, 0.125, 2, 0.0625], "rotation": 270, "texture": "#0"},
				"west": {"uv": [2, 0.125, 1.9375, 0.1875], "rotation": 270, "texture": "#0"}
			}
		},
		{
			"name": "inner",
			"from": [-1.75, 1.5, 6.7],
			"to": [-1, 14.5, 9.3],
			"rotation": {"angle": 22.5, "axis": "x", "origin": [16, 8, 8]},
			"faces": {
				"east": {"uv": [2.1875, 0.3125, 2.0625, 0.5], "rotation": 180, "texture": "#0"},
				"west": {"uv": [2.0625, 0.3125, 1.9375, 0.5], "rotation": 180, "texture": "#0"},
				"up": {"uv": [1.9375, 0.3125, 2.0625, 0.25], "rotation": 270, "texture": "#0"}
			}
		},
		{
			"name": "rim",
			"from": [-2, 14.5, 6.41],
			"to": [-1, 16, 9.59],
			"rotation": {"angle": 22.5, "axis": "x", "origin": [16, 8, 8]},
			"faces": {
				"east": {"uv": [2.4375, 0.125, 2.0625, 0.1875], "rotation": 180, "texture": "#0"},
				"west": {"uv": [2.4375, 0, 2.0625, 0.0625], "rotation": 180, "texture": "#0"},
				"up": {"uv": [2.0625, 0.25, 2.4375, 0.1875], "rotation": 270, "texture": "#0"},
				"down": {"uv": [2.0625, 0.125, 2.4375, 0.0625], "rotation": 90, "texture": "#0"}
			}
		},
		{
			"name": "flange",
			"from": [-1.2, 16, 6.31],
			"to": [-1, 16.5, 9.69],
			"rotation": {"angle": 22.5, "axis": "x", "origin": [16, 8, 8]},
			"faces": {
				"east": {"uv": [2, 0, 1.9375, 0.0625], "rotation": 180, "texture": "#0"},
				"west": {"uv": [2, 0.125, 1.9375, 0.1875], "rotation": 180, "texture": "#0"},
				"up": {"uv": [1.9375, 0.125, 2, 0.0625], "rotation": 270, "texture": "#0"}
			}
		},
		{
			"name": "rim",
			"from": [-2, 14.5, 6.41],
			"to": [-1, 16, 9.59],
			"rotation": {"angle": 0, "axis": "x", "origin": [16, 8, 8]},
			"faces": {
				"east": {"uv": [2.4375, 0.125, 2.0625, 0.1875], "rotation": 180, "texture": "#0"},
				"west": {"uv": [2.4375, 0, 2.0625, 0.0625], "rotation": 180, "texture": "#0"},
				"up": {"uv": [2.0625, 0.25, 2.4375, 0.1875], "rotation": 270, "texture": "#0"},
				"down": {"uv": [2.0625, 0.125, 2.4375, 0.0625], "rotation": 90, "texture": "#0"}
			}
		},
		{
			"name": "flange",
			"from": [-1.2, 16, 6.31],
			"to": [-1, 16.5, 9.69],
			"rotation": {"angle": 0, "axis": "x", "origin": [16, 8, 8]},
			"faces": {
				"east": {"uv": [2, 0, 1.9375, 0.0625], "rotation": 180, "texture": "#0"},
				"west": {"uv": [2, 0.125, 1.9375, 0.1875], "rotation": 180, "texture": "#0"},
				"up": {"uv": [1.9375, 0.125, 2, 0.0625], "rotation": 270, "texture": "#0"}
			}
		},
		{
			"name": "rim",
			"from": [-2, 14.5, 6.41],
			"to": [-1, 16, 9.59],
			"rotation": {"angle": -22.5, "axis": "x", "origin": [16, 8, 8]},
			"faces": {
				"east": {"uv": [2.4375, 0.125, 2.0625, 0.1875], "rotation": 180, "texture": "#0"},
				"west": {"uv": [2.4375, 0, 2.0625, 0.0625], "rotation": 180, "texture": "#0"},
				"up": {"uv": [2.0625, 0.25, 2.4375, 0.1875], "rotation": 270, "texture": "#0"},
				"down": {"uv": [2.0625, 0.125, 2.4375, 0.0625], "rotation": 90, "texture": "#0"}
			}
		},
		{
			"name": "flange",
			"from": [-1.2, 16, 6.31],
			"to": [-1, 16.5, 9.69],
			"rotation": {"angle": -22.5, "axis": "x", "origin": [16, 8, 8]},
			"faces": {
				"east": {"uv": [2, 0, 1.9375, 0.0625], "rotation": 180, "texture": "#0"},
				"west": {"uv": [2, 0.125, 1.9375, 0.1875], "rotation": 180, "texture": "#0"},
				"up": {"uv": [1.9375, 0.125, 2, 0.0625], "rotation": 270, "texture": "#0"}
			}
		},
		{
			"name": "rim",
			"from": [-2, 14.5, 6.41],
			"to": [-1, 16, 9.59],
			"rotation": {"angle": -45, "axis": "x", "origin": [16, 8, 8]},
			"faces": {
				"east": {"uv": [2.4375, 0.125, 2.0625, 0.1875], "rotation": 180, "texture": "#0"},
				"west": {"uv": [2.4375, 0, 2.0625, 0.0625], "rotation": 180, "texture": "#0"},
				"up": {"uv": [2.0625, 0.25, 2.4375, 0.1875], "rotation": 270, "texture": "#0"},
				"down": {"uv": [2.0625, 0.125, 2.4375, 0.0625], "rotation": 90, "texture": "#0"}
			}
		},
		{
			"name": "flange",
			"from": [-1.2, 16, 6.31],
			"to": [-1, 16.5, 9.69],
			"rotation": {"angle": -45, "axis": "x", "origin": [16, 8, 8]},
			"faces": {
				"east": {"uv": [2, 0, 1.9375, 0.0625], "rotation": 180, "texture": "#0"},
				"west": {"uv": [2, 0.125, 1.9375, 0.1875], "rotation": 180, "texture": "#0"},
				"up": {"uv": [1.9375, 0.125, 2, 0.0625], "rotation": 270, "texture": "#0"}
			}
		},
		{
			"name": "rim",
			"from": [-2, 6.41, 0],
			"to": [-1, 9.59, 1.5],
			"rotation": {"angle": 22.5, "axis": "x", "origin": [16, 8, 8]},
			"faces": {
				"north": {"uv": [2.0625, 0.25, 2.4375, 0.1875], "rotation": 90, "texture": "#0"},
				"east": {"uv": [2.4375, 0.125, 2.0625, 0.1875], "rotation": 270, "texture": "#0"},
				"south": {"uv": [2.0625, 0.125, 2.4375, 0.0625], "rotation": 90, "texture": "#0"},
				"west": {"uv": [2.4375, 0, 2.0625, 0.0625], "rotation": 90, "texture": "#0"}
			}
		},
		{
			"name": "flange",
			"from": [-1.2, 6.31, -0.5],
			"to": [-1, 9.69, 0],
			"rotation": {"angle": 22.5, "axis": "x", "origin": [16, 8, 8]},
			"faces": {
				"north": {"uv": [1.9375, 0.125, 2, 0.0625], "rotation": 90, "texture": "#0"},
				"east": {"uv": [2, 0, 1.9375, 0.0625], "rotation": 270, "texture": "#0"},
				"west": {"uv": [2, 0.125, 1.9375, 0.1875], "rotation": 90, "texture": "#0"}
			}
		},
		{
			"name": "rim",
			"from": [-2, 6.41, 0],
			"to": [-1, 9.59, 1.5],
			"rotation": {"angle": 0, "axis": "x", "origin": [16, 8, 8]},
			"faces": {
				"north": {"uv": [2.0625, 0.25, 2.4375, 0.1875], "rotation": 90, "texture": "#0"},
				"east": {"uv": [2.4375, 0.125, 2.0625, 0.1875], "rotation": 270, "texture": "#0"},
				"south": {"uv": [2.0625, 0.125, 2.4375, 0.0625], "rotation": 90, "texture": "#0"},
				"west": {"uv": [2.4375, 0, 2.0625, 0.0625], "rotation": 90, "texture": "#0"}
			}
		},
		{
			"name": "flange",
			"from": [-1.2, 6.31, -0.5],
			"to": [-1, 9.69, 0],
			"rotation": {"angle": 0, "axis": "x", "origin": [16, 8, 8]},
			"faces": {
				"north": {"uv": [1.9375, 0.125, 2, 0.0625], "rotation": 90, "texture": "#0"},
				"east": {"uv": [2, 0, 1.9375, 0.0625], "rotation": 270, "texture": "#0"},
				"west": {"uv": [2, 0.125, 1.9375, 0.1875], "rotation": 90, "texture": "#0"}
			}
		},
		{
			"name": "rim",
			"from": [-2, 6.41, 0],
			"to": [-1, 9.59, 1.5],
			"rotation": {"angle": -22.5, "axis": "x", "origin": [16, 8, 8]},
			"faces": {
				"north": {"uv": [2.0625, 0.25, 2.4375, 0.1875], "rotation": 90, "texture": "#0"},
				"east": {"uv": [2.4375, 0.125, 2.0625, 0.1875], "rotation": 270, "texture": "#0"},
				"south": {"uv": [2.0625, 0.125, 2.4375, 0.0625], "rotation": 90, "texture": "#0"},
				"west": {"uv": [2.4375, 0, 2.0625, 0.0625], "rotation": 90, "texture": "#0"}
			}
		},
		{
			"name": "flange",
			"from": [-1.2, 6.31, -0.5],
			"to": [-1, 9.69, 0],
			"rotation": {"angle": -22.5, "axis": "x", "origin": [16, 8, 8]},
			"faces": {
				"north": {"uv": [1.9375, 0.125, 2, 0.0625], "rotation": 90, "texture": "#0"},
				"east": {"uv": [2, 0, 1.9375, 0.0625], "rotation": 270, "texture": "#0"},
				"west": {"uv": [2, 0.125, 1.9375, 0.1875], "rotation": 90, "texture": "#0"}
			}
		},
		{
			"name": "rim",
			"from": [-2, 6.41, 0],
			"to": [-1, 9.59, 1.5],
			"rotation": {"angle": -45, "axis": "x", "origin": [16, 8, 8]},
			"faces": {
				"north": {"uv": [2.0625, 0.25, 2.4375, 0.1875], "rotation": 90, "texture": "#0"},
				"east": {"uv": [2.4375, 0.125, 2.0625, 0.1875], "rotation": 270, "texture": "#0"},
				"south": {"uv": [2.0625, 0.125, 2.4375, 0.0625], "rotation": 90, "texture": "#0"},
				"west": {"uv": [2.4375, 0, 2.0625, 0.0625], "rotation": 90, "texture": "#0"}
			}
		},
		{
			"name": "flange",
			"from": [-1.2, 6.31, -0.5],
			"to": [-1, 9.69, 0],
			"rotation": {"angle": -45, "axis": "x", "origin": [16, 8, 8]},
			"faces": {
				"north": {"uv": [1.9375, 0.125, 2, 0.0625], "rotation": 90, "texture": "#0"},
				"east": {"uv": [2, 0, 1.9375, 0.0625], "rotation": 270, "texture": "#0"},
				"west": {"uv": [2, 0.125, 1.9375, 0.1875], "rotation": 90, "texture": "#0"}
			}
		},
		{
			"name": "rim",
			"from": [-2, 0, 6.41],
			"to": [-1, 1.5, 9.59],
			"rotation": {"angle": 22.5, "axis": "x", "origin": [16, 8, 8]},
			"faces": {
				"east": {"uv": [2.4375, 0.125, 2.0625, 0.1875], "texture": "#0"},
				"west": {"uv": [2.4375, 0, 2.0625, 0.0625], "texture": "#0"},
				"up": {"uv": [2.0625, 0.125, 2.4375, 0.0625], "rotation": 90, "texture": "#0"},
				"down": {"uv": [2.0625, 0.25, 2.4375, 0.1875], "rotation": 270, "texture": "#0"}
			}
		},
		{
			"name": "flange",
			"from": [-1.2, -0.5, 6.31],
			"to": [-1, 0, 9.69],
			"rotation": {"angle": 22.5, "axis": "x", "origin": [16, 8, 8]},
			"faces": {
				"east": {"uv": [2, 0, 1.9375, 0.0625], "texture": "#0"},
				"west": {"uv": [2, 0.125, 1.9375, 0.1875], "texture": "#0"},
				"down": {"uv": [1.9375, 0.125, 2, 0.0625], "rotation": 270, "texture": "#0"}
			}
		},
		{
			"name": "inner",
			"from": [17, 1.5, 6.7],
			"to": [17.75, 14.5, 9.3],
			"rotation": {"angle": 0, "axis": "x", "origin": [0, 8, 8]},
			"faces": {
				"east": {"uv": [1.9375, 0.3125, 2.0625, 0.5], "texture": "#0"},
				"west": {"uv": [2.0625, 0.3125, 2.1875, 0.5], "texture": "#0"},
				"down": {"uv": [1.9375, 0.25, 2.0625, 0.3125], "rotation": 270, "texture": "#0"}
			}
		},
		{
			"name": "rim",
			"from": [17, 0, 6.41],
			"to": [18, 1.5, 9.59],
			"rotation": {"angle": 0, "axis": "x", "origin": [0, 8, 8]},
			"faces": {
				"east": {"uv": [2.0625, 0, 2.4375, 0.0625], "texture": "#0"},
				"west": {"uv": [2.0625, 0.125, 2.4375, 0.1875], "texture": "#0"},
				"up": {"uv": [2.0625, 0.0625, 2.4375, 0.125], "rotation": 90, "texture": "#0"},
				"down": {"uv": [2.0625, 0.1875, 2.4375, 0.25], "rotation": 270, "texture": "#0"}
			}
		},
		{
			"name": "flange",
			"from": [17, -0.5, 6.31],
			"to": [17.2, 0, 9.69],
			"rotation": {"angle": 0, "axis": "x", "origin": [0, 8, 8]},
			"faces": {
				"east": {"uv": [1.9375, 0.125, 2, 0.1875], "texture": "#0"},
				"west": {"uv": [1.9375, 0, 2, 0.0625], "texture": "#0"},
				"down": {"uv": [1.9375, 0.0625, 2, 0.125], "rotation": 270, "texture": "#0"}
			}
		},
		{
			"name": "inner",
			"from": [17, 1.5, 6.7],
			"to": [17.75, 14.5, 9.3],
			"rotation": {"angle": -22.5, "axis": "x", "origin": [0, 8, 8]},
			"faces": {
				"east": {"uv": [1.9375, 0.3125, 2.0625, 0.5], "texture": "#0"},
				"west": {"uv": [2.0625, 0.3125, 2.1875, 0.5], "texture": "#0"},
				"down": {"uv": [1.9375, 0.25, 2.0625, 0.3125], "rotation": 270, "texture": "#0"}
			}
		},
		{
			"name": "rim",
			"from": [17, 0, 6.41],
			"to": [18, 1.5, 9.59],
			"rotation": {"angle": -22.5, "axis": "x", "origin": [0, 8, 8]},
			"faces": {
				"east": {"uv": [2.0625, 0, 2.4375, 0.0625], "texture": "#0"},
				"west": {"uv": [2.0625, 0.125, 2.4375, 0.1875], "texture": "#0"},
				"up": {"uv": [2.0625, 0.0625, 2.4375, 0.125], "rotation": 90, "texture": "#0"},
				"down": {"uv": [2.0625, 0.1875, 2.4375, 0.25], "rotation": 270, "texture": "#0"}
			}
		},
		{
			"name": "flange",
			"from": [17, -0.5, 6.31],
			"to": [17.2, 0, 9.69],
			"rotation": {"angle": -22.5, "axis": "x", "origin": [0, 8, 8]},
			"faces": {
				"east": {"uv": [1.9375, 0.125, 2, 0.1875], "texture": "#0"},
				"west": {"uv": [1.9375, 0, 2, 0.0625], "texture": "#0"},
				"down": {"uv": [1.9375, 0.0625, 2, 0.125], "rotation": 270, "texture": "#0"}
			}
		},
		{
			"name": "inner",
			"from": [17, 1.5, 6.7],
			"to": [17.75, 14.5, 9.3],
			"rotation": {"angle": -45, "axis": "x", "origin": [0, 8, 8]},
			"faces": {
				"east": {"uv": [1.9375, 0.3125, 2.0625, 0.5], "texture": "#0"},
				"west": {"uv": [2.0625, 0.3125, 2.1875, 0.5], "texture": "#0"},
				"down": {"uv": [1.9375, 0.25, 2.0625, 0.3125], "rotation": 270, "texture": "#0"}
			}
		},
		{
			"name": "rim",
			"from": [17, 0, 6.41],
			"to": [18, 1.5, 9.59],
			"rotation": {"angle": -45, "axis": "x", "origin": [0, 8, 8]},
			"faces": {
				"east": {"uv": [2.0625, 0, 2.4375, 0.0625], "texture": "#0"},
				"west": {"uv": [2.0625, 0.125, 2.4375, 0.1875], "texture": "#0"},
				"up": {"uv": [2.0625, 0.0625, 2.4375, 0.125], "rotation": 90, "texture": "#0"},
				"down": {"uv": [2.0625, 0.1875, 2.4375, 0.25], "rotation": 270, "texture": "#0"}
			}
		},
		{
			"name": "flange",
			"from": [17, -0.5, 6.31],
			"to": [17.2, 0, 9.69],
			"rotation": {"angle": -45, "axis": "x", "origin": [0, 8, 8]},
			"faces": {
				"east": {"uv": [1.9375, 0.125, 2, 0.1875], "texture": "#0"},
				"west": {"uv": [1.9375, 0, 2, 0.0625], "texture": "#0"},
				"down": {"uv": [1.9375, 0.0625, 2, 0.125], "rotation": 270, "texture": "#0"}
			}
		},
		{
			"name": "inner",
			"from": [17, 6.7, 1.5],
			"to": [17.75, 9.3, 14.5],
			"rotation": {"angle": 22.5, "axis": "x", "origin": [0, 8, 8]},
			"faces": {
				"east": {"uv": [2.0625, 0.5, 1.9375, 0.3125], "rotation": 270, "texture": "#0"},
				"south": {"uv": [1.9375, 0.25, 2.0625, 0.3125], "rotation": 270, "texture": "#0"},
				"west": {"uv": [2.1875, 0.5, 2.0625, 0.3125], "rotation": 90, "texture": "#0"}
			}
		},
		{
			"name": "rim",
			"from": [17, 6.41, 14.5],
			"to": [18, 9.59, 16],
			"rotation": {"angle": 22.5, "axis": "x", "origin": [0, 8, 8]},
			"faces": {
				"north": {"uv": [2.0625, 0.0625, 2.4375, 0.125], "rotation": 270, "texture": "#0"},
				"east": {"uv": [2.4375, 0.0625, 2.0625, 0], "rotation": 270, "texture": "#0"},
				"south": {"uv": [2.0625, 0.1875, 2.4375, 0.25], "rotation": 270, "texture": "#0"},
				"west": {"uv": [2.4375, 0.1875, 2.0625, 0.125], "rotation": 90, "texture": "#0"}
			}
		},
		{
			"name": "flange",
			"from": [17, 6.31, 16],
			"to": [17.2, 9.69, 16.5],
			"rotation": {"angle": 22.5, "axis": "x", "origin": [0, 8, 8]},
			"faces": {
				"east": {"uv": [2, 0.1875, 1.9375, 0.125], "rotation": 270, "texture": "#0"},
				"south": {"uv": [1.9375, 0.0625, 2, 0.125], "rotation": 270, "texture": "#0"},
				"west": {"uv": [2, 0.0625, 1.9375, 0], "rotation": 90, "texture": "#0"}
			}
		},
		{
			"name": "inner",
			"from": [17, 6.7, 1.5],
			"to": [17.75, 9.3, 14.5],
			"rotation": {"angle": 0, "axis": "x", "origin": [0, 8, 8]},
			"faces": {
				"east": {"uv": [2.0625, 0.5, 1.9375, 0.3125], "rotation": 270, "texture": "#0"},
				"south": {"uv": [1.9375, 0.25, 2.0625, 0.3125], "rotation": 270, "texture": "#0"},
				"west": {"uv": [2.1875, 0.5, 2.0625, 0.3125], "rotation": 90, "texture": "#0"}
			}
		},
		{
			"name": "rim",
			"from": [17, 6.41, 14.5],
			"to": [18, 9.59, 16],
			"rotation": {"angle": 0, "axis": "x", "origin": [0, 8, 8]},
			"faces": {
				"north": {"uv": [2.0625, 0.0625, 2.4375, 0.125], "rotation": 270, "texture": "#0"},
				"east": {"uv": [2.4375, 0.0625, 2.0625, 0], "rotation": 270, "texture": "#0"},
				"south": {"uv": [2.0625, 0.1875, 2.4375, 0.25], "rotation": 270, "texture": "#0"},
				"west": {"uv": [2.4375, 0.1875, 2.0625, 0.125], "rotation": 90, "texture": "#0"}
			}
		},
		{
			"name": "flange",
			"from": [17, 6.31, 16],
			"to": [17.2, 9.69, 16.5],
			"rotation": {"angle": 0, "axis": "x", "origin": [0, 8, 8]},
			"faces": {
				"east": {"uv": [2, 0.1875, 1.9375, 0.125], "rotation": 270, "texture": "#0"},
				"south": {"uv": [1.9375, 0.0625, 2, 0.125], "rotation": 270, "texture": "#0"},
				"west": {"uv": [2, 0.0625, 1.9375, 0], "rotation": 90, "texture": "#0"}
			}
		},
		{
			"name": "inner",
			"from": [17, 6.7, 1.5],
			"to": [17.75, 9.3, 14.5],
			"rotation": {"angle": -22.5, "axis": "x", "origin": [0, 8, 8]},
			"faces": {
				"east": {"uv": [2.0625, 0.5, 1.9375, 0.3125], "rotation": 270, "texture": "#0"},
				"south": {"uv": [1.9375, 0.25, 2.0625, 0.3125], "rotation": 270, "texture": "#0"},
				"west": {"uv": [2.1875, 0.5, 2.0625, 0.3125], "rotation": 90, "texture": "#0"}
			}
		},
		{
			"name": "rim",
			"from": [17, 6.41, 14.5],
			"to": [18, 9.59, 16],
			"rotation": {"angle": -22.5, "axis": "x", "origin": [0, 8, 8]},
			"faces": {
				"north": {"uv": [2.0625, 0.0625, 2.4375, 0.125], "rotation": 270, "texture": "#0"},
				"east": {"uv": [2.4375, 0.0625, 2.0625, 0], "rotation": 270, "texture": "#0"},
				"south": {"uv": [2.0625, 0.1875, 2.4375, 0.25], "rotation": 270, "texture": "#0"},
				"west": {"uv": [2.4375, 0.1875, 2.0625, 0.125], "rotation": 90, "texture": "#0"}
			}
		},
		{
			"name": "flange",
			"from": [17, 6.31, 16],
			"to": [17.2, 9.69, 16.5],
			"rotation": {"angle": -22.5, "axis": "x", "origin": [0, 8, 8]},
			"faces": {
				"east": {"uv": [2, 0.1875, 1.9375, 0.125], "rotation": 270, "texture": "#0"},
				"south": {"uv": [1.9375, 0.0625, 2, 0.125], "rotation": 270, "texture": "#0"},
				"west": {"uv": [2, 0.0625, 1.9375, 0], "rotation": 90, "texture": "#0"}
			}
		},
		{
			"name": "inner",
			"from": [17, 6.7, 1.5],
			"to": [17.75, 9.3, 14.5],
			"rotation": {"angle": -45, "axis": "x", "origin": [0, 8, 8]},
			"faces": {
				"east": {"uv": [2.0625, 0.5, 1.9375, 0.3125], "rotation": 270, "texture": "#0"},
				"south": {"uv": [1.9375, 0.25, 2.0625, 0.3125], "rotation": 270, "texture": "#0"},
				"west": {"uv": [2.1875, 0.5, 2.0625, 0.3125], "rotation": 90, "texture": "#0"}
			}
		},
		{
			"name": "rim",
			"from": [17, 6.41, 14.5],
			"to": [18, 9.59, 16],
			"rotation": {"angle": -45, "axis": "x", "origin": [0, 8, 8]},
			"faces": {
				"north": {"uv": [2.0625, 0.0625, 2.4375, 0.125], "rotation": 270, "texture": "#0"},
				"east": {"uv": [2.4375, 0.0625, 2.0625, 0], "rotation": 270, "texture": "#0"},
				"south": {"uv": [2.0625, 0.1875, 2.4375, 0.25], "rotation": 270, "texture": "#0"},
				"west": {"uv": [2.4375, 0.1875, 2.0625, 0.125], "rotation": 90, "texture": "#0"}
			}
		},
		{
			"name": "flange",
			"from": [17, 6.31, 16],
			"to": [17.2, 9.69, 16.5],
			"rotation": {"angle": -45, "axis": "x", "origin": [0, 8, 8]},
			"faces": {
				"east": {"uv": [2, 0.1875, 1.9375, 0.125], "rotation": 270, "texture": "#0"},
				"south": {"uv": [1.9375, 0.0625, 2, 0.125], "rotation": 270, "texture": "#0"},
				"west": {"uv": [2, 0.0625, 1.9375, 0], "rotation": 90, "texture": "#0"}
			}
		},
		{
			"name": "inner",
			"from": [17, 1.5, 6.7],
			"to": [17.75, 14.5, 9.3],
			"rotation": {"angle": 22.5, "axis": "x", "origin": [0, 8, 8]},
			"faces": {
				"east": {"uv": [1.9375, 0.3125, 2.0625, 0.5], "rotation": 180, "texture": "#0"},
				"west": {"uv": [2.0625, 0.3125, 2.1875, 0.5], "rotation": 180, "texture": "#0"},
				"up": {"uv": [1.9375, 0.25, 2.0625, 0.3125], "rotation": 270, "texture": "#0"}
			}
		},
		{
			"name": "rim",
			"from": [17, 14.5, 6.41],
			"to": [18, 16, 9.59],
			"rotation": {"angle": 22.5, "axis": "x", "origin": [0, 8, 8]},
			"faces": {
				"east": {"uv": [2.0625, 0, 2.4375, 0.0625], "rotation": 180, "texture": "#0"},
				"west": {"uv": [2.0625, 0.125, 2.4375, 0.1875], "rotation": 180, "texture": "#0"},
				"up": {"uv": [2.0625, 0.1875, 2.4375, 0.25], "rotation": 270, "texture": "#0"},
				"down": {"uv": [2.0625, 0.0625, 2.4375, 0.125], "rotation": 90, "texture": "#0"}
			}
		},
		{
			"name": "flange",
			"from": [17, 16, 6.31],
			"to": [17.2, 16.5, 9.69],
			"rotation": {"angle": 22.5, "axis": "x", "origin": [0, 8, 8]},
			"faces": {
				"east": {"uv": [1.9375, 0.125, 2, 0.1875], "rotation": 180, "texture": "#0"},
				"west": {"uv": [1.9375, 0, 2, 0.0625], "rotation": 180, "texture": "#0"},
				"up": {"uv": [1.9375, 0.0625, 2, 0.125], "rotation": 270, "texture": "#0"}
			}
		},
		{
			"name": "rim",
			"from": [17, 14.5, 6.41],
			"to": [18, 16, 9.59],
			"rotation": {"angle": 0, "axis": "x", "origin": [0, 8, 8]},
			"faces": {
				"east": {"uv": [2.0625, 0, 2.4375, 0.0625], "rotation": 180, "texture": "#0"},
				"west": {"uv": [2.0625, 0.125, 2.4375, 0.1875], "rotation": 180, "texture": "#0"},
				"up": {"uv": [2.0625, 0.1875, 2.4375, 0.25], "rotation": 270, "texture": "#0"},
				"down": {"uv": [2.0625, 0.0625, 2.4375, 0.125], "rotation": 90, "texture": "#0"}
			}
		},
		{
			"name": "flange",
			"from": [17, 16, 6.31],
			"to": [17.2, 16.5, 9.69],
			"rotation": {"angle": 0, "axis": "x", "origin": [0, 8, 8]},
			"faces": {
				"east": {"uv": [1.9375, 0.125, 2, 0.1875], "rotation": 180, "texture": "#0"},
				"west": {"uv": [1.9375, 0, 2, 0.0625], "rotation": 180, "texture": "#0"},
				"up": {"uv": [1.9375, 0.0625, 2, 0.125], "rotation": 270, "texture": "#0"}
			}
		},
		{
			"name": "rim",
			"from": [17, 14.5, 6.41],
			"to": [18, 16, 9.59],
			"rotation": {"angle": -22.5, "axis": "x", "origin": [0, 8, 8]},
			"faces": {
				"east": {"uv": [2.0625, 0, 2.4375, 0.0625], "rotation": 180, "texture": "#0"},
				"west": {"uv": [2.0625, 0.125, 2.4375, 0.1875], "rotation": 180, "texture": "#0"},
				"up": {"uv": [2.0625, 0.1875, 2.4375, 0.25], "rotation": 270, "texture": "#0"},
				"down": {"uv": [2.0625, 0.0625, 2.4375, 0.125], "rotation": 90, "texture": "#0"}
			}
		},
		{
			"name": "flange",
			"from": [17, 16, 6.31],
			"to": [17.2, 16.5, 9.69],
			"rotation": {"angle": -22.5, "axis": "x", "origin": [0, 8, 8]},
			"faces": {
				"east": {"uv": [1.9375, 0.125, 2, 0.1875], "rotation": 180, "texture": "#0"},
				"west": {"uv": [1.9375, 0, 2, 0.0625], "rotation": 180, "texture": "#0"},
				"up": {"uv": [1.9375, 0.0625, 2, 0.125], "rotation": 270, "texture": "#0"}
			}
		},
		{
			"name": "rim",
			"from": [17, 14.5, 6.41],
			"to": [18, 16, 9.59],
			"rotation": {"angle": -45, "axis": "x", "origin": [0, 8, 8]},
			"faces": {
				"east": {"uv": [2.0625, 0, 2.4375, 0.0625], "rotation": 180, "texture": "#0"},
				"west": {"uv": [2.0625, 0.125, 2.4375, 0.1875], "rotation": 180, "texture": "#0"},
				"up": {"uv": [2.0625, 0.1875, 2.4375, 0.25], "rotation": 270, "texture": "#0"},
				"down": {"uv": [2.0625, 0.0625, 2.4375, 0.125], "rotation": 90, "texture": "#0"}
			}
		},
		{
			"name": "flange",
			"from": [17, 16, 6.31],
			"to": [17.2, 16.5, 9.69],
			"rotation": {"angle": -45, "axis": "x", "origin": [0, 8, 8]},
			"faces": {
				"east": {"uv": [1.9375, 0.125, 2, 0.1875], "rotation": 180, "texture": "#0"},
				"west": {"uv": [1.9375, 0, 2, 0.0625], "rotation": 180, "texture": "#0"},
				"up": {"uv": [1.9375, 0.0625, 2, 0.125], "rotation": 270, "texture": "#0"}
			}
		},
		{
			"name": "rim",
			"from": [17, 6.41, 0],
			"to": [18, 9.59, 1.5],
			"rotation": {"angle": 22.5, "axis": "x", "origin": [0, 8, 8]},
			"faces": {
				"north": {"uv": [2.0625, 0.1875, 2.4375, 0.25], "rotation": 90, "texture": "#0"},
				"east": {"uv": [2.4375, 0.0625, 2.0625, 0], "rotation": 90, "texture": "#0"},
				"south": {"uv": [2.0625, 0.0625, 2.4375, 0.125], "rotation": 90, "texture": "#0"},
				"west": {"uv": [2.4375, 0.1875, 2.0625, 0.125], "rotation": 270, "texture": "#0"}
			}
		},
		{
			"name": "flange",
			"from": [17, 6.31, -0.5],
			"to": [17.2, 9.69, 0],
			"rotation": {"angle": 22.5, "axis": "x", "origin": [0, 8, 8]},
			"faces": {
				"north": {"uv": [1.9375, 0.0625, 2, 0.125], "rotation": 90, "texture": "#0"},
				"east": {"uv": [2, 0.1875, 1.9375, 0.125], "rotation": 90, "texture": "#0"},
				"west": {"uv": [2, 0.0625, 1.9375, 0], "rotation": 270, "texture": "#0"}
			}
		},
		{
			"name": "rim",
			"from": [17, 6.41, 0],
			"to": [18, 9.59, 1.5],
			"rotation": {"angle": 0, "axis": "x", "origin": [0, 8, 8]},
			"faces": {
				"north": {"uv": [2.0625, 0.1875, 2.4375, 0.25], "rotation": 90, "texture": "#0"},
				"east": {"uv": [2.4375, 0.0625, 2.0625, 0], "rotation": 90, "texture": "#0"},
				"south": {"uv": [2.0625, 0.0625, 2.4375, 0.125], "rotation": 90, "texture": "#0"},
				"west": {"uv": [2.4375, 0.1875, 2.0625, 0.125], "rotation": 270, "texture": "#0"}
			}
		},
		{
			"name": "flange",
			"from": [17, 6.31, -0.5],
			"to": [17.2, 9.69, 0],
			"rotation": {"angle": 0, "axis": "x", "origin": [0, 8, 8]},
			"faces": {
				"north": {"uv": [1.9375, 0.0625, 2, 0.125], "rotation": 90, "texture": "#0"},
				"east": {"uv": [2, 0.1875, 1.9375, 0.125], "rotation": 90, "texture": "#0"},
				"west": {"uv": [2, 0.0625, 1.9375, 0], "rotation": 270, "texture": "#0"}
			}
		},
		{
			"name": "rim",
			"from": [17, 6.41, 0],
			"to": [18, 9.59, 1.5],
			"rotation": {"angle": -22.5, "axis": "x", "origin": [0, 8, 8]},
			"faces": {
				"north": {"uv": [2.0625, 0.1875, 2.4375, 0.25], "rotation": 90, "texture": "#0"},
				"east": {"uv": [2.4375, 0.0625, 2.0625, 0], "rotation": 90, "texture": "#0"},
				"south": {"uv": [2.0625, 0.0625, 2.4375, 0.125], "rotation": 90, "texture": "#0"},
				"west": {"uv": [2.4375, 0.1875, 2.0625, 0.125], "rotation": 270, "texture": "#0"}
			}
		},
		{
			"name": "flange",
			"from": [17, 6.31, -0.5],
			"to": [17.2, 9.69, 0],
			"rotation": {"angle": -22.5, "axis": "x", "origin": [0, 8, 8]},
			"faces": {
				"north": {"uv": [1.9375, 0.0625, 2, 0.125], "rotation": 90, "texture": "#0"},
				"east": {"uv": [2, 0.1875, 1.9375, 0.125], "rotation": 90, "texture": "#0"},
				"west": {"uv": [2, 0.0625, 1.9375, 0], "rotation": 270, "texture": "#0"}
			}
		},
		{
			"name": "rim",
			"from": [17, 6.41, 0],
			"to": [18, 9.59, 1.5],
			"rotation": {"angle": -45, "axis": "x", "origin": [0, 8, 8]},
			"faces": {
				"north": {"uv": [2.0625, 0.1875, 2.4375, 0.25], "rotation": 90, "texture": "#0"},
				"east": {"uv": [2.4375, 0.0625, 2.0625, 0], "rotation": 90, "texture": "#0"},
				"south": {"uv": [2.0625, 0.0625, 2.4375, 0.125], "rotation": 90, "texture": "#0"},
				"west": {"uv": [2.4375, 0.1875, 2.0625, 0.125], "rotation": 270, "texture": "#0"}
			}
		},
		{
			"name": "flange",
			"from": [17, 6.31, -0.5],
			"to": [17.2, 9.69, 0],
			"rotation": {"angle": -45, "axis": "x", "origin": [0, 8, 8]},
			"faces": {
				"north": {"uv": [1.9375, 0.0625, 2, 0.125], "rotation": 90, "texture": "#0"},
				"east": {"uv": [2, 0.1875, 1.9375, 0.125], "rotation": 90, "texture": "#0"},
				"west": {"uv": [2, 0.0625, 1.9375, 0], "rotation": 270, "texture": "#0"}
			}
		},
		{
			"name": "rim",
			"from": [17, 0, 6.41],
			"to": [18, 1.5, 9.59],
			"rotation": {"angle": 22.5, "axis": "x", "origin": [0, 8, 8]},
			"faces": {
				"east": {"uv": [2.0625, 0, 2.4375, 0.0625], "texture": "#0"},
				"west": {"uv": [2.0625, 0.125, 2.4375, 0.1875], "texture": "#0"},
				"up": {"uv": [2.0625, 0.0625, 2.4375, 0.125], "rotation": 90, "texture": "#0"},
				"down": {"uv": [2.0625, 0.1875, 2.4375, 0.25], "rotation": 270, "texture": "#0"}
			}
		},
		{
			"name": "flange",
			"from": [17, -0.5, 6.31],
			"to": [17.2, 0, 9.69],
			"rotation": {"angle": 22.5, "axis": "x", "origin": [0, 8, 8]},
			"faces": {
				"east": {"uv": [1.9375, 0.125, 2, 0.1875], "texture": "#0"},
				"west": {"uv": [1.9375, 0, 2, 0.0625], "texture": "#0"},
				"down": {"uv": [1.9375, 0.0625, 2, 0.125], "rotation": 270, "texture": "#0"}
			}
		},
		{
			"from": [-1, 7.5, 7],
			"to": [17, 8.5, 9],
			"faces": {
				"north": {"uv": [14.9375, 9.0625, 16, 9.1875], "texture": "#0"},
				"south": {"uv": [14.9375, 8.5625, 16, 8.6875], "texture": "#0"},
				"up": {"uv": [14.9375, 8.75, 16, 9], "texture": "#0"},
				"down": {"uv": [14.9375, 8.25, 16, 8.5], "texture": "#0"}
			}
		},
		{
			"from": [-1, 7, 7.5],
			"to": [17, 9, 8.5],
			"faces": {
				"north": {"uv": [14.9375, 9, 16, 9.25], "texture": "#0"},
				"south": {"uv": [14.9375, 8.5, 16, 8.75], "texture": "#0"},
				"up": {"uv": [14.9375, 8.8125, 16, 8.9375], "texture": "#0"},
				"down": {"uv": [14.9375, 8.3125, 16, 8.4375], "texture": "#0"}
			}
		}
	],
	"display": {
		"gui": {
			"rotation": [25, 135, 0],
			"translation": [0, 0.25, 0],
			"scale": [0.6, 0.6, 0.6]
		},
		"head": {
			"scale": [2, 2, 2]
		}
	},
	"groups": [
		{
			"name": "left wheel",
			"origin": [8, 8, 8],
			"color": 0,
			"children": [
				{
					"name": "wheel segment",
					"origin": [0, 0, 0],
					"color": 0,
					"children": [0, 1, 2]
				},
				{
					"name": "wheel segment",
					"origin": [0, 0, 0],
					"color": 0,
					"children": [3, 4, 5]
				},
				{
					"name": "wheel segment",
					"origin": [0, 0, 0],
					"color": 0,
					"children": [6, 7, 8]
				},
				{
					"name": "wheel segment",
					"origin": [0, 0, 0],
					"color": 0,
					"children": [9, 10, 11]
				},
				{
					"name": "wheel segment",
					"origin": [0, 0, 0],
					"color": 0,
					"children": [12, 13, 14]
				},
				{
					"name": "wheel segment",
					"origin": [0, 0, 0],
					"color": 0,
					"children": [15, 16, 17]
				},
				{
					"name": "wheel segment",
					"origin": [0, 0, 0],
					"color": 0,
					"children": [18, 19, 20]
				},
				{
					"name": "wheel segment",
					"origin": [0, 0, 0],
					"color": 0,
					"children": [21, 22, 23]
				},
				{
					"name": "wheel segment",
					"origin": [0, 0, 0],
					"color": 0,
					"children": [24, 25]
				},
				{
					"name": "wheel segment",
					"origin": [0, 0, 0],
					"color": 0,
					"children": [26, 27]
				},
				{
					"name": "wheel segment",
					"origin": [0, 0, 0],
					"color": 0,
					"children": [28, 29]
				},
				{
					"name": "wheel segment",
					"origin": [0, 0, 0],
					"color": 0,
					"children": [30, 31]
				},
				{
					"name": "wheel segment",
					"origin": [0, 0, 0],
					"color": 0,
					"children": [32, 33]
				},
				{
					"name": "wheel segment",
					"origin": [0, 0, 0],
					"color": 0,
					"children": [34, 35]
				},
				{
					"name": "wheel segment",
					"origin": [0, 0, 0],
					"color": 0,
					"children": [36, 37]
				},
				{
					"name": "wheel segment",
					"origin": [0, 0, 0],
					"color": 0,
					"children": [38, 39]
				}
			]
		},
		{
			"name": "right wheel",
			"origin": [8, 8, 8],
			"color": 0,
			"children": [
				{
					"name": "wheel segment",
					"origin": [0, 0, 0],
					"color": 0,
					"children": [40, 41, 42]
				},
				{
					"name": "wheel segment",
					"origin": [0, 0, 0],
					"color": 0,
					"children": [43, 44, 45]
				},
				{
					"name": "wheel segment",
					"origin": [0, 0, 0],
					"color": 0,
					"children": [46, 47, 48]
				},
				{
					"name": "wheel segment",
					"origin": [0, 0, 0],
					"color": 0,
					"children": [49, 50, 51]
				},
				{
					"name": "wheel segment",
					"origin": [0, 0, 0],
					"color": 0,
					"children": [52, 53, 54]
				},
				{
					"name": "wheel segment",
					"origin": [0, 0, 0],
					"color": 0,
					"children": [55, 56, 57]
				},
				{
					"name": "wheel segment",
					"origin": [0, 0, 0],
					"color": 0,
					"children": [58, 59, 60]
				},
				{
					"name": "wheel segment",
					"origin": [0, 0, 0],
					"color": 0,
					"children": [61, 62, 63]
				},
				{
					"name": "wheel segment",
					"origin": [0, 0, 0],
					"color": 0,
					"children": [64, 65]
				},
				{
					"name": "wheel segment",
					"origin": [0, 0, 0],
					"color": 0,
					"children": [66, 67]
				},
				{
					"name": "wheel segment",
					"origin": [0, 0, 0],
					"color": 0,
					"children": [68, 69]
				},
				{
					"name": "wheel segment",
					"origin": [0, 0, 0],
					"color": 0,
					"children": [70, 71]
				},
				{
					"name": "wheel segment",
					"origin": [0, 0, 0],
					"color": 0,
					"children": [72, 73]
				},
				{
					"name": "wheel segment",
					"origin": [0, 0, 0],
					"color": 0,
					"children": [74, 75]
				},
				{
					"name": "wheel segment",
					"origin": [0, 0, 0],
					"color": 0,
					"children": [76, 77]
				},
				{
					"name": "wheel segment",
					"origin": [0, 0, 0],
					"color": 0,
					"children": [78, 79]
				}
			]
		},
		{
			"name": "axle",
			"origin": [0, 0, 0],
			"color": 0,
			"children": [80, 81]
		}
	]
}