{
	"format_version": "1.21.11",
	"credit": "Made with Blockbench",
	"texture_size": [128, 128],
	"textures": {
		"1": "item/amalon/tc/c158/front",
		"2": "item/amalon/tc/c158/base",
		"3": "item/amalon/tc/c158/skin",
		"particle": "item/amalon/tc/c158/base"
	},
	"elements": [
		{
			"name": "Panel",
			"from": [-7, 27, -11],
			"to": [23, 28, -9],
			"faces": {
				"north": {"uv": [13.5, 15, 14, 15.5], "texture": "#1"},
				"east": {"uv": [13.5, 15, 14, 15.5], "texture": "#1"},
				"south": {"uv": [13.5, 15, 14, 15.5], "texture": "#1"},
				"west": {"uv": [13.5, 15, 14, 15.5], "texture": "#1"},
				"up": {"uv": [13.5, 15, 14, 15.5], "texture": "#1"},
				"down": {"uv": [13.5, 15, 14, 15.5], "texture": "#1"}
			}
		},
		{
			"name": "Panel",
			"from": [-9, 26, -11],
			"to": [25, 27, -9],
			"faces": {
				"north": {"uv": [13.5, 15, 14, 15.5], "texture": "#1"},
				"east": {"uv": [13.5, 15, 14, 15.5], "texture": "#1"},
				"south": {"uv": [13.5, 15, 14, 15.5], "texture": "#1"},
				"west": {"uv": [13.5, 15, 14, 15.5], "texture": "#1"},
				"up": {"uv": [13.5, 15, 14, 15.5], "texture": "#1"},
				"down": {"uv": [13.5, 15, 14, 15.5], "texture": "#1"}
			}
		},
		{
			"name": "Panel",
			"from": [-10, 25, -11],
			"to": [26, 26, -9],
			"faces": {
				"north": {"uv": [13.5, 15, 14, 15.5], "texture": "#1"},
				"east": {"uv": [13.5, 15, 14, 15.5], "texture": "#1"},
				"south": {"uv": [13.5, 15, 14, 15.5], "texture": "#1"},
				"west": {"uv": [13.5, 15, 14, 15.5], "texture": "#1"},
				"up": {"uv": [13.5, 15, 14, 15.5], "texture": "#1"},
				"down": {"uv": [13.5, 15, 14, 15.5], "texture": "#1"}
			}
		},
		{
			"name": "Panel",
			"from": [25, 10, -11],
			"to": [27, 25, -9],
			"faces": {
				"north": {"uv": [13.5, 15, 14, 15.5], "texture": "#1"},
				"east": {"uv": [13.5, 15, 14, 15.5], "texture": "#1"},
				"south": {"uv": [13.5, 15, 14, 15.5], "texture": "#1"},
				"west": {"uv": [13.5, 15, 14, 15.5], "texture": "#1"},
				"up": {"uv": [13.5, 15, 14, 15.5], "texture": "#1"},
				"down": {"uv": [13.5, 15, 14, 15.5], "texture": "#1"}
			}
		},
		{
			"name": "Panel",
			"from": [25, -2, -11],
			"to": [26, 10, -9],
			"faces": {
				"north": {"uv": [13.5, 15, 14, 15.5], "texture": "#1"},
				"east": {"uv": [13.5, 15, 14, 15.5], "texture": "#1"},
				"south": {"uv": [13.5, 15, 14, 15.5], "texture": "#1"},
				"west": {"uv": [13.5, 15, 14, 15.5], "texture": "#1"},
				"up": {"uv": [13.5, 15, 14, 15.5], "texture": "#1"},
				"down": {"uv": [13.5, 15, 14, 15.5], "texture": "#1"}
			}
		},
		{
			"name": "Panel",
			"from": [-11, 10, -11],
			"to": [-9, 25, -9],
			"faces": {
				"north": {"uv": [13.5, 15, 14, 15.5], "texture": "#1"},
				"east": {"uv": [13.5, 15, 14, 15.5], "texture": "#1"},
				"south": {"uv": [13.5, 15, 14, 15.5], "texture": "#1"},
				"west": {"uv": [13.5, 15, 14, 15.5], "texture": "#1"},
				"up": {"uv": [13.5, 15, 14, 15.5], "texture": "#1"},
				"down": {"uv": [13.5, 15, 14, 15.5], "texture": "#1"}
			}
		},
		{
			"name": "Panel",
			"from": [-10, -2, -11],
			"to": [-9, 10, -9],
			"faces": {
				"north": {"uv": [13.5, 15, 14, 15.5], "texture": "#1"},
				"east": {"uv": [13.5, 15, 14, 15.5], "texture": "#1"},
				"south": {"uv": [13.5, 15, 14, 15.5], "texture": "#1"},
				"west": {"uv": [13.5, 15, 14, 15.5], "texture": "#1"},
				"up": {"uv": [13.5, 15, 14, 15.5], "texture": "#1"},
				"down": {"uv": [13.5, 15, 14, 15.5], "texture": "#1"}
			}
		},
		{
			"name": "Panel",
			"from": [-9, 2, -11],
			"to": [4, 25, -9],
			"faces": {
				"north": {"uv": [13.5, 15, 14, 15.5], "texture": "#1"},
				"east": {"uv": [13.5, 15, 14, 15.5], "texture": "#1"},
				"south": {"uv": [13.5, 0, 14, 0.5], "texture": "#2"},
				"west": {"uv": [13.5, 15, 14, 15.5], "texture": "#1"},
				"up": {"uv": [13.5, 15, 14, 15.5], "texture": "#1"},
				"down": {"uv": [13.5, 15, 14, 15.5], "texture": "#1"}
			}
		},
		{
			"name": "Panel",
			"from": [12, 2, -11],
			"to": [25, 25, -9],
			"faces": {
				"north": {"uv": [13.5, 15, 14, 15.5], "texture": "#1"},
				"east": {"uv": [13.5, 15, 14, 15.5], "texture": "#1"},
				"south": {"uv": [13.5, 0, 14, 0.5], "texture": "#2"},
				"west": {"uv": [13.5, 15, 14, 15.5], "texture": "#1"},
				"up": {"uv": [13.5, 15, 14, 15.5], "texture": "#1"},
				"down": {"uv": [13.5, 15, 14, 15.5], "texture": "#1"}
			}
		},
		{
			"name": "Panel",
			"from": [-9, -4, -11],
			"to": [25, -3, -9],
			"faces": {
				"north": {"uv": [13.5, 15, 14, 15.5], "texture": "#1"},
				"east": {"uv": [13.5, 15, 14, 15.5], "texture": "#1"},
				"south": {"uv": [13.5, 15, 14, 15.5], "texture": "#1"},
				"west": {"uv": [13.5, 15, 14, 15.5], "texture": "#1"},
				"up": {"uv": [13.5, 15, 14, 15.5], "texture": "#1"},
				"down": {"uv": [13.5, 15, 14, 15.5], "texture": "#1"}
			}
		},
		{
			"name": "Panel",
			"from": [22, -3, -11],
			"to": [25, -2, -9],
			"faces": {
				"north": {"uv": [13.5, 15, 14, 15.5], "texture": "#1"},
				"east": {"uv": [13.5, 15, 14, 15.5], "texture": "#1"},
				"south": {"uv": [13.5, 15, 14, 15.5], "texture": "#1"},
				"west": {"uv": [13.5, 15, 14, 15.5], "texture": "#1"},
				"up": {"uv": [13.5, 15, 14, 15.5], "texture": "#1"},
				"down": {"uv": [13.5, 15, 14, 15.5], "texture": "#1"}
			}
		},
		{
			"name": "Panel",
			"from": [23, -2, -11],
			"to": [25, -1, -9],
			"faces": {
				"north": {"uv": [13.5, 15, 14, 15.5], "texture": "#1"},
				"east": {"uv": [13.5, 15, 14, 15.5], "texture": "#1"},
				"south": {"uv": [13.5, 15, 14, 15.5], "texture": "#1"},
				"west": {"uv": [13.5, 15, 14, 15.5], "texture": "#1"},
				"up": {"uv": [13.5, 15, 14, 15.5], "texture": "#1"},
				"down": {"uv": [13.5, 15, 14, 15.5], "texture": "#1"}
			}
		},
		{
			"name": "Panel",
			"from": [24, -1, -11],
			"to": [25, 0, -9],
			"faces": {
				"north": {"uv": [13.5, 15, 14, 15.5], "texture": "#1"},
				"east": {"uv": [13.5, 15, 14, 15.5], "texture": "#1"},
				"south": {"uv": [13.5, 15, 14, 15.5], "texture": "#1"},
				"west": {"uv": [13.5, 15, 14, 15.5], "texture": "#1"},
				"up": {"uv": [13.5, 15, 14, 15.5], "texture": "#1"},
				"down": {"uv": [13.5, 15, 14, 15.5], "texture": "#1"}
			}
		},
		{
			"name": "Panel",
			"from": [-9, -1, -11],
			"to": [-8, 0, -9],
			"faces": {
				"north": {"uv": [13.5, 15, 14, 15.5], "texture": "#1"},
				"east": {"uv": [13.5, 15, 14, 15.5], "texture": "#1"},
				"south": {"uv": [13.5, 15, 14, 15.5], "texture": "#1"},
				"west": {"uv": [13.5, 15, 14, 15.5], "texture": "#1"},
				"up": {"uv": [13.5, 15, 14, 15.5], "texture": "#1"},
				"down": {"uv": [13.5, 15, 14, 15.5], "texture": "#1"}
			}
		},
		{
			"name": "Panel",
			"from": [-9, 1, -11],
			"to": [-8, 2, -9],
			"faces": {
				"north": {"uv": [13.5, 15, 14, 15.5], "texture": "#1"},
				"east": {"uv": [13.5, 15, 14, 15.5], "texture": "#1"},
				"south": {"uv": [13.5, 15, 14, 15.5], "texture": "#1"},
				"west": {"uv": [13.5, 15, 14, 15.5], "texture": "#1"},
				"up": {"uv": [13.5, 15, 14, 15.5], "texture": "#1"},
				"down": {"uv": [13.5, 15, 14, 15.5], "texture": "#1"}
			}
		},
		{
			"name": "Panel",
			"from": [24, 1, -11],
			"to": [25, 2, -9],
			"faces": {
				"north": {"uv": [13.5, 15, 14, 15.5], "texture": "#1"},
				"east": {"uv": [13.5, 15, 14, 15.5], "texture": "#1"},
				"south": {"uv": [13.5, 15, 14, 15.5], "texture": "#1"},
				"west": {"uv": [13.5, 15, 14, 15.5], "texture": "#1"},
				"up": {"uv": [13.5, 15, 14, 15.5], "texture": "#1"},
				"down": {"uv": [13.5, 15, 14, 15.5], "texture": "#1"}
			}
		},
		{
			"name": "Panel",
			"from": [-9, -2, -11],
			"to": [-7, -1, -9],
			"faces": {
				"north": {"uv": [13.5, 15, 14, 15.5], "texture": "#1"},
				"east": {"uv": [13.5, 15, 14, 15.5], "texture": "#1"},
				"south": {"uv": [13.5, 15, 14, 15.5], "texture": "#1"},
				"west": {"uv": [13.5, 15, 14, 15.5], "texture": "#1"},
				"up": {"uv": [13.5, 15, 14, 15.5], "texture": "#1"},
				"down": {"uv": [13.5, 15, 14, 15.5], "texture": "#1"}
			}
		},
		{
			"name": "Panel",
			"from": [-9, -3, -11],
			"to": [-6, -2, -9],
			"faces": {
				"north": {"uv": [13.5, 15, 14, 15.5], "texture": "#1"},
				"east": {"uv": [13.5, 15, 14, 15.5], "texture": "#1"},
				"south": {"uv": [13.5, 15, 14, 15.5], "texture": "#1"},
				"west": {"uv": [13.5, 15, 14, 15.5], "texture": "#1"},
				"up": {"uv": [13.5, 15, 14, 15.5], "texture": "#1"},
				"down": {"uv": [13.5, 15, 14, 15.5], "texture": "#1"}
			}
		},
		{
			"name": "Panel",
			"from": [-5, 28, -11],
			"to": [21, 29, -9],
			"faces": {
				"north": {"uv": [13.5, 15, 14, 15.5], "texture": "#1"},
				"east": {"uv": [13.5, 15, 14, 15.5], "texture": "#1"},
				"south": {"uv": [13.5, 15, 14, 15.5], "texture": "#1"},
				"west": {"uv": [13.5, 15, 14, 15.5], "texture": "#1"},
				"up": {"uv": [13.5, 15, 14, 15.5], "texture": "#1"},
				"down": {"uv": [13.5, 15, 14, 15.5], "texture": "#1"}
			}
		},
		{
			"name": "Panel",
			"from": [-3, 29, -11],
			"to": [19, 30, -9],
			"faces": {
				"north": {"uv": [13.5, 15, 14, 15.5], "texture": "#1"},
				"east": {"uv": [13.5, 15, 14, 15.5], "texture": "#1"},
				"south": {"uv": [13.5, 15, 14, 15.5], "texture": "#1"},
				"west": {"uv": [13.5, 15, 14, 15.5], "texture": "#1"},
				"up": {"uv": [13.5, 15, 14, 15.5], "texture": "#1"},
				"down": {"uv": [13.5, 15, 14, 15.5], "texture": "#1"}
			}
		},
		{
			"name": "Panel",
			"from": [1, 30, -11],
			"to": [15, 31, -9],
			"faces": {
				"north": {"uv": [13.5, 15, 14, 15.5], "texture": "#1"},
				"east": {"uv": [13.5, 15, 14, 15.5], "texture": "#1"},
				"south": {"uv": [13.5, 15, 14, 15.5], "texture": "#1"},
				"west": {"uv": [13.5, 15, 14, 15.5], "texture": "#1"},
				"up": {"uv": [13.5, 15, 14, 15.5], "texture": "#1"},
				"down": {"uv": [13.5, 15, 14, 15.5], "texture": "#1"}
			}
		},
		{
			"name": "Panel",
			"from": [6, 31, -11],
			"to": [10, 32, -9],
			"faces": {
				"north": {"uv": [13.5, 15, 14, 15.5], "texture": "#1"},
				"east": {"uv": [13.5, 15, 14, 15.5], "texture": "#1"},
				"south": {"uv": [13.5, 15, 14, 15.5], "texture": "#1"},
				"west": {"uv": [13.5, 15, 14, 15.5], "texture": "#1"},
				"up": {"uv": [13.5, 15, 14, 15.5], "texture": "#1"},
				"down": {"uv": [13.5, 15, 14, 15.5], "texture": "#1"}
			}
		},
		{
			"from": [12, -3, -14],
			"to": [14, 27, -11],
			"faces": {
				"north": {"uv": [15, 15, 15.5, 15.5], "texture": "#1"},
				"east": {"uv": [15, 15, 15.5, 15.5], "texture": "#1"},
				"south": {"uv": [15, 15, 15.5, 15.5], "texture": "#1"},
				"west": {"uv": [15, 15, 15.5, 15.5], "texture": "#1"},
				"up": {"uv": [15, 15, 15.5, 15.5], "texture": "#1"},
				"down": {"uv": [15, 15, 15.5, 15.5], "texture": "#1"}
			}
		},
		{
			"from": [3, 25, -14],
			"to": [13, 28, -11],
			"faces": {
				"north": {"uv": [15, 15, 15.5, 15.5], "texture": "#1"},
				"east": {"uv": [15, 15, 15.5, 15.5], "texture": "#1"},
				"south": {"uv": [15, 15, 15.5, 15.5], "texture": "#1"},
				"west": {"uv": [15, 15, 15.5, 15.5], "texture": "#1"},
				"up": {"uv": [15, 15, 15.5, 15.5], "texture": "#1"},
				"down": {"uv": [15, 15, 15.5, 15.5], "texture": "#1"}
			}
		},
		{
			"from": [4, -3, -14],
			"to": [12, -1, -9],
			"faces": {
				"north": {"uv": [15, 15, 15.5, 15.5], "texture": "#1"},
				"east": {"uv": [15, 15, 15.5, 15.5], "texture": "#1"},
				"south": {"uv": [15, 15, 15.5, 15.5], "texture": "#1"},
				"west": {"uv": [15, 15, 15.5, 15.5], "texture": "#1"},
				"up": {"uv": [15, 15, 15.5, 15.5], "texture": "#1"},
				"down": {"uv": [15, 15, 15.5, 15.5], "texture": "#1"}
			}
		},
		{
			"from": [2, -3, -14],
			"to": [4, 27, -11],
			"faces": {
				"north": {"uv": [15, 15, 15.5, 15.5], "texture": "#1"},
				"east": {"uv": [15, 15, 15.5, 15.5], "texture": "#1"},
				"south": {"uv": [15, 15, 15.5, 15.5], "texture": "#1"},
				"west": {"uv": [15, 15, 15.5, 15.5], "texture": "#1"},
				"up": {"uv": [15, 15, 15.5, 15.5], "texture": "#1"},
				"down": {"uv": [15, 15, 15.5, 15.5], "texture": "#1"}
			}
		},
		{
			"from": [12, -3, -11],
			"to": [22, 2, -9],
			"faces": {
				"north": {"uv": [15, 15, 15.5, 15.5], "texture": "#1"},
				"east": {"uv": [15, 15, 15.5, 15.5], "texture": "#1"},
				"south": {"uv": [15, 15, 15.5, 15.5], "texture": "#1"},
				"west": {"uv": [15, 15, 15.5, 15.5], "texture": "#1"},
				"up": {"uv": [15, 15, 15.5, 15.5], "texture": "#1"},
				"down": {"uv": [15, 15, 15.5, 15.5], "texture": "#1"}
			}
		},
		{
			"from": [23, -1, -11],
			"to": [24, 2, -9],
			"faces": {
				"north": {"uv": [15, 15, 15.5, 15.5], "texture": "#1"},
				"east": {"uv": [15, 15, 15.5, 15.5], "texture": "#1"},
				"south": {"uv": [15, 15, 15.5, 15.5], "texture": "#1"},
				"west": {"uv": [15, 15, 15.5, 15.5], "texture": "#1"},
				"up": {"uv": [15, 15, 15.5, 15.5], "texture": "#1"},
				"down": {"uv": [15, 15, 15.5, 15.5], "texture": "#1"}
			}
		},
		{
			"from": [24, 0, -11],
			"to": [25, 1, -9],
			"faces": {
				"north": {"uv": [15, 15, 15.5, 15.5], "texture": "#1"},
				"east": {"uv": [15, 15, 15.5, 15.5], "texture": "#1"},
				"south": {"uv": [15, 15, 15.5, 15.5], "texture": "#1"},
				"west": {"uv": [15, 15, 15.5, 15.5], "texture": "#1"},
				"up": {"uv": [15, 15, 15.5, 15.5], "texture": "#1"},
				"down": {"uv": [15, 15, 15.5, 15.5], "texture": "#1"}
			}
		},
		{
			"from": [22, -2, -11],
			"to": [23, 2, -9],
			"faces": {
				"north": {"uv": [15, 15, 15.5, 15.5], "texture": "#1"},
				"east": {"uv": [15, 15, 15.5, 15.5], "texture": "#1"},
				"south": {"uv": [15, 15, 15.5, 15.5], "texture": "#1"},
				"west": {"uv": [15, 15, 15.5, 15.5], "texture": "#1"},
				"up": {"uv": [15, 15, 15.5, 15.5], "texture": "#1"},
				"down": {"uv": [15, 15, 15.5, 15.5], "texture": "#1"}
			}
		},
		{
			"from": [-9, 0, -11],
			"to": [-8, 1, -9],
			"faces": {
				"north": {"uv": [15, 15, 15.5, 15.5], "texture": "#1"},
				"east": {"uv": [15, 15, 15.5, 15.5], "texture": "#1"},
				"south": {"uv": [15, 15, 15.5, 15.5], "texture": "#1"},
				"west": {"uv": [15, 15, 15.5, 15.5], "texture": "#1"},
				"up": {"uv": [15, 15, 15.5, 15.5], "texture": "#1"},
				"down": {"uv": [15, 15, 15.5, 15.5], "texture": "#1"}
			}
		},
		{
			"from": [-8, -1, -11],
			"to": [-7, 2, -9],
			"faces": {
				"north": {"uv": [15, 15, 15.5, 15.5], "texture": "#1"},
				"east": {"uv": [15, 15, 15.5, 15.5], "texture": "#1"},
				"south": {"uv": [15, 15, 15.5, 15.5], "texture": "#1"},
				"west": {"uv": [15, 15, 15.5, 15.5], "texture": "#1"},
				"up": {"uv": [15, 15, 15.5, 15.5], "texture": "#1"},
				"down": {"uv": [15, 15, 15.5, 15.5], "texture": "#1"}
			}
		},
		{
			"from": [-7, -2, -11],
			"to": [-6, 2, -9],
			"faces": {
				"north": {"uv": [15, 15, 15.5, 15.5], "texture": "#1"},
				"east": {"uv": [15, 15, 15.5, 15.5], "texture": "#1"},
				"south": {"uv": [15, 15, 15.5, 15.5], "texture": "#1"},
				"west": {"uv": [15, 15, 15.5, 15.5], "texture": "#1"},
				"up": {"uv": [15, 15, 15.5, 15.5], "texture": "#1"},
				"down": {"uv": [15, 15, 15.5, 15.5], "texture": "#1"}
			}
		},
		{
			"from": [-6, -3, -11],
			"to": [4, 2, -9],
			"faces": {
				"north": {"uv": [15, 15, 15.5, 15.5], "texture": "#1"},
				"east": {"uv": [15, 15, 15.5, 15.5], "texture": "#1"},
				"south": {"uv": [15, 15, 15.5, 15.5], "texture": "#1"},
				"west": {"uv": [15, 15, 15.5, 15.5], "texture": "#1"},
				"up": {"uv": [15, 15, 15.5, 15.5], "texture": "#1"},
				"down": {"uv": [15, 15, 15.5, 15.5], "texture": "#1"}
			}
		},
		{
			"name": "Floor",
			"from": [-8, -4, -9],
			"to": [24, -2, 21],
			"faces": {
				"north": {"uv": [13.5, 15, 14, 15.5], "texture": "#1"},
				"east": {"uv": [13.5, 15, 14, 15.5], "texture": "#1"},
				"south": {"uv": [13.5, 15, 14, 15.5], "texture": "#1"},
				"west": {"uv": [13.5, 15, 14, 15.5], "texture": "#1"},
				"up": {"uv": [13.5, 15, 14, 15.5], "texture": "#1"},
				"down": {"uv": [13.5, 15, 14, 15.5], "texture": "#1"}
			}
		},
		{
			"name": "Step",
			"from": [-11, -4, 5],
			"to": [-8, -3, 18],
			"faces": {
				"north": {"uv": [15, 13, 15.5, 13.5], "texture": "#1"},
				"south": {"uv": [15, 13, 15.5, 13.5], "texture": "#1"},
				"west": {"uv": [15, 13, 15.5, 13.5], "texture": "#1"},
				"up": {"uv": [15, 13, 15.5, 13.5], "texture": "#1"},
				"down": {"uv": [15, 13, 15.5, 13.5], "texture": "#1"}
			}
		},
		{
			"name": "Step",
			"from": [24, -4, 5],
			"to": [27, -3, 18],
			"rotation": {"angle": 0, "axis": "y", "origin": [16, 0, 0]},
			"faces": {
				"north": {"uv": [15.5, 13, 15, 13.5], "texture": "#1"},
				"east": {"uv": [15.5, 13, 15, 13.5], "texture": "#1"},
				"south": {"uv": [15.5, 13, 15, 13.5], "texture": "#1"},
				"up": {"uv": [15.5, 13, 15, 13.5], "texture": "#1"},
				"down": {"uv": [15.5, 13, 15, 13.5], "texture": "#1"}
			}
		},
		{
			"name": "Roof",
			"from": [-10, 25, -9],
			"to": [-9, 26, 21],
			"faces": {
				"north": {"uv": [13.5, 15, 14, 15.5], "texture": "#1"},
				"east": {"uv": [13.5, 0, 14, 0.5], "texture": "#2"},
				"south": {"uv": [13.5, 15, 14, 15.5], "texture": "#1"},
				"west": {"uv": [13.5, 15, 14, 15.5], "texture": "#1"},
				"up": {"uv": [14, 15, 13.5, 15.5], "texture": "#1"},
				"down": {"uv": [13.5, 0, 14, 0.5], "texture": "#2"}
			}
		},
		{
			"name": "Roof",
			"from": [-9, 26, -9],
			"to": [-7, 27, 21],
			"faces": {
				"north": {"uv": [13.5, 15, 14, 15.5], "texture": "#1"},
				"east": {"uv": [13.5, 0, 14, 0.5], "texture": "#2"},
				"south": {"uv": [13.5, 15, 14, 15.5], "texture": "#1"},
				"west": {"uv": [13.5, 15, 14, 15.5], "texture": "#1"},
				"up": {"uv": [13.5, 15, 14, 15.5], "texture": "#1"},
				"down": {"uv": [13.5, 0, 14, 0.5], "texture": "#2"}
			}
		},
		{
			"name": "Roof",
			"from": [-7, 27, -9],
			"to": [-5, 28, 21],
			"faces": {
				"north": {"uv": [13.5, 15, 14, 15.5], "texture": "#1"},
				"east": {"uv": [13.5, 0, 14, 0.5], "texture": "#2"},
				"south": {"uv": [13.5, 15, 14, 15.5], "texture": "#1"},
				"west": {"uv": [13.5, 15, 14, 15.5], "texture": "#1"},
				"up": {"uv": [13.5, 15, 14, 15.5], "texture": "#1"},
				"down": {"uv": [13.5, 0, 14, 0.5], "texture": "#2"}
			}
		},
		{
			"name": "Roof",
			"from": [-5, 28, -9],
			"to": [-3, 29, 21],
			"faces": {
				"north": {"uv": [13.5, 15, 14, 15.5], "texture": "#1"},
				"east": {"uv": [13.5, 0, 14, 0.5], "texture": "#2"},
				"south": {"uv": [13.5, 15, 14, 15.5], "texture": "#1"},
				"west": {"uv": [13.5, 15, 14, 15.5], "texture": "#1"},
				"up": {"uv": [13.5, 15, 14, 15.5], "texture": "#1"},
				"down": {"uv": [13.5, 0, 14, 0.5], "texture": "#2"}
			}
		},
		{
			"name": "Roof",
			"from": [-3, 29, -9],
			"to": [1, 30, 21],
			"faces": {
				"north": {"uv": [13.5, 15, 14, 15.5], "texture": "#1"},
				"east": {"uv": [13.5, 0, 14, 0.5], "texture": "#2"},
				"south": {"uv": [13.5, 15, 14, 15.5], "texture": "#1"},
				"west": {"uv": [13.5, 15, 14, 15.5], "texture": "#1"},
				"up": {"uv": [13.5, 15, 14, 15.5], "texture": "#1"},
				"down": {"uv": [13.5, 0, 14, 0.5], "texture": "#2"}
			}
		},
		{
			"name": "Roof",
			"from": [1, 30, -9],
			"to": [6, 31, 21],
			"faces": {
				"north": {"uv": [13.5, 15, 14, 15.5], "texture": "#1"},
				"east": {"uv": [13.5, 0, 14, 0.5], "texture": "#2"},
				"south": {"uv": [13.5, 15, 14, 15.5], "texture": "#1"},
				"west": {"uv": [13.5, 15, 14, 15.5], "texture": "#1"},
				"up": {"uv": [13.5, 15, 14, 15.5], "texture": "#1"},
				"down": {"uv": [13.5, 0, 14, 0.5], "texture": "#2"}
			}
		},
		{
			"name": "Roof",
			"from": [6, 31, -9],
			"to": [10, 32, 21],
			"faces": {
				"north": {"uv": [13.5, 15, 14, 15.5], "texture": "#1"},
				"east": {"uv": [13.5, 15, 14, 15.5], "texture": "#1"},
				"south": {"uv": [13.5, 15, 14, 15.5], "texture": "#1"},
				"west": {"uv": [13.5, 15, 14, 15.5], "texture": "#1"},
				"up": {"uv": [13.5, 15, 14, 15.5], "texture": "#1"},
				"down": {"uv": [13.5, 0, 14, 0.5], "texture": "#2"}
			}
		},
		{
			"name": "Roof",
			"from": [10, 30, -9],
			"to": [15, 31, 21],
			"faces": {
				"north": {"uv": [13.5, 15, 14, 15.5], "texture": "#1"},
				"east": {"uv": [13.5, 15, 14, 15.5], "texture": "#1"},
				"south": {"uv": [13.5, 15, 14, 15.5], "texture": "#1"},
				"west": {"uv": [13.5, 0, 14, 0.5], "texture": "#2"},
				"up": {"uv": [13.5, 15, 14, 15.5], "texture": "#1"},
				"down": {"uv": [13.5, 0, 14, 0.5], "texture": "#2"}
			}
		},
		{
			"name": "Roof",
			"from": [15, 29, -9],
			"to": [19, 30, 21],
			"faces": {
				"north": {"uv": [13.5, 15, 14, 15.5], "texture": "#1"},
				"east": {"uv": [13.5, 15, 14, 15.5], "texture": "#1"},
				"south": {"uv": [13.5, 15, 14, 15.5], "texture": "#1"},
				"west": {"uv": [13.5, 0, 14, 0.5], "texture": "#2"},
				"up": {"uv": [13.5, 15, 14, 15.5], "texture": "#1"},
				"down": {"uv": [13.5, 0, 14, 0.5], "texture": "#2"}
			}
		},
		{
			"name": "Roof",
			"from": [19, 28, -9],
			"to": [21, 29, 21],
			"faces": {
				"north": {"uv": [13.5, 15, 14, 15.5], "texture": "#1"},
				"east": {"uv": [13.5, 15, 14, 15.5], "texture": "#1"},
				"south": {"uv": [13.5, 15, 14, 15.5], "texture": "#1"},
				"west": {"uv": [13.5, 0, 14, 0.5], "texture": "#2"},
				"up": {"uv": [13.5, 15, 14, 15.5], "texture": "#1"},
				"down": {"uv": [13.5, 0, 14, 0.5], "texture": "#2"}
			}
		},
		{
			"name": "Roof",
			"from": [21, 27, -9],
			"to": [23, 28, 21],
			"faces": {
				"north": {"uv": [13.5, 15, 14, 15.5], "texture": "#1"},
				"east": {"uv": [13.5, 15, 14, 15.5], "texture": "#1"},
				"south": {"uv": [13.5, 15, 14, 15.5], "texture": "#1"},
				"west": {"uv": [13.5, 0, 14, 0.5], "texture": "#2"},
				"up": {"uv": [13.5, 15, 14, 15.5], "texture": "#1"},
				"down": {"uv": [13.5, 0, 14, 0.5], "texture": "#2"}
			}
		},
		{
			"name": "Roof",
			"from": [23, 26, -9],
			"to": [25, 27, 21],
			"faces": {
				"north": {"uv": [13.5, 15, 14, 15.5], "texture": "#1"},
				"east": {"uv": [13.5, 15, 14, 15.5], "texture": "#1"},
				"south": {"uv": [13.5, 15, 14, 15.5], "texture": "#1"},
				"west": {"uv": [13.5, 0, 14, 0.5], "texture": "#2"},
				"up": {"uv": [13.5, 15, 14, 15.5], "texture": "#1"},
				"down": {"uv": [13.5, 0, 14, 0.5], "texture": "#2"}
			}
		},
		{
			"name": "Roof",
			"from": [25, 25, -9],
			"to": [26, 26, 21],
			"faces": {
				"north": {"uv": [13.5, 15, 14, 15.5], "texture": "#1"},
				"east": {"uv": [13.5, 15, 14, 15.5], "texture": "#1"},
				"south": {"uv": [13.5, 15, 14, 15.5], "texture": "#1"},
				"west": {"uv": [13.5, 0, 14, 0.5], "texture": "#2"},
				"up": {"uv": [14, 15, 13.5, 15.5], "texture": "#1"},
				"down": {"uv": [13.5, 0, 14, 0.5], "texture": "#2"}
			}
		},
		{
			"name": "Side",
			"from": [-11, 2, -1],
			"to": [-10, 25, 5],
			"rotation": {"angle": 0, "axis": "y", "origin": [16, 0, 0]},
			"faces": {
				"north": {"uv": [3.25, 0, 3.125, 2.875], "texture": "#3"},
				"east": {"uv": [14, 0, 13.5, 0.5], "texture": "#2"},
				"south": {"uv": [14, 15, 13.5, 15.5], "texture": "#1"},
				"west": {"uv": [3.25, 0, 2.5, 2.875], "texture": "#3"},
				"up": {"uv": [13.5, 15, 14, 15.5], "rotation": 270, "texture": "#1"},
				"down": {"uv": [2.5, 2.75, 3.25, 2.875], "rotation": 90, "texture": "#3"}
			}
		},
		{
			"name": "Side",
			"from": [-11, 10, -9],
			"to": [-10, 25, -1],
			"rotation": {"angle": 0, "axis": "y", "origin": [16, 0, 0]},
			"faces": {
				"north": {"uv": [14, 15, 13.5, 15.5], "texture": "#3"},
				"east": {"uv": [14, 0, 13.5, 0.5], "texture": "#3"},
				"south": {"uv": [14, 15, 13.5, 15.5], "texture": "#3"},
				"west": {"uv": [4.25, 0, 3.25, 1.875], "texture": "#3"},
				"up": {"uv": [14, 15, 13.5, 15.5], "texture": "#1"},
				"down": {"uv": [4.25, 1.75, 3.25, 1.875], "rotation": 270, "texture": "#3"}
			}
		},
		{
			"name": "Side",
			"from": [-10, -2, -9],
			"to": [-9, 11, 5],
			"rotation": {"angle": 0, "axis": "y", "origin": [16, 0, 0]},
			"faces": {
				"north": {"uv": [14, 15, 13.5, 15.5], "texture": "#3"},
				"east": {"uv": [14, 0, 13.5, 0.5], "texture": "#2"},
				"south": {"uv": [14, 15, 13.5, 15.5], "texture": "#1"},
				"west": {"uv": [4.25, 1.75, 2.5, 3.375], "texture": "#3"},
				"up": {"uv": [14, 1, 13.5, 1.5], "texture": "#3"},
				"down": {"uv": [2.5, 3.375, 4.25, 3.5], "rotation": 90, "texture": "#3"}
			}
		},
		{
			"name": "Side",
			"from": [-9, -4, -9],
			"to": [-8, -1, 5],
			"faces": {
				"north": {"uv": [13.5, 15, 14, 15.5], "texture": "#3"},
				"east": {"uv": [13.5, 0, 14, 0.5], "texture": "#2"},
				"south": {"uv": [13.5, 15, 14, 15.5], "texture": "#1"},
				"west": {"uv": [4.25, 3.375, 2.5, 3.75], "texture": "#3"},
				"up": {"uv": [13.5, 0, 14, 0.5], "texture": "#2"},
				"down": {"uv": [4.25, 3.625, 2.5, 3.75], "rotation": 270, "texture": "#3"}
			}
		},
		{
			"name": "Side",
			"from": [26, 2, -1],
			"to": [27, 25, 5],
			"faces": {
				"north": {"uv": [3.125, 0, 3.25, 2.875], "texture": "#3"},
				"east": {"uv": [2.5, 0, 3.25, 2.875], "texture": "#3"},
				"south": {"uv": [13.5, 15, 14, 15.5], "texture": "#1"},
				"west": {"uv": [13.5, 0, 14, 0.5], "texture": "#2"},
				"up": {"uv": [13.5, 15.5, 14, 15], "rotation": 270, "texture": "#1"},
				"down": {"uv": [2.5, 2.875, 3.25, 2.75], "rotation": 90, "texture": "#3"}
			}
		},
		{
			"name": "Side",
			"from": [26, 10, -9],
			"to": [27, 25, -1],
			"faces": {
				"north": {"uv": [13.5, 15, 14, 15.5], "texture": "#3"},
				"east": {"uv": [3.25, 0, 4.25, 1.875], "texture": "#3"},
				"south": {"uv": [13.5, 15, 14, 15.5], "texture": "#3"},
				"west": {"uv": [13.5, 0, 14, 0.5], "texture": "#3"},
				"up": {"uv": [13.5, 15, 14, 15.5], "texture": "#1"},
				"down": {"uv": [4.25, 1.875, 3.25, 1.75], "rotation": 270, "texture": "#3"}
			}
		},
		{
			"name": "Side",
			"from": [25, -2, -9],
			"to": [26, 11, 5],
			"faces": {
				"north": {"uv": [13.5, 15, 14, 15.5], "texture": "#3"},
				"east": {"uv": [2.5, 1.75, 4.25, 3.375], "texture": "#3"},
				"south": {"uv": [13.5, 15, 14, 15.5], "texture": "#2"},
				"west": {"uv": [13.5, 0, 14, 0.5], "texture": "#2"},
				"up": {"uv": [13.5, 1, 14, 1.5], "texture": "#3"},
				"down": {"uv": [2.5, 3.5, 4.25, 3.375], "rotation": 90, "texture": "#3"}
			}
		},
		{
			"name": "Side",
			"from": [24, -4, -9],
			"to": [25, -1, 5],
			"rotation": {"angle": 0, "axis": "y", "origin": [16, 0, 0]},
			"faces": {
				"north": {"uv": [14, 15, 13.5, 15.5], "texture": "#3"},
				"east": {"uv": [2.5, 3.375, 4.25, 3.75], "texture": "#3"},
				"south": {"uv": [14, 15, 13.5, 15.5], "texture": "#1"},
				"west": {"uv": [14, 0, 13.5, 0.5], "texture": "#2"},
				"up": {"uv": [14, 0, 13.5, 0.5], "texture": "#2"},
				"down": {"uv": [4.25, 3.75, 2.5, 3.625], "rotation": 270, "texture": "#3"}
			}
		},
		{
			"name": "Side",
			"from": [-11, 2, 18],
			"to": [-10, 25, 21],
			"faces": {
				"north": {"uv": [13.5, 15, 14, 15.5], "texture": "#1"},
				"east": {"uv": [13.5, 0, 14, 0.5], "texture": "#2"},
				"south": {"uv": [13.5, 15, 14, 15.5], "texture": "#1"},
				"west": {"uv": [2.5, 0, 2.125, 2.875], "texture": "#3"},
				"up": {"uv": [13.5, 15, 14, 15.5], "texture": "#1"},
				"down": {"uv": [2.5, 2.875, 2.125, 3], "rotation": 270, "texture": "#3"}
			}
		},
		{
			"name": "Side",
			"from": [-10, -2, 18],
			"to": [-9, 3, 21],
			"faces": {
				"north": {"uv": [13.5, 15, 14, 15.5], "texture": "#1"},
				"east": {"uv": [13.5, 0, 14, 0.5], "texture": "#2"},
				"south": {"uv": [13.5, 15, 14, 15.5], "texture": "#1"},
				"west": {"uv": [2.5, 2.875, 2.125, 3.5], "texture": "#3"},
				"up": {"uv": [13.5, 0, 14, 0.5], "texture": "#2"},
				"down": {"uv": [2.5, 3.5, 2.125, 3.625], "rotation": 270, "texture": "#3"}
			}
		},
		{
			"name": "Side",
			"from": [-9, -4, 18],
			"to": [-8, -1, 21],
			"faces": {
				"north": {"uv": [13.5, 15, 14, 15.5], "texture": "#1"},
				"east": {"uv": [13.5, 0, 14, 0.5], "texture": "#2"},
				"south": {"uv": [13.5, 15, 14, 15.5], "texture": "#1"},
				"west": {"uv": [2.5, 3.375, 2.125, 3.75], "texture": "#3"},
				"up": {"uv": [13.5, 0, 14, 0.5], "texture": "#2"},
				"down": {"uv": [2.5, 3.625, 2.125, 3.75], "rotation": 270, "texture": "#3"}
			}
		},
		{
			"name": "Side",
			"from": [26, 2, 18],
			"to": [27, 25, 21],
			"rotation": {"angle": 0, "axis": "y", "origin": [16, 0, 0]},
			"faces": {
				"north": {"uv": [14, 15, 13.5, 15.5], "texture": "#1"},
				"east": {"uv": [2.125, 0, 2.5, 2.875], "texture": "#3"},
				"south": {"uv": [14, 15, 13.5, 15.5], "texture": "#1"},
				"west": {"uv": [14, 0, 13.5, 0.5], "texture": "#2"},
				"up": {"uv": [14, 15, 13.5, 15.5], "texture": "#1"},
				"down": {"uv": [2.5, 3, 2.125, 2.875], "rotation": 270, "texture": "#3"}
			}
		},
		{
			"name": "Side",
			"from": [25, -2, 18],
			"to": [26, 3, 21],
			"rotation": {"angle": 0, "axis": "y", "origin": [16, 0, 0]},
			"faces": {
				"north": {"uv": [14, 15, 13.5, 15.5], "texture": "#1"},
				"east": {"uv": [2.125, 2.875, 2.5, 3.5], "texture": "#3"},
				"south": {"uv": [14, 15, 13.5, 15.5], "texture": "#1"},
				"west": {"uv": [14, 0, 13.5, 0.5], "texture": "#2"},
				"up": {"uv": [14, 0, 13.5, 0.5], "texture": "#2"},
				"down": {"uv": [2.5, 3.5, 2.125, 3.375], "rotation": 270, "texture": "#3"}
			}
		},
		{
			"name": "Side",
			"from": [24, -4, 18],
			"to": [25, -1, 21],
			"rotation": {"angle": 0, "axis": "y", "origin": [16, 0, 0]},
			"faces": {
				"north": {"uv": [14, 15, 13.5, 15.5], "texture": "#1"},
				"east": {"uv": [2.125, 3.375, 2.5, 3.75], "texture": "#3"},
				"south": {"uv": [14, 15, 13.5, 15.5], "texture": "#1"},
				"west": {"uv": [14, 0, 13.5, 0.5], "texture": "#2"},
				"up": {"uv": [14, 0, 13.5, 0.5], "texture": "#2"},
				"down": {"uv": [2.5, 3.75, 2.125, 3.625], "rotation": 270, "texture": "#3"}
			}
		},
		{
			"name": "Ceiling",
			"from": [-10, 24, -9],
			"to": [26, 25, 19.5],
			"rotation": {"angle": 0, "axis": "y", "origin": [26, 21, 0]},
			"faces": {
				"north": {"uv": [13.5, 0, 14, 0.5], "texture": "#2"},
				"east": {"uv": [13.5, 0, 14, 0.5], "texture": "#2"},
				"south": {"uv": [13.5, 0, 14, 0.5], "texture": "#2"},
				"west": {"uv": [13.5, 0, 14, 0.5], "texture": "#2"},
				"up": {"uv": [14, 0, 13.5, 0.5], "texture": "#2"},
				"down": {"uv": [13.5, 0, 14, 0.5], "texture": "#2"}
			}
		},
		{
			"name": "Partition",
			"from": [14, -2, 19.5],
			"to": [24, -1, 20.5],
			"rotation": {"angle": 0, "axis": "y", "origin": [26, 21, 0]},
			"faces": {
				"north": {"uv": [13.5, 0, 14, 0.5], "texture": "#2"},
				"east": {"uv": [13.5, 0, 14, 0.5], "texture": "#2"},
				"south": {"uv": [13.5, 0, 14, 0.5], "texture": "#2"},
				"west": {"uv": [13.5, 0, 14, 0.5], "texture": "#2"},
				"up": {"uv": [14, 0, 13.5, 0.5], "texture": "#2"},
				"down": {"uv": [13.5, 0, 14, 0.5], "texture": "#2"}
			}
		},
		{
			"name": "Partition",
			"from": [14, 3, 19.5],
			"to": [26, 23, 20.5],
			"rotation": {"angle": 0, "axis": "y", "origin": [26, 21, 0]},
			"faces": {
				"north": {"uv": [13.5, 0, 14, 0.5], "texture": "#2"},
				"east": {"uv": [13.5, 0, 14, 0.5], "texture": "#2"},
				"south": {"uv": [13.5, 0, 14, 0.5], "texture": "#2"},
				"west": {"uv": [13.5, 0, 14, 0.5], "texture": "#2"},
				"up": {"uv": [14, 0, 13.5, 0.5], "texture": "#2"},
				"down": {"uv": [13.5, 0, 14, 0.5], "texture": "#2"}
			}
		},
		{
			"name": "Partition",
			"from": [-10, 23, 19.5],
			"to": [26, 25, 20.5],
			"rotation": {"angle": 0, "axis": "y", "origin": [26, 21, 0]},
			"faces": {
				"north": {"uv": [13.5, 0, 14, 0.5], "texture": "#2"},
				"east": {"uv": [13.5, 0, 14, 0.5], "texture": "#2"},
				"south": {"uv": [13.5, 0, 14, 0.5], "texture": "#2"},
				"west": {"uv": [13.5, 0, 14, 0.5], "texture": "#2"},
				"up": {"uv": [14, 0, 13.5, 0.5], "texture": "#2"},
				"down": {"uv": [13.5, 0, 14, 0.5], "texture": "#2"}
			}
		},
		{
			"name": "Partition",
			"from": [-9, 25, 19.5],
			"to": [25, 26, 20.5],
			"rotation": {"angle": 0, "axis": "y", "origin": [26, 21, 0]},
			"faces": {
				"north": {"uv": [13.5, 0, 14, 0.5], "texture": "#2"},
				"east": {"uv": [13.5, 0, 14, 0.5], "texture": "#2"},
				"south": {"uv": [13.5, 0, 14, 0.5], "texture": "#2"},
				"west": {"uv": [13.5, 0, 14, 0.5], "texture": "#2"},
				"up": {"uv": [14, 0, 13.5, 0.5], "texture": "#2"},
				"down": {"uv": [13.5, 0, 14, 0.5], "texture": "#2"}
			}
		},
		{
			"name": "Partition",
			"from": [-7, 26, 19.5],
			"to": [23, 27, 20.5],
			"rotation": {"angle": 0, "axis": "y", "origin": [26, 21, 0]},
			"faces": {
				"north": {"uv": [13.5, 0, 14, 0.5], "texture": "#2"},
				"east": {"uv": [13.5, 0, 14, 0.5], "texture": "#2"},
				"south": {"uv": [13.5, 0, 14, 0.5], "texture": "#2"},
				"west": {"uv": [13.5, 0, 14, 0.5], "texture": "#2"},
				"up": {"uv": [14, 0, 13.5, 0.5], "texture": "#2"},
				"down": {"uv": [13.5, 0, 14, 0.5], "texture": "#2"}
			}
		},
		{
			"name": "Partition",
			"from": [-5, 27, 19.5],
			"to": [21, 28, 20.5],
			"rotation": {"angle": 0, "axis": "y", "origin": [26, 21, 0]},
			"faces": {
				"north": {"uv": [13.5, 0, 14, 0.5], "texture": "#2"},
				"east": {"uv": [13.5, 0, 14, 0.5], "texture": "#2"},
				"south": {"uv": [13.5, 0, 14, 0.5], "texture": "#2"},
				"west": {"uv": [13.5, 0, 14, 0.5], "texture": "#2"},
				"up": {"uv": [14, 0, 13.5, 0.5], "texture": "#2"},
				"down": {"uv": [13.5, 0, 14, 0.5], "texture": "#2"}
			}
		},
		{
			"name": "Partition",
			"from": [-3, 28, 19.5],
			"to": [19, 29, 20.5],
			"rotation": {"angle": 0, "axis": "y", "origin": [26, 21, 0]},
			"faces": {
				"north": {"uv": [13.5, 0, 14, 0.5], "texture": "#2"},
				"east": {"uv": [13.5, 0, 14, 0.5], "texture": "#2"},
				"south": {"uv": [13.5, 0, 14, 0.5], "texture": "#2"},
				"west": {"uv": [13.5, 0, 14, 0.5], "texture": "#2"},
				"up": {"uv": [14, 0, 13.5, 0.5], "texture": "#2"},
				"down": {"uv": [13.5, 0, 14, 0.5], "texture": "#2"}
			}
		},
		{
			"name": "Partition",
			"from": [1, 29, 19.5],
			"to": [15, 30, 20.5],
			"rotation": {"angle": 0, "axis": "y", "origin": [26, 21, 0]},
			"faces": {
				"north": {"uv": [13.5, 0, 14, 0.5], "texture": "#2"},
				"east": {"uv": [13.5, 0, 14, 0.5], "texture": "#2"},
				"south": {"uv": [13.5, 0, 14, 0.5], "texture": "#2"},
				"west": {"uv": [13.5, 0, 14, 0.5], "texture": "#2"},
				"up": {"uv": [14, 0, 13.5, 0.5], "texture": "#2"},
				"down": {"uv": [13.5, 0, 14, 0.5], "texture": "#2"}
			}
		},
		{
			"name": "Partition",
			"from": [6, 30, 19.5],
			"to": [10, 31, 20.5],
			"rotation": {"angle": 0, "axis": "y", "origin": [26, 21, 0]},
			"faces": {
				"north": {"uv": [13.5, 0, 14, 0.5], "texture": "#2"},
				"east": {"uv": [13.5, 0, 14, 0.5], "texture": "#2"},
				"south": {"uv": [13.5, 0, 14, 0.5], "texture": "#2"},
				"west": {"uv": [13.5, 0, 14, 0.5], "texture": "#2"},
				"up": {"uv": [14, 0, 13.5, 0.5], "texture": "#2"},
				"down": {"uv": [13.5, 0, 14, 0.5], "texture": "#2"}
			}
		},
		{
			"name": "Partition",
			"from": [-10, 3, 19.5],
			"to": [2, 23, 20.5],
			"rotation": {"angle": 0, "axis": "y", "origin": [26, 21, 0]},
			"faces": {
				"north": {"uv": [13.5, 0, 14, 0.5], "texture": "#2"},
				"east": {"uv": [13.5, 0, 14, 0.5], "texture": "#2"},
				"south": {"uv": [13.5, 0, 14, 0.5], "texture": "#2"},
				"west": {"uv": [13.5, 0, 14, 0.5], "texture": "#2"},
				"up": {"uv": [14, 0, 13.5, 0.5], "texture": "#2"},
				"down": {"uv": [13.5, 0, 14, 0.5], "texture": "#2"}
			}
		},
		{
			"name": "Partition",
			"from": [-9, -1, 19.5],
			"to": [2, 3, 20.5],
			"rotation": {"angle": 0, "axis": "y", "origin": [26, 21, 0]},
			"faces": {
				"north": {"uv": [13.5, 0, 14, 0.5], "texture": "#2"},
				"east": {"uv": [13.5, 0, 14, 0.5], "texture": "#2"},
				"south": {"uv": [13.5, 0, 14, 0.5], "texture": "#2"},
				"west": {"uv": [13.5, 0, 14, 0.5], "texture": "#2"},
				"up": {"uv": [14, 0, 13.5, 0.5], "texture": "#2"},
				"down": {"uv": [13.5, 0, 14, 0.5], "texture": "#2"}
			}
		},
		{
			"name": "Partition",
			"from": [-8, -2, 19.5],
			"to": [2, -1, 20.5],
			"rotation": {"angle": 0, "axis": "y", "origin": [26, 21, 0]},
			"faces": {
				"north": {"uv": [13.5, 0, 14, 0.5], "texture": "#2"},
				"east": {"uv": [13.5, 0, 14, 0.5], "texture": "#2"},
				"south": {"uv": [13.5, 0, 14, 0.5], "texture": "#2"},
				"west": {"uv": [13.5, 0, 14, 0.5], "texture": "#2"},
				"up": {"uv": [14, 0, 13.5, 0.5], "texture": "#2"},
				"down": {"uv": [13.5, 0, 14, 0.5], "texture": "#2"}
			}
		},
		{
			"name": "Partition",
			"from": [14, -1, 19.5],
			"to": [25, 3, 20.5],
			"rotation": {"angle": 0, "axis": "y", "origin": [26, 21, 0]},
			"faces": {
				"north": {"uv": [13.5, 0, 14, 0.5], "texture": "#2"},
				"east": {"uv": [13.5, 0, 14, 0.5], "texture": "#2"},
				"south": {"uv": [13.5, 0, 14, 0.5], "texture": "#2"},
				"west": {"uv": [13.5, 0, 14, 0.5], "texture": "#2"},
				"up": {"uv": [14, 0, 13.5, 0.5], "texture": "#2"},
				"down": {"uv": [13.5, 0, 14, 0.5], "texture": "#2"}
			}
		},
		{
			"name": "Partition",
			"from": [14, 11, 2.5],
			"to": [26, 24, 3.5],
			"rotation": {"angle": 0, "axis": "y", "origin": [26, 21, 0]},
			"faces": {
				"north": {"uv": [13.5, 0, 14, 0.5], "texture": "#2"},
				"east": {"uv": [13.5, 0, 14, 0.5], "texture": "#2"},
				"south": {"uv": [13.5, 0, 14, 0.5], "texture": "#2"},
				"west": {"uv": [13.5, 0, 14, 0.5], "texture": "#2"},
				"up": {"uv": [14, 0, 13.5, 0.5], "texture": "#2"},
				"down": {"uv": [13.5, 0, 14, 0.5], "texture": "#2"}
			}
		},
		{
			"name": "Partition",
			"from": [-10, 11, 2.5],
			"to": [2, 24, 3.5],
			"rotation": {"angle": 0, "axis": "y", "origin": [26, 21, 0]},
			"faces": {
				"north": {"uv": [13.5, 0, 14, 0.5], "texture": "#2"},
				"east": {"uv": [13.5, 0, 14, 0.5], "texture": "#2"},
				"south": {"uv": [13.5, 0, 14, 0.5], "texture": "#2"},
				"west": {"uv": [13.5, 0, 14, 0.5], "texture": "#2"},
				"up": {"uv": [14, 0, 13.5, 0.5], "texture": "#2"},
				"down": {"uv": [13.5, 0, 14, 0.5], "texture": "#2"}
			}
		},
		{
			"name": "Partition",
			"from": [-9, -1, 2.5],
			"to": [2, 11, 3.5],
			"rotation": {"angle": 0, "axis": "y", "origin": [26, 21, 0]},
			"faces": {
				"north": {"uv": [13.5, 0, 14, 0.5], "texture": "#2"},
				"east": {"uv": [13.5, 0, 14, 0.5], "texture": "#2"},
				"south": {"uv": [13.5, 0, 14, 0.5], "texture": "#2"},
				"west": {"uv": [13.5, 0, 14, 0.5], "texture": "#2"},
				"up": {"uv": [14, 0, 13.5, 0.5], "texture": "#2"},
				"down": {"uv": [13.5, 0, 14, 0.5], "texture": "#2"}
			}
		},
		{
			"name": "Partition",
			"from": [-8, -2, 2.5],
			"to": [2, -1, 3.5],
			"rotation": {"angle": 0, "axis": "y", "origin": [26, 21, 0]},
			"faces": {
				"north": {"uv": [13.5, 0, 14, 0.5], "texture": "#2"},
				"east": {"uv": [13.5, 0, 14, 0.5], "texture": "#2"},
				"south": {"uv": [13.5, 0, 14, 0.5], "texture": "#2"},
				"west": {"uv": [13.5, 0, 14, 0.5], "texture": "#2"},
				"up": {"uv": [14, 0, 13.5, 0.5], "texture": "#2"},
				"down": {"uv": [13.5, 0, 14, 0.5], "texture": "#2"}
			}
		},
		{
			"name": "Partition",
			"from": [14, -2, 2.5],
			"to": [24, -1, 3.5],
			"rotation": {"angle": 0, "axis": "y", "origin": [26, 21, 0]},
			"faces": {
				"north": {"uv": [13.5, 0, 14, 0.5], "texture": "#2"},
				"east": {"uv": [13.5, 0, 14, 0.5], "texture": "#2"},
				"south": {"uv": [13.5, 0, 14, 0.5], "texture": "#2"},
				"west": {"uv": [13.5, 0, 14, 0.5], "texture": "#2"},
				"up": {"uv": [14, 0, 13.5, 0.5], "texture": "#2"},
				"down": {"uv": [13.5, 0, 14, 0.5], "texture": "#2"}
			}
		},
		{
			"name": "Partition",
			"from": [14, -1, 2.5],
			"to": [25, 11, 3.5],
			"rotation": {"angle": 0, "axis": "y", "origin": [26, 21, 0]},
			"faces": {
				"north": {"uv": [13.5, 0, 14, 0.5], "texture": "#2"},
				"east": {"uv": [13.5, 0, 14, 0.5], "texture": "#2"},
				"south": {"uv": [13.5, 0, 14, 0.5], "texture": "#2"},
				"west": {"uv": [13.5, 0, 14, 0.5], "texture": "#2"},
				"up": {"uv": [14, 0, 13.5, 0.5], "texture": "#2"},
				"down": {"uv": [13.5, 0, 14, 0.5], "texture": "#2"}
			}
		},
		{
			"name": "Partition",
			"from": [14, -2, -9.5],
			"to": [15, 24, 2.5],
			"rotation": {"angle": 0, "axis": "y", "origin": [26, 21, 0]},
			"faces": {
				"north": {"uv": [13.5, 0, 14, 0.5], "texture": "#2"},
				"east": {"uv": [13.5, 0, 14, 0.5], "texture": "#2"},
				"south": {"uv": [13.5, 0, 14, 0.5], "texture": "#2"},
				"west": {"uv": [13.5, 0, 14, 0.5], "texture": "#2"},
				"up": {"uv": [14, 0, 13.5, 0.5], "texture": "#2"},
				"down": {"uv": [13.5, 0, 14, 0.5], "texture": "#2"}
			}
		},
		{
			"name": "Partition",
			"from": [1, -2, -9.5],
			"to": [2, 24, 2.5],
			"rotation": {"angle": 0, "axis": "y", "origin": [26, 21, 0]},
			"faces": {
				"north": {"uv": [13.5, 0, 14, 0.5], "texture": "#2"},
				"east": {"uv": [13.5, 0, 14, 0.5], "texture": "#2"},
				"south": {"uv": [13.5, 0, 14, 0.5], "texture": "#2"},
				"west": {"uv": [13.5, 0, 14, 0.5], "texture": "#2"},
				"up": {"uv": [14, 0, 13.5, 0.5], "texture": "#2"},
				"down": {"uv": [13.5, 0, 14, 0.5], "texture": "#2"}
			}
		},
		{
			"from": [16, -4, -13],
			"to": [19, 23, -12],
			"faces": {
				"north": {"uv": [12, 0, 12.5, 0.5], "texture": "#2"},
				"east": {"uv": [12, 0, 12.5, 0.5], "texture": "#2"},
				"south": {"uv": [12, 0, 12.5, 0.5], "texture": "#2"},
				"west": {"uv": [12, 0, 12.5, 0.5], "texture": "#2"},
				"up": {"uv": [12, 0, 12.5, 0.5], "texture": "#2"},
				"down": {"uv": [12, 0, 12.5, 0.5], "texture": "#2"}
			}
		},
		{
			"from": [17, -4, -14],
			"to": [18, 23, -11],
			"faces": {
				"north": {"uv": [12, 0, 12.5, 0.5], "texture": "#2"},
				"east": {"uv": [12, 0, 12.5, 0.5], "texture": "#2"},
				"south": {"uv": [12, 0, 12.5, 0.5], "texture": "#2"},
				"west": {"uv": [12, 0, 12.5, 0.5], "texture": "#2"},
				"up": {"uv": [12, 0, 12.5, 0.5], "texture": "#2"},
				"down": {"uv": [12, 0, 12.5, 0.5], "texture": "#2"}
			}
		},
		{
			"from": [17.1, 23, -13.8],
			"to": [17.9, 25.85, -11.2],
			"faces": {
				"north": {"uv": [9.5, 1, 10, 1.5], "texture": "#2"},
				"east": {"uv": [9.5, 1, 10, 1.5], "texture": "#2"},
				"south": {"uv": [9.5, 1, 10, 1.5], "texture": "#2"},
				"west": {"uv": [9.5, 1, 10, 1.5], "texture": "#2"},
				"up": {"uv": [9.5, 1, 10, 1.5], "texture": "#2"},
				"down": {"uv": [9.5, 1, 10, 1.5], "texture": "#2"}
			}
		},
		{
			"from": [16.3, 23, -12.9],
			"to": [18.7, 26, -12.1],
			"faces": {
				"north": {"uv": [9.5, 1, 10, 1.5], "texture": "#2"},
				"east": {"uv": [9.5, 1, 10, 1.5], "texture": "#2"},
				"south": {"uv": [9.5, 1, 10, 1.5], "texture": "#2"},
				"west": {"uv": [9.5, 1, 10, 1.5], "texture": "#2"},
				"up": {"uv": [9.5, 1, 10, 1.5], "texture": "#2"},
				"down": {"uv": [9.5, 1, 10, 1.5], "texture": "#2"}
			}
		},
		{
			"from": [17.1, 26.175, -13.8],
			"to": [17.9, 30.8, -11.2],
			"rotation": {"angle": 22.5, "axis": "z", "origin": [18.7, 26, 0]},
			"faces": {
				"north": {"uv": [9.5, 1, 10, 1.5], "texture": "#2"},
				"east": {"uv": [9.5, 1, 10, 1.5], "texture": "#2"},
				"south": {"uv": [9.5, 1, 10, 1.5], "texture": "#2"},
				"west": {"uv": [9.5, 1, 10, 1.5], "texture": "#2"},
				"up": {"uv": [9.5, 1, 10, 1.5], "texture": "#2"},
				"down": {"uv": [9.5, 1, 10, 1.5], "texture": "#2"}
			}
		},
		{
			"from": [16.3, 26, -12.9],
			"to": [18.7, 30, -12.1],
			"rotation": {"angle": 22.5, "axis": "z", "origin": [18.7, 26, 0]},
			"faces": {
				"north": {"uv": [9.5, 1, 10, 1.5], "texture": "#2"},
				"east": {"uv": [9.5, 1, 10, 1.5], "texture": "#2"},
				"south": {"uv": [9.5, 1, 10, 1.5], "texture": "#2"},
				"west": {"uv": [9.5, 1, 10, 1.5], "texture": "#2"},
				"up": {"uv": [9.5, 1, 10, 1.5], "texture": "#2"},
				"down": {"uv": [9.5, 1, 10, 1.5], "texture": "#2"}
			}
		},
		{
			"from": [16.3, 30, -12.9],
			"to": [17.1, 31.7, -12.1],
			"rotation": {"angle": 22.5, "axis": "z", "origin": [18.7, 26, 0]},
			"faces": {
				"north": {"uv": [9.5, 1, 10, 1.5], "texture": "#2"},
				"east": {"uv": [9.5, 1, 10, 1.5], "texture": "#2"},
				"south": {"uv": [9.5, 1, 10, 1.5], "texture": "#2"},
				"west": {"uv": [9.5, 1, 10, 1.5], "texture": "#2"},
				"up": {"uv": [9.5, 1, 10, 1.5], "texture": "#2"},
				"down": {"uv": [9.5, 1, 10, 1.5], "texture": "#2"}
			}
		},
		{
			"from": [5, -9, -14],
			"to": [11, -7.5, -10],
			"faces": {
				"north": {"uv": [10.5, 1, 11, 1.5], "texture": "#2"},
				"east": {"uv": [10.5, 1, 11, 1.5], "texture": "#2"},
				"south": {"uv": [10.5, 1, 11, 1.5], "texture": "#2"},
				"west": {"uv": [10.5, 1, 11, 1.5], "texture": "#2"},
				"up": {"uv": [10.5, 1, 11, 1.5], "texture": "#2"},
				"down": {"uv": [10.5, 1, 11, 1.5], "texture": "#2"}
			}
		},
		{
			"from": [6, -7.5, -13],
			"to": [10, -4, -10],
			"faces": {
				"north": {"uv": [10.5, 1, 11, 1.5], "texture": "#2"},
				"east": {"uv": [10.5, 1, 11, 1.5], "texture": "#2"},
				"south": {"uv": [10.5, 1, 11, 1.5], "texture": "#2"},
				"west": {"uv": [10.5, 1, 11, 1.5], "texture": "#2"},
				"up": {"uv": [10.5, 1, 11, 1.5], "texture": "#2"},
				"down": {"uv": [10.5, 1, 11, 1.5], "texture": "#2"}
			}
		},
		{
			"from": [7, -7.4, -15],
			"to": [8, -6.2, -13],
			"faces": {
				"north": {"uv": [10.5, 1, 11, 1.5], "texture": "#2"},
				"east": {"uv": [10.5, 1, 11, 1.5], "texture": "#2"},
				"south": {"uv": [10.5, 1, 11, 1.5], "texture": "#2"},
				"west": {"uv": [10.5, 1, 11, 1.5], "texture": "#2"},
				"up": {"uv": [10.5, 1, 11, 1.5], "texture": "#2"},
				"down": {"uv": [10.5, 1, 11, 1.5], "texture": "#2"}
			}
		},
		{
			"from": [8, -6.1, -15],
			"to": [9, -4.9, -13],
			"faces": {
				"north": {"uv": [10.5, 1, 11, 1.5], "texture": "#2"},
				"east": {"uv": [10.5, 1, 11, 1.5], "texture": "#2"},
				"south": {"uv": [10.5, 1, 11, 1.5], "texture": "#2"},
				"west": {"uv": [10.5, 1, 11, 1.5], "texture": "#2"},
				"up": {"uv": [10.5, 1, 11, 1.5], "texture": "#2"},
				"down": {"uv": [10.5, 1, 11, 1.5], "texture": "#2"}
			}
		},
		{
			"from": [6, -8, -10],
			"to": [10, -5, -5],
			"faces": {
				"north": {"uv": [10, 0, 10.5, 0.5], "texture": "#2"},
				"east": {"uv": [10, 0, 10.5, 0.5], "texture": "#2"},
				"south": {"uv": [10, 0, 10.5, 0.5], "texture": "#2"},
				"west": {"uv": [10, 0, 10.5, 0.5], "texture": "#2"},
				"up": {"uv": [10, 0, 10.5, 0.5], "texture": "#2"},
				"down": {"uv": [10, 0, 10.5, 0.5], "texture": "#2"}
			}
		},
		{
			"from": [6, -5, -8],
			"to": [10, -4, -4],
			"faces": {
				"north": {"uv": [10, 0, 10.5, 0.5], "texture": "#2"},
				"east": {"uv": [10, 0, 10.5, 0.5], "texture": "#2"},
				"south": {"uv": [10, 0, 10.5, 0.5], "texture": "#2"},
				"west": {"uv": [10, 0, 10.5, 0.5], "texture": "#2"},
				"up": {"uv": [10, 0, 10.5, 0.5], "texture": "#2"},
				"down": {"uv": [10, 0, 10.5, 0.5], "texture": "#2"}
			}
		}
	],
	"display": {
		"thirdperson_righthand": {
			"rotation": [0, -180, 0]
		},
		"gui": {
			"rotation": [25, 135, 0],
			"translation": [0.5, -0.75, 0],
			"scale": [0.25, 0.25, 0.25]
		},
		"head": {
			"scale": [2, 2, 2]
		}
	},
	"groups": [
		{
			"name": "Back",
			"origin": [0, 0, 0],
			"color": 0,
			"children": [
				{
					"name": "Paneling",
					"origin": [0, 0, 0],
					"color": 0,
					"children": [0, 1, 2, 3, 4, 5, 6, 7, 8, 9, 10, 11, 12, 13, 14, 15, 16, 17, 18, 19, 20, 21]
				},
				{
					"name": "Door",
					"origin": [0, 0, 0],
					"color": 0,
					"children": [22, 23, 24, 25, 26, 27, 28, 29, 30, 31, 32, 33]
				}
			]
		},
		{
			"name": "Body",
			"origin": [8, 8, 8],
			"color": 0,
			"children": [
				{
					"name": "group",
					"origin": [0, 0, 0],
					"color": 0,
					"children": [34, 35, 36]
				},
				37,
				38,
				39,
				40,
				41,
				42,
				43,
				44,
				45,
				46,
				47,
				48,
				49,
				{
					"name": "group",
					"origin": [0, 0, 0],
					"color": 0,
					"children": [50, 51, 52, 53]
				},
				{
					"name": "group",
					"origin": [0, 0, 0],
					"color": 0,
					"children": [54, 55, 56, 57]
				},
				{
					"name": "group",
					"origin": [0, 0, 0],
					"color": 0,
					"children": [58, 59, 60]
				},
				{
					"name": "group",
					"origin": [0, 0, 0],
					"color": 0,
					"children": [61, 62, 63]
				}
			]
		},
		64,
		{
			"name": "Partitions",
			"origin": [26, 21, 0],
			"color": 0,
			"children": [
				{
					"name": "group",
					"origin": [26, 21, 0],
					"color": 0,
					"children": [65, 66, 67, 68, 69, 70, 71, 72, 73, 74, 75, 76, 77]
				},
				{
					"name": "group",
					"origin": [26, 21, 0],
					"color": 0,
					"children": [78, 79, 80, 81, 82, 83, 84, 85]
				}
			]
		},
		{
			"name": "Exhaust",
			"origin": [8, 8, 8],
			"color": 0,
			"children": [
				{
					"name": "group",
					"origin": [0, 0, 0],
					"color": 0,
					"children": [86, 87]
				},
				{
					"name": "group",
					"origin": [0, 0, 0],
					"color": 0,
					"children": [88, 89]
				},
				{
					"name": "group",
					"origin": [0, 0, 0],
					"color": 0,
					"children": [90, 91, 92]
				}
			]
		},
		{
			"name": "Coupling",
			"origin": [8, 8, 8],
			"color": 0,
			"children": [93, 94, 95, 96, 97, 98]
		}
	]
}