{
	"format_version": "1.21.11",
	"credit": "Made with Blockbench",
	"texture_size": [32, 32],
	"textures": {
		"1": "item/amalon/tc/c158/front",
		"2": "item/amalon/tc/c158/base",
		"3": "item/amalon/tc/c158/skin",
		"particle": "item/amalon/tc/c158/base"
	},
	"elements": [
		{
			"name": "Floor",
			"from": [-9, -4, -3.5],
			"to": [25, -2, 19.5],
			"rotation": {"angle": 0, "axis": "y", "origin": [0, 0, 16]},
			"faces": {
				"north": {"uv": [14, 15, 13.5, 15.5], "texture": "#1"},
				"east": {"uv": [11.5, 6.25, 14.375, 6.5], "texture": "#3"},
				"south": {"uv": [14, 15, 13.5, 15.5], "texture": "#1"},
				"west": {"uv": [11.5, 11.75, 14.375, 12], "texture": "#3"},
				"up": {"uv": [13.5, 15.5, 14, 15], "texture": "#1"},
				"down": {"uv": [13.5, 15.5, 14, 15], "texture": "#1"}
			}
		},
		{
			"name": "Roof",
			"from": [25, 25, -3.5],
			"to": [26, 26, 19.5],
			"rotation": {"angle": 0, "axis": "y", "origin": [0, 0, 16]},
			"faces": {
				"north": {"uv": [14, 15, 13.5, 15.5], "texture": "#1"},
				"east": {"uv": [14, 15, 13.5, 15.5], "texture": "#1"},
				"south": {"uv": [14, 15, 13.5, 15.5], "texture": "#1"},
				"west": {"uv": [14, 0, 13.5, 0.5], "texture": "#2"},
				"up": {"uv": [14, 15.5, 13.5, 15], "texture": "#1"},
				"down": {"uv": [13.5, 0.5, 14, 0], "texture": "#2"}
			}
		},
		{
			"name": "Roof",
			"from": [-9, 26, -3.5],
			"to": [-7, 27, 19.5],
			"rotation": {"angle": 0, "axis": "y", "origin": [0, 0, 16]},
			"faces": {
				"north": {"uv": [14, 15, 13.5, 15.5], "texture": "#1"},
				"east": {"uv": [14, 0, 13.5, 0.5], "texture": "#2"},
				"south": {"uv": [14, 15, 13.5, 15.5], "texture": "#1"},
				"west": {"uv": [14, 15, 13.5, 15.5], "texture": "#1"},
				"up": {"uv": [13.5, 15.5, 14, 15], "texture": "#1"},
				"down": {"uv": [13.5, 0.5, 14, 0], "texture": "#2"}
			}
		},
		{
			"name": "Roof",
			"from": [-7, 27, -3.5],
			"to": [-5, 28, 19.5],
			"rotation": {"angle": 0, "axis": "y", "origin": [0, 0, 16]},
			"faces": {
				"north": {"uv": [14, 15, 13.5, 15.5], "texture": "#1"},
				"east": {"uv": [14, 0, 13.5, 0.5], "texture": "#2"},
				"south": {"uv": [14, 15, 13.5, 15.5], "texture": "#1"},
				"west": {"uv": [14, 15, 13.5, 15.5], "texture": "#1"},
				"up": {"uv": [13.5, 15.5, 14, 15], "texture": "#1"},
				"down": {"uv": [13.5, 0.5, 14, 0], "texture": "#2"}
			}
		},
		{
			"name": "Roof",
			"from": [-5, 28, -3.5],
			"to": [-3, 29, 19.5],
			"rotation": {"angle": 0, "axis": "y", "origin": [0, 0, 16]},
			"faces": {
				"north": {"uv": [14, 15, 13.5, 15.5], "texture": "#1"},
				"east": {"uv": [14, 0, 13.5, 0.5], "texture": "#2"},
				"south": {"uv": [14, 15, 13.5, 15.5], "texture": "#1"},
				"west": {"uv": [14, 15, 13.5, 15.5], "texture": "#1"},
				"up": {"uv": [13.5, 15.5, 14, 15], "texture": "#1"},
				"down": {"uv": [13.5, 0.5, 14, 0], "texture": "#2"}
			}
		},
		{
			"name": "Roof",
			"from": [-3, 29, -3.5],
			"to": [1, 30, 19.5],
			"rotation": {"angle": 0, "axis": "y", "origin": [0, 0, 16]},
			"faces": {
				"north": {"uv": [14, 15, 13.5, 15.5], "texture": "#1"},
				"east": {"uv": [14, 0, 13.5, 0.5], "texture": "#2"},
				"south": {"uv": [14, 15, 13.5, 15.5], "texture": "#1"},
				"west": {"uv": [14, 15, 13.5, 15.5], "texture": "#1"},
				"up": {"uv": [13.5, 15.5, 14, 15], "texture": "#1"},
				"down": {"uv": [13.5, 0.5, 14, 0], "texture": "#2"}
			}
		},
		{
			"name": "Roof",
			"from": [1, 30, -3.5],
			"to": [6, 31, 19.5],
			"rotation": {"angle": 0, "axis": "y", "origin": [0, 0, 16]},
			"faces": {
				"north": {"uv": [14, 15, 13.5, 15.5], "texture": "#1"},
				"east": {"uv": [14, 0, 13.5, 0.5], "texture": "#2"},
				"south": {"uv": [14, 15, 13.5, 15.5], "texture": "#1"},
				"west": {"uv": [14, 15, 13.5, 15.5], "texture": "#1"},
				"up": {"uv": [13.5, 15.5, 14, 15], "texture": "#1"},
				"down": {"uv": [13.5, 0.5, 14, 0], "texture": "#2"}
			}
		},
		{
			"name": "Roof",
			"from": [6, 31, -3.5],
			"to": [10, 32, 19.5],
			"rotation": {"angle": 0, "axis": "y", "origin": [0, 0, 16]},
			"faces": {
				"north": {"uv": [14, 15, 13.5, 15.5], "texture": "#1"},
				"east": {"uv": [14, 15, 13.5, 15.5], "texture": "#1"},
				"south": {"uv": [14, 15, 13.5, 15.5], "texture": "#1"},
				"west": {"uv": [14, 15, 13.5, 15.5], "texture": "#1"},
				"up": {"uv": [13.5, 15.5, 14, 15], "texture": "#1"},
				"down": {"uv": [13.5, 0.5, 14, 0], "texture": "#2"}
			}
		},
		{
			"name": "Roof",
			"from": [10, 30, -3.5],
			"to": [15, 31, 19.5],
			"rotation": {"angle": 0, "axis": "y", "origin": [0, 0, 16]},
			"faces": {
				"north": {"uv": [14, 15, 13.5, 15.5], "texture": "#1"},
				"east": {"uv": [14, 15, 13.5, 15.5], "texture": "#1"},
				"south": {"uv": [14, 15, 13.5, 15.5], "texture": "#1"},
				"west": {"uv": [14, 0, 13.5, 0.5], "texture": "#2"},
				"up": {"uv": [13.5, 15.5, 14, 15], "texture": "#1"},
				"down": {"uv": [13.5, 0.5, 14, 0], "texture": "#2"}
			}
		},
		{
			"name": "Roof",
			"from": [15, 29, -3.5],
			"to": [19, 30, 19.5],
			"rotation": {"angle": 0, "axis": "y", "origin": [0, 0, 16]},
			"faces": {
				"north": {"uv": [14, 15, 13.5, 15.5], "texture": "#1"},
				"east": {"uv": [14, 15, 13.5, 15.5], "texture": "#1"},
				"south": {"uv": [14, 15, 13.5, 15.5], "texture": "#1"},
				"west": {"uv": [14, 0, 13.5, 0.5], "texture": "#2"},
				"up": {"uv": [13.5, 15.5, 14, 15], "texture": "#1"},
				"down": {"uv": [13.5, 0.5, 14, 0], "texture": "#2"}
			}
		},
		{
			"name": "Roof",
			"from": [19, 28, -3.5],
			"to": [21, 29, 19.5],
			"rotation": {"angle": 0, "axis": "y", "origin": [0, 0, 16]},
			"faces": {
				"north": {"uv": [14, 15, 13.5, 15.5], "texture": "#1"},
				"east": {"uv": [14, 15, 13.5, 15.5], "texture": "#1"},
				"south": {"uv": [14, 15, 13.5, 15.5], "texture": "#1"},
				"west": {"uv": [14, 0, 13.5, 0.5], "texture": "#2"},
				"up": {"uv": [13.5, 15.5, 14, 15], "texture": "#1"},
				"down": {"uv": [13.5, 0.5, 14, 0], "texture": "#2"}
			}
		},
		{
			"name": "Roof",
			"from": [21, 27, -3.5],
			"to": [23, 28, 19.5],
			"rotation": {"angle": 0, "axis": "y", "origin": [0, 0, 16]},
			"faces": {
				"north": {"uv": [14, 15, 13.5, 15.5], "texture": "#1"},
				"east": {"uv": [14, 15, 13.5, 15.5], "texture": "#1"},
				"south": {"uv": [14, 15, 13.5, 15.5], "texture": "#1"},
				"west": {"uv": [14, 0, 13.5, 0.5], "texture": "#2"},
				"up": {"uv": [13.5, 15.5, 14, 15], "texture": "#1"},
				"down": {"uv": [13.5, 0.5, 14, 0], "texture": "#2"}
			}
		},
		{
			"name": "Roof",
			"from": [23, 26, -3.5],
			"to": [25, 27, 19.5],
			"rotation": {"angle": 0, "axis": "y", "origin": [0, 0, 16]},
			"faces": {
				"north": {"uv": [14, 15, 13.5, 15.5], "texture": "#1"},
				"east": {"uv": [14, 15, 13.5, 15.5], "texture": "#1"},
				"south": {"uv": [14, 15, 13.5, 15.5], "texture": "#1"},
				"west": {"uv": [14, 0, 13.5, 0.5], "texture": "#2"},
				"up": {"uv": [13.5, 15.5, 14, 15], "texture": "#1"},
				"down": {"uv": [13.5, 0.5, 14, 0], "texture": "#2"}
			}
		},
		{
			"name": "Roof",
			"from": [-10, 25, -3.5],
			"to": [-9, 26, 19.5],
			"rotation": {"angle": 0, "axis": "y", "origin": [0, 0, 16]},
			"faces": {
				"north": {"uv": [14, 15, 13.5, 15.5], "texture": "#1"},
				"east": {"uv": [14, 0, 13.5, 0.5], "texture": "#2"},
				"south": {"uv": [14, 15, 13.5, 15.5], "texture": "#1"},
				"west": {"uv": [14, 15, 13.5, 15.5], "texture": "#1"},
				"up": {"uv": [14, 15.5, 13.5, 15], "texture": "#1"},
				"down": {"uv": [13.5, 0.5, 14, 0], "texture": "#2"}
			}
		},
		{
			"name": "Upper",
			"from": [-11, 20, -3.5],
			"to": [-10, 25, 19.5],
			"rotation": {"angle": 0, "axis": "y", "origin": [0, 0, 16]},
			"faces": {
				"north": {"uv": [14, 15, 13.5, 15.5], "texture": "#1"},
				"east": {"uv": [14, 0, 13.5, 0.5], "texture": "#2"},
				"south": {"uv": [14, 15, 13.5, 15.5], "texture": "#1"},
				"west": {"uv": [11.5, 9.25, 14.375, 9.875], "texture": "#3"},
				"up": {"uv": [13.5, 15.5, 14, 15], "texture": "#1"},
				"down": {"uv": [13.5, 15.5, 14, 15], "texture": "#1"}
			}
		},
		{
			"name": "Lower",
			"from": [-11, 2, -3.5],
			"to": [-10, 10, 19.5],
			"rotation": {"angle": 0, "axis": "y", "origin": [0, 0, 16]},
			"faces": {
				"north": {"uv": [14, 15, 13.5, 15.5], "texture": "#1"},
				"east": {"uv": [14, 0, 13.5, 0.5], "texture": "#2"},
				"south": {"uv": [14, 15, 13.5, 15.5], "texture": "#1"},
				"west": {"uv": [11.5, 10.125, 14.375, 11.125], "texture": "#3"},
				"up": {"uv": [13.5, 15.5, 14, 15], "texture": "#1"},
				"down": {"uv": [11.5, 11.125, 14.375, 11.25], "rotation": 270, "texture": "#3"}
			}
		},
		{
			"name": "Footer",
			"from": [-10, -2, -3.5],
			"to": [-8, 3, 19.5],
			"rotation": {"angle": 0, "axis": "y", "origin": [0, 0, 16]},
			"faces": {
				"north": {"uv": [14, 15, 13.5, 15.5], "texture": "#1"},
				"east": {"uv": [14, 15, 13.5, 15.5], "texture": "#1"},
				"south": {"uv": [14, 15, 13.5, 15.5], "texture": "#1"},
				"west": {"uv": [11.5, 11.125, 14.375, 11.75], "texture": "#3"},
				"up": {"uv": [13.5, 15.5, 14, 15], "texture": "#1"},
				"down": {"uv": [11.5, 11.625, 14.375, 11.875], "rotation": 270, "texture": "#3"}
			}
		},
		{
			"name": "Upper",
			"from": [26, 20, -3.5],
			"to": [27, 25, 19.5],
			"rotation": {"angle": 0, "axis": "y", "origin": [16, 0, 16]},
			"faces": {
				"north": {"uv": [13.5, 15, 14, 15.5], "texture": "#1"},
				"east": {"uv": [11.5, 3.75, 14.375, 4.375], "texture": "#3"},
				"south": {"uv": [13.5, 15, 14, 15.5], "texture": "#1"},
				"west": {"uv": [14, 0.125, 13.5, 0.5], "texture": "#2"},
				"up": {"uv": [14, 15.5, 13.5, 15], "texture": "#1"},
				"down": {"uv": [14, 15.5, 13.5, 15], "texture": "#1"}
			}
		},
		{
			"name": "Lower",
			"from": [26, 2, -3.5],
			"to": [27, 10, 19.5],
			"rotation": {"angle": 0, "axis": "y", "origin": [16, 0, 16]},
			"faces": {
				"north": {"uv": [13.5, 15, 14, 15.5], "texture": "#1"},
				"east": {"uv": [11.5, 4.625, 14.375, 5.625], "texture": "#3"},
				"south": {"uv": [13.5, 15, 14, 15.5], "texture": "#1"},
				"west": {"uv": [14, 0.125, 13.5, 0.5], "texture": "#2"},
				"up": {"uv": [14, 15.5, 13.5, 15], "texture": "#1"},
				"down": {"uv": [14.375, 5.75, 11.5, 5.625], "rotation": 270, "texture": "#3"}
			}
		},
		{
			"name": "Footer",
			"from": [24, -2, -3.5],
			"to": [26, 3, 19.5],
			"rotation": {"angle": 0, "axis": "y", "origin": [16, 0, 16]},
			"faces": {
				"north": {"uv": [13.5, 15, 14, 15.5], "texture": "#1"},
				"east": {"uv": [11.5, 5.625, 14.375, 6.25], "texture": "#3"},
				"south": {"uv": [13.5, 15, 14, 15.5], "texture": "#1"},
				"west": {"uv": [14, 15, 13.5, 15.5], "texture": "#1"},
				"up": {"uv": [14, 15.5, 13.5, 15], "texture": "#1"},
				"down": {"uv": [14.375, 6.375, 11.5, 6.125], "rotation": 270, "texture": "#3"}
			}
		},
		{
			"name": "Frame",
			"from": [-11, 19, -3.5],
			"to": [-10, 20, -1.5],
			"rotation": {"angle": 0, "axis": "y", "origin": [0, 0, 16]},
			"faces": {
				"north": {"uv": [14, 15, 13.5, 15.5], "texture": "#1"},
				"east": {"uv": [14, 0, 13.5, 0.5], "texture": "#2"},
				"south": {"uv": [14, 15, 13.5, 15.5], "texture": "#1"},
				"west": {"uv": [14.125, 9.875, 14.375, 10], "texture": "#3"},
				"up": {"uv": [10.5, 15.5, 11, 15], "texture": "#1"},
				"down": {"uv": [13.5, 15.5, 14, 15], "texture": "#1"}
			}
		},
		{
			"name": "Frame",
			"from": [-11, 19, 17.5],
			"to": [-10, 20, 19.5],
			"rotation": {"angle": 0, "axis": "y", "origin": [0, 0, 16]},
			"faces": {
				"north": {"uv": [14, 15, 13.5, 15.5], "texture": "#1"},
				"east": {"uv": [14, 0, 13.5, 0.5], "texture": "#2"},
				"south": {"uv": [14, 15, 13.5, 15.5], "texture": "#1"},
				"west": {"uv": [11.5, 9.875, 11.75, 10], "texture": "#3"},
				"up": {"uv": [10.5, 15.5, 11, 15], "texture": "#1"},
				"down": {"uv": [13.5, 15.5, 14, 15], "texture": "#1"}
			}
		},
		{
			"name": "Frame",
			"from": [-11, 11, 18.5],
			"to": [-10, 19, 19.5],
			"rotation": {"angle": 0, "axis": "y", "origin": [0, 0, 16]},
			"faces": {
				"north": {"uv": [14, 15, 13.5, 15.5], "texture": "#1"},
				"east": {"uv": [14, 0, 13.5, 0.5], "texture": "#2"},
				"south": {"uv": [14, 15, 13.5, 15.5], "texture": "#1"},
				"west": {"uv": [12.75, 10, 11.75, 9.875], "rotation": 90, "texture": "#3"},
				"up": {"uv": [10.5, 15.5, 11, 15], "texture": "#1"},
				"down": {"uv": [10.5, 15.5, 11, 15], "texture": "#1"}
			}
		},
		{
			"name": "Frame",
			"from": [-11, 10, 17.5],
			"to": [-10, 11, 19.5],
			"rotation": {"angle": 0, "axis": "y", "origin": [0, 0, 16]},
			"faces": {
				"north": {"uv": [14, 15, 13.5, 15.5], "texture": "#1"},
				"east": {"uv": [14, 0, 13.5, 0.5], "texture": "#2"},
				"south": {"uv": [14, 15, 13.5, 15.5], "texture": "#1"},
				"west": {"uv": [11.5, 10, 11.75, 10.125], "texture": "#3"},
				"up": {"uv": [13.5, 15.5, 14, 15], "texture": "#1"},
				"down": {"uv": [10.5, 15.5, 11, 15], "texture": "#1"}
			}
		},
		{
			"name": "Frame",
			"from": [-11, 11, -3.5],
			"to": [-10, 19, -2.5],
			"rotation": {"angle": 0, "axis": "y", "origin": [0, 0, 16]},
			"faces": {
				"north": {"uv": [14, 15, 13.5, 15.5], "texture": "#1"},
				"east": {"uv": [14, 0, 13.5, 0.5], "texture": "#2"},
				"south": {"uv": [14, 15, 13.5, 15.5], "texture": "#1"},
				"west": {"uv": [14.125, 10, 13.125, 9.875], "rotation": 90, "texture": "#3"},
				"up": {"uv": [10.5, 15.5, 11, 15], "texture": "#1"},
				"down": {"uv": [10.5, 15.5, 11, 15], "texture": "#1"}
			}
		},
		{
			"name": "Frame",
			"from": [-11, 10, -3.5],
			"to": [-10, 11, -1.5],
			"rotation": {"angle": 0, "axis": "y", "origin": [0, 0, 16]},
			"faces": {
				"north": {"uv": [14, 15, 13.5, 15.5], "texture": "#1"},
				"east": {"uv": [14, 0, 13.5, 0.5], "texture": "#2"},
				"south": {"uv": [14, 15, 13.5, 15.5], "texture": "#1"},
				"west": {"uv": [14.125, 10, 14.375, 10.125], "texture": "#3"},
				"up": {"uv": [13.5, 15.5, 14, 15], "texture": "#1"},
				"down": {"uv": [10.5, 15.5, 11, 15], "texture": "#1"}
			}
		},
		{
			"name": "Frame",
			"from": [26, 19, -3.5],
			"to": [27, 20, -1.5],
			"rotation": {"angle": 0, "axis": "y", "origin": [16, 0, 16]},
			"faces": {
				"north": {"uv": [13.5, 15, 14, 15.5], "texture": "#1"},
				"east": {"uv": [14.125, 4.375, 14.375, 4.5], "texture": "#3"},
				"south": {"uv": [13.5, 15, 14, 15.5], "texture": "#1"},
				"west": {"uv": [13.5, 0.125, 14, 0.5], "texture": "#2"},
				"up": {"uv": [11, 15.5, 10.5, 15], "texture": "#1"},
				"down": {"uv": [14, 15.5, 13.5, 15], "texture": "#1"}
			}
		},
		{
			"name": "Frame",
			"from": [26, 19, 17.5],
			"to": [27, 20, 19.5],
			"rotation": {"angle": 0, "axis": "y", "origin": [16, 0, 16]},
			"faces": {
				"north": {"uv": [13.5, 15, 14, 15.5], "texture": "#1"},
				"east": {"uv": [11.5, 4.375, 11.75, 4.5], "texture": "#3"},
				"south": {"uv": [13.5, 15, 14, 15.5], "texture": "#1"},
				"west": {"uv": [13.5, 0.125, 14, 0.5], "texture": "#2"},
				"up": {"uv": [11, 15.5, 10.5, 15], "texture": "#1"},
				"down": {"uv": [14, 15.5, 13.5, 15], "texture": "#1"}
			}
		},
		{
			"name": "Frame",
			"from": [26, 11, 18.5],
			"to": [27, 19, 19.5],
			"rotation": {"angle": 0, "axis": "y", "origin": [16, 0, 16]},
			"faces": {
				"north": {"uv": [13.5, 15, 14, 15.5], "texture": "#1"},
				"east": {"uv": [11.75, 4.375, 12.75, 4.5], "rotation": 90, "texture": "#3"},
				"south": {"uv": [13.5, 15, 14, 15.5], "texture": "#1"},
				"west": {"uv": [13.5, 0.125, 14, 0.5], "texture": "#2"},
				"up": {"uv": [11, 15.5, 10.5, 15], "texture": "#1"},
				"down": {"uv": [11, 15.5, 10.5, 15], "texture": "#1"}
			}
		},
		{
			"name": "Frame",
			"from": [26, 10, 17.5],
			"to": [27, 11, 19.5],
			"rotation": {"angle": 0, "axis": "y", "origin": [16, 0, 16]},
			"faces": {
				"north": {"uv": [13.5, 15, 14, 15.5], "texture": "#1"},
				"east": {"uv": [11.5, 4.5, 11.75, 4.625], "texture": "#3"},
				"south": {"uv": [13.5, 15, 14, 15.5], "texture": "#1"},
				"west": {"uv": [13.5, 0.125, 14, 0.5], "texture": "#2"},
				"up": {"uv": [14, 15.5, 13.5, 15], "texture": "#1"},
				"down": {"uv": [11, 15.5, 10.5, 15], "texture": "#1"}
			}
		},
		{
			"name": "Frame",
			"from": [26, 11, -3.5],
			"to": [27, 19, -2.5],
			"rotation": {"angle": 0, "axis": "y", "origin": [16, 0, 16]},
			"faces": {
				"north": {"uv": [13.5, 15, 14, 15.5], "texture": "#1"},
				"east": {"uv": [13.125, 4.375, 14.125, 4.5], "rotation": 90, "texture": "#3"},
				"south": {"uv": [13.5, 15, 14, 15.5], "texture": "#1"},
				"west": {"uv": [13.5, 0.125, 14, 0.5], "texture": "#2"},
				"up": {"uv": [11, 15.5, 10.5, 15], "texture": "#1"},
				"down": {"uv": [11, 15.5, 10.5, 15], "texture": "#1"}
			}
		},
		{
			"name": "Frame",
			"from": [26, 10, -3.5],
			"to": [27, 11, -1.5],
			"rotation": {"angle": 0, "axis": "y", "origin": [16, 0, 16]},
			"faces": {
				"north": {"uv": [13.5, 15, 14, 15.5], "texture": "#1"},
				"east": {"uv": [14.125, 4.5, 14.375, 4.625], "texture": "#3"},
				"south": {"uv": [13.5, 15, 14, 15.5], "texture": "#1"},
				"west": {"uv": [13.5, 0.125, 14, 0.5], "texture": "#2"},
				"up": {"uv": [14, 15.5, 13.5, 15], "texture": "#1"},
				"down": {"uv": [11, 15.5, 10.5, 15], "texture": "#1"}
			}
		},
		{
			"name": "Rack",
			"from": [-10, 21, -3.5],
			"to": [-6, 22, 19.5],
			"rotation": {"angle": 0, "axis": "z", "origin": [26, 21, 16]},
			"faces": {
				"north": {"uv": [14, 0, 13.5, 0.5], "texture": "#2"},
				"east": {"uv": [14, 0, 13.5, 0.5], "texture": "#2"},
				"south": {"uv": [14, 0, 13.5, 0.5], "texture": "#2"},
				"west": {"uv": [14, 0, 13.5, 0.5], "texture": "#2"},
				"up": {"uv": [14, 0.5, 13.5, 0], "texture": "#2"},
				"down": {"uv": [13.5, 0.5, 14, 0], "texture": "#2"}
			}
		},
		{
			"name": "Rack",
			"from": [18, 22, -3.5],
			"to": [22, 23, 19.5],
			"rotation": {"angle": 0, "axis": "z", "origin": [26, 21, 16]},
			"faces": {
				"north": {"uv": [14, 0, 13.5, 0.5], "texture": "#2"},
				"east": {"uv": [14, 0, 13.5, 0.5], "texture": "#2"},
				"south": {"uv": [14, 0, 13.5, 0.5], "texture": "#2"},
				"west": {"uv": [14, 0, 13.5, 0.5], "texture": "#2"},
				"up": {"uv": [14, 0.5, 13.5, 0], "texture": "#2"},
				"down": {"uv": [13.5, 0.5, 14, 0], "texture": "#2"}
			}
		},
		{
			"name": "Rack",
			"from": [1, 28, -3.5],
			"to": [15, 30, 19.5],
			"rotation": {"angle": 0, "axis": "z", "origin": [26, 21, 16]},
			"faces": {
				"north": {"uv": [14, 0, 13.5, 0.5], "texture": "#2"},
				"east": {"uv": [14, 0, 13.5, 0.5], "texture": "#2"},
				"south": {"uv": [14, 0, 13.5, 0.5], "texture": "#2"},
				"west": {"uv": [14, 0, 13.5, 0.5], "texture": "#2"},
				"up": {"uv": [14, 0.5, 13.5, 0], "texture": "#2"},
				"down": {"uv": [13.5, 0.5, 14, 0], "texture": "#2"}
			}
		},
		{
			"name": "Rack",
			"from": [-6, 22, -3.5],
			"to": [-2, 23, 19.5],
			"rotation": {"angle": 0, "axis": "z", "origin": [26, 21, 16]},
			"faces": {
				"north": {"uv": [14, 0, 13.5, 0.5], "texture": "#2"},
				"east": {"uv": [14, 0, 13.5, 0.5], "texture": "#2"},
				"south": {"uv": [14, 0, 13.5, 0.5], "texture": "#2"},
				"west": {"uv": [14, 0, 13.5, 0.5], "texture": "#2"},
				"up": {"uv": [14, 0.5, 13.5, 0], "texture": "#2"},
				"down": {"uv": [13.5, 0.5, 14, 0], "texture": "#2"}
			}
		},
		{
			"name": "Rack",
			"from": [22, 21, -3.5],
			"to": [26, 22, 19.5],
			"rotation": {"angle": 0, "axis": "z", "origin": [26, 21, 16]},
			"faces": {
				"north": {"uv": [14, 0, 13.5, 0.5], "texture": "#2"},
				"east": {"uv": [14, 0, 13.5, 0.5], "texture": "#2"},
				"south": {"uv": [14, 0, 13.5, 0.5], "texture": "#2"},
				"west": {"uv": [14, 0, 13.5, 0.5], "texture": "#2"},
				"up": {"uv": [14, 0.5, 13.5, 0], "texture": "#2"},
				"down": {"uv": [13.5, 0.5, 14, 0], "texture": "#2"}
			}
		},
		{
			"from": [-3.1, -11.4, 2],
			"to": [19.1, -4, 14],
			"rotation": {"angle": 0, "axis": "y", "origin": [0, 0, -22]},
			"faces": {
				"north": {"uv": [10, 0, 10.5, 0.5], "texture": "#2"},
				"east": {"uv": [10, 0, 10.5, 0.5], "texture": "#2"},
				"south": {"uv": [10, 0, 10.5, 0.5], "texture": "#2"},
				"west": {"uv": [10, 0, 10.5, 0.5], "texture": "#2"},
				"down": {"uv": [10, 0, 10.5, 0.5], "texture": "#2"}
			}
		},
		{
			"from": [-2.1, -14, -3.5],
			"to": [18.1, -6.4, 2],
			"rotation": {"angle": 0, "axis": "y", "origin": [0, 0, -22]},
			"faces": {
				"north": {"uv": [10, 0, 10.5, 0.5], "texture": "#2"},
				"east": {"uv": [10, 0, 10.5, 0.5], "texture": "#2"},
				"south": {"uv": [10, 0, 10.5, 0.5], "texture": "#2"},
				"west": {"uv": [10, 0, 10.5, 0.5], "texture": "#2"},
				"down": {"uv": [10, 0, 10.5, 0.5], "texture": "#2"}
			}
		},
		{
			"from": [20, -13, 9],
			"to": [24, -7, 19],
			"faces": {
				"north": {"uv": [10, 0, 10.5, 0.5], "texture": "#2"},
				"east": {"uv": [10, 0, 10.5, 0.5], "texture": "#2"},
				"south": {"uv": [10, 0, 10.5, 0.5], "texture": "#2"},
				"west": {"uv": [10, 0, 10.5, 0.5], "texture": "#2"},
				"up": {"uv": [10, 0, 10.5, 0.5], "texture": "#2"},
				"down": {"uv": [10, 0, 10.5, 0.5], "texture": "#2"}
			}
		},
		{
			"from": [20, -1, 7],
			"to": [22, 1, 14],
			"rotation": {"angle": 45, "axis": "x", "origin": [0, 0, 0]},
			"faces": {
				"north": {"uv": [10, 0, 10.5, 0.5], "texture": "#2"},
				"east": {"uv": [10, 0, 10.5, 0.5], "texture": "#2"},
				"south": {"uv": [10, 0, 10.5, 0.5], "texture": "#2"},
				"west": {"uv": [10, 0, 10.5, 0.5], "texture": "#2"},
				"up": {"uv": [10, 0, 10.5, 0.5], "texture": "#2"},
				"down": {"uv": [10, 0, 10.5, 0.5], "texture": "#2"}
			}
		},
		{
			"from": [19, -12, 9],
			"to": [25, -8, 19],
			"faces": {
				"north": {"uv": [10, 0, 10.5, 0.5], "texture": "#2"},
				"east": {"uv": [10, 0, 10.5, 0.5], "texture": "#2"},
				"south": {"uv": [10, 0, 10.5, 0.5], "texture": "#2"},
				"west": {"uv": [10, 0, 10.5, 0.5], "texture": "#2"},
				"up": {"uv": [10, 0, 10.5, 0.5], "texture": "#2"},
				"down": {"uv": [10, 0, 10.5, 0.5], "texture": "#2"}
			}
		},
		{
			"from": [18.9, -7.4, 3],
			"to": [22.1, -4, 6],
			"rotation": {"angle": 0, "axis": "y", "origin": [0, 0, -22]},
			"faces": {
				"north": {"uv": [10, 0, 10.5, 0.5], "texture": "#2"},
				"east": {"uv": [10, 0, 10.5, 0.5], "texture": "#2"},
				"south": {"uv": [10, 0, 10.5, 0.5], "texture": "#2"},
				"down": {"uv": [10, 0, 10.5, 0.5], "texture": "#2"}
			}
		},
		{
			"from": [-8.1, -6.4, -3.5],
			"to": [24.1, -4, 2],
			"rotation": {"angle": 0, "axis": "y", "origin": [0, 0, -22]},
			"faces": {
				"north": {"uv": [10, 0, 10.5, 0.5], "texture": "#2"},
				"east": {"uv": [10, 0, 10.5, 0.5], "texture": "#2"},
				"south": {"uv": [10, 0, 10.5, 0.5], "texture": "#2"},
				"west": {"uv": [10, 0, 10.5, 0.5], "texture": "#2"},
				"down": {"uv": [10, 0, 10.5, 0.5], "texture": "#2"}
			}
		},
		{
			"from": [27, 22.5, 7],
			"to": [27.5, 24.5, 9],
			"faces": {
				"north": {"uv": [12, 0, 12.5, 0.5], "texture": "#2"},
				"east": {"uv": [12, 0, 12.5, 0.5], "texture": "#2"},
				"south": {"uv": [12, 0, 12.5, 0.5], "texture": "#2"},
				"up": {"uv": [12, 0, 12.5, 0.5], "texture": "#2"},
				"down": {"uv": [12, 0, 12.5, 0.5], "texture": "#2"}
			}
		},
		{
			"from": [27.5, 22.9, 7.3],
			"to": [27.8, 24.1, 8.7],
			"faces": {
				"north": {"uv": [12, 0, 12.5, 0.5], "texture": "#2"},
				"east": {"uv": [12, 0, 12.5, 0.5], "texture": "#2"},
				"south": {"uv": [12, 0, 12.5, 0.5], "texture": "#2"},
				"up": {"uv": [12, 0, 12.5, 0.5], "texture": "#2"},
				"down": {"uv": [12, 0, 12.5, 0.5], "texture": "#2"}
			}
		},
		{
			"from": [-11.5, 22.5, 7],
			"to": [-11, 24.5, 9],
			"rotation": {"angle": 0, "axis": "y", "origin": [16, 0, 0]},
			"faces": {
				"north": {"uv": [12.5, 0, 12, 0.5], "texture": "#2"},
				"south": {"uv": [12.5, 0, 12, 0.5], "texture": "#2"},
				"west": {"uv": [12.5, 0, 12, 0.5], "texture": "#2"},
				"up": {"uv": [12.5, 0, 12, 0.5], "texture": "#2"},
				"down": {"uv": [12.5, 0, 12, 0.5], "texture": "#2"}
			}
		},
		{
			"from": [-11.8, 22.9, 7.3],
			"to": [-11.5, 24.1, 8.7],
			"rotation": {"angle": 0, "axis": "y", "origin": [16, 0, 0]},
			"faces": {
				"north": {"uv": [12.5, 0, 12, 0.5], "texture": "#2"},
				"south": {"uv": [12.5, 0, 12, 0.5], "texture": "#2"},
				"west": {"uv": [12.5, 0, 12, 0.5], "texture": "#2"},
				"up": {"uv": [12.5, 0, 12, 0.5], "texture": "#2"},
				"down": {"uv": [12.5, 0, 12, 0.5], "texture": "#2"}
			}
		}
	],
	"display": {
		"gui": {
			"rotation": [25, 135, 0],
			"translation": [0, -0.25, 0],
			"scale": [0.25, 0.25, 0.25]
		},
		"head": {
			"scale": [2, 2, 2]
		}
	},
	"groups": [
		{
			"name": "Body",
			"origin": [8, 8, 8],
			"color": 0,
			"children": [
				0,
				{
					"name": "Roof",
					"origin": [0, 0, 0],
					"color": 0,
					"children": [1, 2, 3, 4, 5, 6, 7, 8, 9, 10, 11, 12, 13]
				},
				{
					"name": "Walls",
					"origin": [0, 0, 0],
					"color": 0,
					"children": [
						{
							"name": "group",
							"origin": [0, 0, 0],
							"color": 0,
							"children": [14, 15, 16]
						},
						{
							"name": "group",
							"origin": [0, 0, 0],
							"color": 0,
							"children": [17, 18, 19]
						}
					]
				},
				{
					"name": "Window",
					"origin": [8, 8, 8],
					"color": 0,
					"children": [20, 21, 22, 23, 24, 25]
				},
				{
					"name": "Window",
					"origin": [8, 8, 8],
					"color": 0,
					"children": [26, 27, 28, 29, 30, 31]
				}
			]
		},
		{
			"name": "Racks",
			"origin": [26, 21, 0],
			"color": 0,
			"children": [32, 33, 34, 35, 36]
		},
		{
			"name": "Engine",
			"origin": [8, 8, 8],
			"color": 0,
			"children": [
				{
					"name": "group",
					"origin": [-9, -4, 0],
					"color": 0,
					"children": [37, 38]
				},
				{
					"name": "group",
					"origin": [8, 8, 8],
					"color": 0,
					"children": [39, 40, 41, 42]
				},
				{
					"name": "group",
					"origin": [-9, -4, 0],
					"color": 0,
					"children": [43]
				}
			]
		},
		{
			"name": "Exterior",
			"origin": [8, 8, 8],
			"color": 0,
			"children": [
				{
					"name": "group",
					"origin": [0, 0, 0],
					"color": 0,
					"children": [44, 45]
				},
				{
					"name": "group",
					"origin": [0, 0, 0],
					"color": 0,
					"children": [46, 47]
				}
			]
		}
	]
}