{
	"format_version": "1.21.11",
	"credit": "Made with Blockbench",
	"texture_size": [32, 32],
	"textures": {
		"1": "item/amalon/tc/c158/front",
		"2": "item/amalon/tc/c158/base",
		"3": "item/amalon/tc/c158/skin",
		"particle": "item/amalon/tc/c158/base"
	},
	"elements": [
		{
			"name": "Floor",
			"from": [-9, -4, -15],
			"to": [25, -2, 31],
			"rotation": {"angle": 0, "axis": "y", "origin": [0, 0, 16]},
			"faces": {
				"north": {"uv": [14, 15, 13.5, 15.5], "texture": "#1"},
				"east": {"uv": [0, 9, 5.75, 9.25], "texture": "#3"},
				"south": {"uv": [14, 15, 13.5, 15.5], "texture": "#1"},
				"west": {"uv": [5.75, 11.75, 11.5, 12], "texture": "#3"},
				"up": {"uv": [13.5, 15.5, 14, 15], "texture": "#1"},
				"down": {"uv": [13.5, 15.5, 14, 15], "texture": "#1"}
			}
		},
		{
			"name": "Roof",
			"from": [25, 25, -15],
			"to": [26, 26, 31],
			"rotation": {"angle": 0, "axis": "y", "origin": [0, 0, 16]},
			"faces": {
				"north": {"uv": [14, 15, 13.5, 15.5], "texture": "#1"},
				"east": {"uv": [14, 15, 13.5, 15.5], "texture": "#1"},
				"south": {"uv": [14, 15, 13.5, 15.5], "texture": "#1"},
				"west": {"uv": [14, 0, 13.5, 0.5], "texture": "#2"},
				"up": {"uv": [14, 15.5, 13.5, 15], "texture": "#1"},
				"down": {"uv": [13.5, 0.5, 14, 0], "texture": "#2"}
			}
		},
		{
			"name": "Roof",
			"from": [-9, 26, -15],
			"to": [-7, 27, 31],
			"rotation": {"angle": 0, "axis": "y", "origin": [0, 0, 16]},
			"faces": {
				"north": {"uv": [14, 15, 13.5, 15.5], "texture": "#1"},
				"east": {"uv": [14, 0, 13.5, 0.5], "texture": "#2"},
				"south": {"uv": [14, 15, 13.5, 15.5], "texture": "#1"},
				"west": {"uv": [14, 15, 13.5, 15.5], "texture": "#1"},
				"up": {"uv": [13.5, 15.5, 14, 15], "texture": "#1"},
				"down": {"uv": [13.5, 0.5, 14, 0], "texture": "#2"}
			}
		},
		{
			"name": "Roof",
			"from": [-7, 27, -15],
			"to": [-5, 28, 31],
			"rotation": {"angle": 0, "axis": "y", "origin": [0, 0, 16]},
			"faces": {
				"north": {"uv": [14, 15, 13.5, 15.5], "texture": "#1"},
				"east": {"uv": [14, 0, 13.5, 0.5], "texture": "#2"},
				"south": {"uv": [14, 15, 13.5, 15.5], "texture": "#1"},
				"west": {"uv": [14, 15, 13.5, 15.5], "texture": "#1"},
				"up": {"uv": [13.5, 15.5, 14, 15], "texture": "#1"},
				"down": {"uv": [13.5, 0.5, 14, 0], "texture": "#2"}
			}
		},
		{
			"name": "Roof",
			"from": [-5, 28, -15],
			"to": [-3, 29, 31],
			"rotation": {"angle": 0, "axis": "y", "origin": [0, 0, 16]},
			"faces": {
				"north": {"uv": [14, 15, 13.5, 15.5], "texture": "#1"},
				"east": {"uv": [14, 0, 13.5, 0.5], "texture": "#2"},
				"south": {"uv": [14, 15, 13.5, 15.5], "texture": "#1"},
				"west": {"uv": [14, 15, 13.5, 15.5], "texture": "#1"},
				"up": {"uv": [13.5, 15.5, 14, 15], "texture": "#1"},
				"down": {"uv": [13.5, 0.5, 14, 0], "texture": "#2"}
			}
		},
		{
			"name": "Roof",
			"from": [-3, 29, -15],
			"to": [1, 30, 31],
			"rotation": {"angle": 0, "axis": "y", "origin": [0, 0, 16]},
			"faces": {
				"north": {"uv": [14, 15, 13.5, 15.5], "texture": "#1"},
				"east": {"uv": [14, 0, 13.5, 0.5], "texture": "#2"},
				"south": {"uv": [14, 15, 13.5, 15.5], "texture": "#1"},
				"west": {"uv": [14, 15, 13.5, 15.5], "texture": "#1"},
				"up": {"uv": [13.5, 15.5, 14, 15], "texture": "#1"},
				"down": {"uv": [13.5, 0.5, 14, 0], "texture": "#2"}
			}
		},
		{
			"name": "Roof",
			"from": [1, 30, -15],
			"to": [6, 31, 31],
			"rotation": {"angle": 0, "axis": "y", "origin": [0, 0, 16]},
			"faces": {
				"north": {"uv": [14, 15, 13.5, 15.5], "texture": "#1"},
				"east": {"uv": [14, 0, 13.5, 0.5], "texture": "#2"},
				"south": {"uv": [14, 15, 13.5, 15.5], "texture": "#1"},
				"west": {"uv": [14, 15, 13.5, 15.5], "texture": "#1"},
				"up": {"uv": [13.5, 15.5, 14, 15], "texture": "#1"},
				"down": {"uv": [13.5, 0.5, 14, 0], "texture": "#2"}
			}
		},
		{
			"name": "Roof",
			"from": [6, 31, -15],
			"to": [10, 32, 31],
			"rotation": {"angle": 0, "axis": "y", "origin": [0, 0, 16]},
			"faces": {
				"north": {"uv": [14, 15, 13.5, 15.5], "texture": "#1"},
				"east": {"uv": [14, 15, 13.5, 15.5], "texture": "#1"},
				"south": {"uv": [14, 15, 13.5, 15.5], "texture": "#1"},
				"west": {"uv": [14, 15, 13.5, 15.5], "texture": "#1"},
				"up": {"uv": [13.5, 15.5, 14, 15], "texture": "#1"},
				"down": {"uv": [13.5, 0.5, 14, 0], "texture": "#2"}
			}
		},
		{
			"name": "Roof",
			"from": [10, 30, -15],
			"to": [15, 31, 31],
			"rotation": {"angle": 0, "axis": "y", "origin": [0, 0, 16]},
			"faces": {
				"north": {"uv": [14, 15, 13.5, 15.5], "texture": "#1"},
				"east": {"uv": [14, 15, 13.5, 15.5], "texture": "#1"},
				"south": {"uv": [14, 15, 13.5, 15.5], "texture": "#1"},
				"west": {"uv": [14, 0, 13.5, 0.5], "texture": "#2"},
				"up": {"uv": [13.5, 15.5, 14, 15], "texture": "#1"},
				"down": {"uv": [13.5, 0.5, 14, 0], "texture": "#2"}
			}
		},
		{
			"name": "Roof",
			"from": [15, 29, -15],
			"to": [19, 30, 31],
			"rotation": {"angle": 0, "axis": "y", "origin": [0, 0, 16]},
			"faces": {
				"north": {"uv": [14, 15, 13.5, 15.5], "texture": "#1"},
				"east": {"uv": [14, 15, 13.5, 15.5], "texture": "#1"},
				"south": {"uv": [14, 15, 13.5, 15.5], "texture": "#1"},
				"west": {"uv": [14, 0, 13.5, 0.5], "texture": "#2"},
				"up": {"uv": [13.5, 15.5, 14, 15], "texture": "#1"},
				"down": {"uv": [13.5, 0.5, 14, 0], "texture": "#2"}
			}
		},
		{
			"name": "Roof",
			"from": [19, 28, -15],
			"to": [21, 29, 31],
			"rotation": {"angle": 0, "axis": "y", "origin": [0, 0, 16]},
			"faces": {
				"north": {"uv": [14, 15, 13.5, 15.5], "texture": "#1"},
				"east": {"uv": [14, 15, 13.5, 15.5], "texture": "#1"},
				"south": {"uv": [14, 15, 13.5, 15.5], "texture": "#1"},
				"west": {"uv": [14, 0, 13.5, 0.5], "texture": "#2"},
				"up": {"uv": [13.5, 15.5, 14, 15], "texture": "#1"},
				"down": {"uv": [13.5, 0.5, 14, 0], "texture": "#2"}
			}
		},
		{
			"name": "Roof",
			"from": [21, 27, -15],
			"to": [23, 28, 31],
			"rotation": {"angle": 0, "axis": "y", "origin": [0, 0, 16]},
			"faces": {
				"north": {"uv": [14, 15, 13.5, 15.5], "texture": "#1"},
				"east": {"uv": [14, 15, 13.5, 15.5], "texture": "#1"},
				"south": {"uv": [14, 15, 13.5, 15.5], "texture": "#1"},
				"west": {"uv": [14, 0, 13.5, 0.5], "texture": "#2"},
				"up": {"uv": [13.5, 15.5, 14, 15], "texture": "#1"},
				"down": {"uv": [13.5, 0.5, 14, 0], "texture": "#2"}
			}
		},
		{
			"name": "Roof",
			"from": [23, 26, -15],
			"to": [25, 27, 31],
			"rotation": {"angle": 0, "axis": "y", "origin": [0, 0, 16]},
			"faces": {
				"north": {"uv": [14, 15, 13.5, 15.5], "texture": "#1"},
				"east": {"uv": [14, 15, 13.5, 15.5], "texture": "#1"},
				"south": {"uv": [14, 15, 13.5, 15.5], "texture": "#1"},
				"west": {"uv": [14, 0, 13.5, 0.5], "texture": "#2"},
				"up": {"uv": [13.5, 15.5, 14, 15], "texture": "#1"},
				"down": {"uv": [13.5, 0.5, 14, 0], "texture": "#2"}
			}
		},
		{
			"name": "Roof",
			"from": [-10, 25, -15],
			"to": [-9, 26, 31],
			"rotation": {"angle": 0, "axis": "y", "origin": [0, 0, 16]},
			"faces": {
				"north": {"uv": [14, 15, 13.5, 15.5], "texture": "#1"},
				"east": {"uv": [14, 0, 13.5, 0.5], "texture": "#2"},
				"south": {"uv": [14, 15, 13.5, 15.5], "texture": "#1"},
				"west": {"uv": [14, 15, 13.5, 15.5], "texture": "#1"},
				"up": {"uv": [14, 15.5, 13.5, 15], "texture": "#1"},
				"down": {"uv": [13.5, 0.5, 14, 0], "texture": "#2"}
			}
		},
		{
			"name": "Upper",
			"from": [-11, 20, -15],
			"to": [-10, 25, 31],
			"rotation": {"angle": 0, "axis": "y", "origin": [0, 0, 16]},
			"faces": {
				"north": {"uv": [14, 15, 13.5, 15.5], "texture": "#1"},
				"east": {"uv": [14, 0, 13.5, 0.5], "texture": "#2"},
				"south": {"uv": [14, 15, 13.5, 15.5], "texture": "#1"},
				"west": {"uv": [5.75, 9.25, 11.5, 9.875], "texture": "#3"},
				"up": {"uv": [13.5, 15.5, 14, 15], "texture": "#1"},
				"down": {"uv": [13.5, 15.5, 14, 15], "texture": "#1"}
			}
		},
		{
			"name": "Lower",
			"from": [-11, 2, -15],
			"to": [-10, 10, 31],
			"rotation": {"angle": 0, "axis": "y", "origin": [0, 0, 16]},
			"faces": {
				"north": {"uv": [14, 15, 13.5, 15.5], "texture": "#1"},
				"east": {"uv": [14, 0, 13.5, 0.5], "texture": "#2"},
				"south": {"uv": [14, 15, 13.5, 15.5], "texture": "#1"},
				"west": {"uv": [5.75, 10.125, 11.5, 11.125], "texture": "#3"},
				"up": {"uv": [13.5, 15.5, 14, 15], "texture": "#1"},
				"down": {"uv": [5.75, 11.125, 11.5, 11.25], "rotation": 270, "texture": "#3"}
			}
		},
		{
			"name": "Footer",
			"from": [-10, -2, -15],
			"to": [-8, 3, 31],
			"rotation": {"angle": 0, "axis": "y", "origin": [0, 0, 16]},
			"faces": {
				"north": {"uv": [14, 15, 13.5, 15.5], "texture": "#1"},
				"east": {"uv": [14, 15, 13.5, 15.5], "texture": "#1"},
				"south": {"uv": [14, 15, 13.5, 15.5], "texture": "#1"},
				"west": {"uv": [5.75, 11.125, 11.5, 11.75], "texture": "#3"},
				"up": {"uv": [13.5, 15.5, 14, 15], "texture": "#1"},
				"down": {"uv": [5.75, 11.625, 11.5, 11.875], "rotation": 270, "texture": "#3"}
			}
		},
		{
			"name": "Upper",
			"from": [26, 20, -15],
			"to": [27, 25, 31],
			"rotation": {"angle": 0, "axis": "y", "origin": [16, 0, 16]},
			"faces": {
				"north": {"uv": [13.5, 15, 14, 15.5], "texture": "#1"},
				"east": {"uv": [0, 6.5, 5.75, 7.125], "texture": "#3"},
				"south": {"uv": [13.5, 15, 14, 15.5], "texture": "#1"},
				"west": {"uv": [13.5, 0.125, 14, 0.5], "texture": "#2"},
				"up": {"uv": [14, 15.5, 13.5, 15], "texture": "#1"},
				"down": {"uv": [14, 15.5, 13.5, 15], "texture": "#1"}
			}
		},
		{
			"name": "Lower",
			"from": [26, 2, -15],
			"to": [27, 10, 31],
			"rotation": {"angle": 0, "axis": "y", "origin": [16, 0, 16]},
			"faces": {
				"north": {"uv": [13.5, 15, 14, 15.5], "texture": "#1"},
				"east": {"uv": [0, 7.375, 5.75, 8.375], "texture": "#3"},
				"south": {"uv": [13.5, 15, 14, 15.5], "texture": "#1"},
				"west": {"uv": [13.5, 0.125, 14, 0.5], "texture": "#2"},
				"up": {"uv": [14, 15.5, 13.5, 15], "texture": "#1"},
				"down": {"uv": [5.75, 8.5, 0, 8.375], "rotation": 270, "texture": "#3"}
			}
		},
		{
			"name": "Footer",
			"from": [24, -2, -15],
			"to": [26, 3, 31],
			"rotation": {"angle": 0, "axis": "y", "origin": [16, 0, 16]},
			"faces": {
				"north": {"uv": [13.5, 15, 14, 15.5], "texture": "#1"},
				"east": {"uv": [0, 8.375, 5.75, 9], "texture": "#3"},
				"south": {"uv": [13.5, 15, 14, 15.5], "texture": "#1"},
				"west": {"uv": [13.5, 15, 14, 15.5], "texture": "#1"},
				"up": {"uv": [14, 15.5, 13.5, 15], "texture": "#1"},
				"down": {"uv": [5.75, 9.125, 0, 8.875], "rotation": 270, "texture": "#3"}
			}
		},
		{
			"name": "Frame",
			"from": [-11, 19, 6],
			"to": [-10, 20, 10],
			"rotation": {"angle": 0, "axis": "y", "origin": [0, 0, 16]},
			"faces": {
				"north": {"uv": [14, 15, 13.5, 15.5], "texture": "#1"},
				"east": {"uv": [14, 0, 13.5, 0.5], "texture": "#2"},
				"south": {"uv": [14, 15, 13.5, 15.5], "texture": "#1"},
				"west": {"uv": [8.375, 9.875, 8.875, 10], "texture": "#3"},
				"up": {"uv": [10.5, 15.5, 11, 15], "texture": "#1"},
				"down": {"uv": [13.5, 15.5, 14, 15], "texture": "#1"}
			}
		},
		{
			"name": "Frame",
			"from": [-11, 19, 29],
			"to": [-10, 20, 31],
			"rotation": {"angle": 0, "axis": "y", "origin": [0, 0, 16]},
			"faces": {
				"north": {"uv": [14, 15, 13.5, 15.5], "texture": "#1"},
				"east": {"uv": [14, 0, 13.5, 0.5], "texture": "#2"},
				"south": {"uv": [14, 15, 13.5, 15.5], "texture": "#1"},
				"west": {"uv": [5.75, 9.875, 6, 10], "texture": "#3"},
				"up": {"uv": [10.5, 15.5, 11, 15], "texture": "#1"},
				"down": {"uv": [13.5, 15.5, 14, 15], "texture": "#1"}
			}
		},
		{
			"name": "Frame",
			"from": [-11, 11, 30],
			"to": [-10, 19, 31],
			"rotation": {"angle": 0, "axis": "y", "origin": [0, 0, 16]},
			"faces": {
				"north": {"uv": [14, 15, 13.5, 15.5], "texture": "#1"},
				"east": {"uv": [14, 0, 13.5, 0.5], "texture": "#2"},
				"south": {"uv": [14, 15, 13.5, 15.5], "texture": "#1"},
				"west": {"uv": [7, 10, 6, 9.875], "rotation": 90, "texture": "#3"},
				"up": {"uv": [10.5, 15.5, 11, 15], "texture": "#1"},
				"down": {"uv": [10.5, 15.5, 11, 15], "texture": "#1"}
			}
		},
		{
			"name": "Frame",
			"from": [-11, 10, 29],
			"to": [-10, 11, 31],
			"rotation": {"angle": 0, "axis": "y", "origin": [0, 0, 16]},
			"faces": {
				"north": {"uv": [14, 15, 13.5, 15.5], "texture": "#1"},
				"east": {"uv": [14, 0, 13.5, 0.5], "texture": "#2"},
				"south": {"uv": [14, 15, 13.5, 15.5], "texture": "#1"},
				"west": {"uv": [5.75, 10, 6, 10.125], "texture": "#3"},
				"up": {"uv": [13.5, 15.5, 14, 15], "texture": "#1"},
				"down": {"uv": [10.5, 15.5, 11, 15], "texture": "#1"}
			}
		},
		{
			"name": "Frame",
			"from": [-11, 11, 7],
			"to": [-10, 19, 9],
			"rotation": {"angle": 0, "axis": "y", "origin": [0, 0, 16]},
			"faces": {
				"north": {"uv": [14, 15, 13.5, 15.5], "texture": "#1"},
				"east": {"uv": [14, 0, 13.5, 0.5], "texture": "#2"},
				"south": {"uv": [14, 15, 13.5, 15.5], "texture": "#1"},
				"west": {"uv": [8.375, 10.125, 7.375, 9.875], "rotation": 90, "texture": "#3"},
				"up": {"uv": [10.5, 15.5, 11, 15], "texture": "#1"},
				"down": {"uv": [10.5, 15.5, 11, 15], "texture": "#1"}
			}
		},
		{
			"name": "Frame",
			"from": [-11, 10, 6],
			"to": [-10, 11, 10],
			"rotation": {"angle": 0, "axis": "y", "origin": [0, 0, 16]},
			"faces": {
				"north": {"uv": [14, 15, 13.5, 15.5], "texture": "#1"},
				"east": {"uv": [14, 0, 13.5, 0.5], "texture": "#2"},
				"south": {"uv": [14, 15, 13.5, 15.5], "texture": "#1"},
				"west": {"uv": [8.375, 10, 8.875, 10.125], "texture": "#3"},
				"up": {"uv": [13.5, 15.5, 14, 15], "texture": "#1"},
				"down": {"uv": [10.5, 15.5, 11, 15], "texture": "#1"}
			}
		},
		{
			"name": "Frame",
			"from": [-11, 19, -15],
			"to": [-10, 20, -13],
			"rotation": {"angle": 0, "axis": "y", "origin": [0, 0, 16]},
			"faces": {
				"north": {"uv": [14, 15, 13.5, 15.5], "texture": "#1"},
				"east": {"uv": [14, 0, 13.5, 0.5], "texture": "#2"},
				"south": {"uv": [14, 15, 13.5, 15.5], "texture": "#1"},
				"west": {"uv": [11.25, 9.875, 11.5, 10], "texture": "#3"},
				"up": {"uv": [10.5, 15.5, 11, 15], "texture": "#1"},
				"down": {"uv": [13.5, 15.5, 14, 15], "texture": "#1"}
			}
		},
		{
			"name": "Frame",
			"from": [-11, 11, -15],
			"to": [-10, 19, -14],
			"rotation": {"angle": 0, "axis": "y", "origin": [0, 0, 16]},
			"faces": {
				"north": {"uv": [14, 15, 13.5, 15.5], "texture": "#1"},
				"east": {"uv": [14, 0, 13.5, 0.5], "texture": "#2"},
				"south": {"uv": [14, 15, 13.5, 15.5], "texture": "#1"},
				"west": {"uv": [11.25, 10, 10.25, 9.875], "rotation": 90, "texture": "#3"},
				"up": {"uv": [10.5, 15.5, 11, 15], "texture": "#1"},
				"down": {"uv": [10.5, 15.5, 11, 15], "texture": "#1"}
			}
		},
		{
			"name": "Frame",
			"from": [-11, 10, -15],
			"to": [-10, 11, -13],
			"rotation": {"angle": 0, "axis": "y", "origin": [0, 0, 16]},
			"faces": {
				"north": {"uv": [14, 15, 13.5, 15.5], "texture": "#1"},
				"east": {"uv": [14, 0, 13.5, 0.5], "texture": "#2"},
				"south": {"uv": [14, 15, 13.5, 15.5], "texture": "#1"},
				"west": {"uv": [11.25, 10, 11.5, 10.125], "texture": "#3"},
				"up": {"uv": [13.5, 15.5, 14, 15], "texture": "#1"},
				"down": {"uv": [10.5, 15.5, 11, 15], "texture": "#1"}
			}
		},
		{
			"name": "Frame",
			"from": [26, 19, 6],
			"to": [27, 20, 10],
			"rotation": {"angle": 0, "axis": "y", "origin": [16, 0, 16]},
			"faces": {
				"north": {"uv": [13.5, 15, 14, 15.5], "texture": "#1"},
				"east": {"uv": [2.625, 7.125, 3.125, 7.25], "texture": "#3"},
				"south": {"uv": [13.5, 15, 14, 15.5], "texture": "#1"},
				"west": {"uv": [13.5, 0.125, 14, 0.5], "texture": "#2"},
				"up": {"uv": [11, 15.5, 10.5, 15], "texture": "#1"},
				"down": {"uv": [14, 15.5, 13.5, 15], "texture": "#1"}
			}
		},
		{
			"name": "Frame",
			"from": [26, 19, 29],
			"to": [27, 20, 31],
			"rotation": {"angle": 0, "axis": "y", "origin": [16, 0, 16]},
			"faces": {
				"north": {"uv": [13.5, 15, 14, 15.5], "texture": "#1"},
				"east": {"uv": [0, 7.125, 0.25, 7.25], "texture": "#3"},
				"south": {"uv": [13.5, 15, 14, 15.5], "texture": "#1"},
				"west": {"uv": [13.5, 0.125, 14, 0.5], "texture": "#2"},
				"up": {"uv": [11, 15.5, 10.5, 15], "texture": "#1"},
				"down": {"uv": [14, 15.5, 13.5, 15], "texture": "#1"}
			}
		},
		{
			"name": "Frame",
			"from": [26, 11, 30],
			"to": [27, 19, 31],
			"rotation": {"angle": 0, "axis": "y", "origin": [16, 0, 16]},
			"faces": {
				"north": {"uv": [13.5, 15, 14, 15.5], "texture": "#1"},
				"east": {"uv": [0.25, 7.125, 1.25, 7.25], "rotation": 90, "texture": "#3"},
				"south": {"uv": [13.5, 15, 14, 15.5], "texture": "#1"},
				"west": {"uv": [13.5, 0.125, 14, 0.5], "texture": "#2"},
				"up": {"uv": [11, 15.5, 10.5, 15], "texture": "#1"},
				"down": {"uv": [11, 15.5, 10.5, 15], "texture": "#1"}
			}
		},
		{
			"name": "Frame",
			"from": [26, 10, 29],
			"to": [27, 11, 31],
			"rotation": {"angle": 0, "axis": "y", "origin": [16, 0, 16]},
			"faces": {
				"north": {"uv": [13.5, 15, 14, 15.5], "texture": "#1"},
				"east": {"uv": [0, 7.25, 0.25, 7.375], "texture": "#3"},
				"south": {"uv": [13.5, 15, 14, 15.5], "texture": "#1"},
				"west": {"uv": [13.5, 0.125, 14, 0.5], "texture": "#2"},
				"up": {"uv": [14, 15.5, 13.5, 15], "texture": "#1"},
				"down": {"uv": [11, 15.5, 10.5, 15], "texture": "#1"}
			}
		},
		{
			"name": "Frame",
			"from": [26, 11, 7],
			"to": [27, 19, 9],
			"rotation": {"angle": 0, "axis": "y", "origin": [16, 0, 16]},
			"faces": {
				"north": {"uv": [13.5, 15, 14, 15.5], "texture": "#1"},
				"east": {"uv": [1.625, 7.125, 2.625, 7.375], "rotation": 90, "texture": "#3"},
				"south": {"uv": [13.5, 15, 14, 15.5], "texture": "#1"},
				"west": {"uv": [13.5, 0.125, 14, 0.5], "texture": "#2"},
				"up": {"uv": [11, 15.5, 10.5, 15], "texture": "#1"},
				"down": {"uv": [11, 15.5, 10.5, 15], "texture": "#1"}
			}
		},
		{
			"name": "Frame",
			"from": [26, 10, 6],
			"to": [27, 11, 10],
			"rotation": {"angle": 0, "axis": "y", "origin": [16, 0, 16]},
			"faces": {
				"north": {"uv": [13.5, 15, 14, 15.5], "texture": "#1"},
				"east": {"uv": [2.625, 7.25, 3.125, 7.375], "texture": "#3"},
				"south": {"uv": [13.5, 15, 14, 15.5], "texture": "#1"},
				"west": {"uv": [13.5, 0.125, 14, 0.5], "texture": "#2"},
				"up": {"uv": [14, 15.5, 13.5, 15], "texture": "#1"},
				"down": {"uv": [11, 15.5, 10.5, 15], "texture": "#1"}
			}
		},
		{
			"name": "Frame",
			"from": [26, 19, -15],
			"to": [27, 20, -13],
			"rotation": {"angle": 0, "axis": "y", "origin": [16, 0, 16]},
			"faces": {
				"north": {"uv": [13.5, 15, 14, 15.5], "texture": "#1"},
				"east": {"uv": [5.5, 7.125, 5.75, 7.25], "texture": "#3"},
				"south": {"uv": [13.5, 15, 14, 15.5], "texture": "#1"},
				"west": {"uv": [13.5, 0.125, 14, 0.5], "texture": "#2"},
				"up": {"uv": [11, 15.5, 10.5, 15], "texture": "#1"},
				"down": {"uv": [14, 15.5, 13.5, 15], "texture": "#1"}
			}
		},
		{
			"name": "Frame",
			"from": [26, 11, -15],
			"to": [27, 19, -14],
			"rotation": {"angle": 0, "axis": "y", "origin": [16, 0, 16]},
			"faces": {
				"north": {"uv": [13.5, 15, 14, 15.5], "texture": "#1"},
				"east": {"uv": [4.5, 7.125, 5.5, 7.25], "rotation": 90, "texture": "#3"},
				"south": {"uv": [13.5, 15, 14, 15.5], "texture": "#1"},
				"west": {"uv": [13.5, 0.125, 14, 0.5], "texture": "#2"},
				"up": {"uv": [11, 15.5, 10.5, 15], "texture": "#1"},
				"down": {"uv": [11, 15.5, 10.5, 15], "texture": "#1"}
			}
		},
		{
			"name": "Frame",
			"from": [26, 10, -15],
			"to": [27, 11, -13],
			"rotation": {"angle": 0, "axis": "y", "origin": [16, 0, 16]},
			"faces": {
				"north": {"uv": [13.5, 15, 14, 15.5], "texture": "#1"},
				"east": {"uv": [5.5, 7.25, 5.75, 7.375], "texture": "#3"},
				"south": {"uv": [13.5, 15, 14, 15.5], "texture": "#1"},
				"west": {"uv": [13.5, 0.125, 14, 0.5], "texture": "#2"},
				"up": {"uv": [14, 15.5, 13.5, 15], "texture": "#1"},
				"down": {"uv": [11, 15.5, 10.5, 15], "texture": "#1"}
			}
		},
		{
			"name": "Rack",
			"from": [-10, 21, -15],
			"to": [-6, 22, 31],
			"rotation": {"angle": 0, "axis": "z", "origin": [26, 21, 16]},
			"faces": {
				"north": {"uv": [14, 0, 13.5, 0.5], "texture": "#2"},
				"east": {"uv": [14, 0, 13.5, 0.5], "texture": "#2"},
				"south": {"uv": [14, 0, 13.5, 0.5], "texture": "#2"},
				"west": {"uv": [14, 0, 13.5, 0.5], "texture": "#2"},
				"up": {"uv": [14, 0.5, 13.5, 0], "texture": "#2"},
				"down": {"uv": [13.5, 0.5, 14, 0], "texture": "#2"}
			}
		},
		{
			"name": "Rack",
			"from": [18, 22, -15],
			"to": [22, 23, 31],
			"rotation": {"angle": 0, "axis": "z", "origin": [26, 21, 16]},
			"faces": {
				"north": {"uv": [14, 0, 13.5, 0.5], "texture": "#2"},
				"east": {"uv": [14, 0, 13.5, 0.5], "texture": "#2"},
				"south": {"uv": [14, 0, 13.5, 0.5], "texture": "#2"},
				"west": {"uv": [14, 0, 13.5, 0.5], "texture": "#2"},
				"up": {"uv": [14, 0.5, 13.5, 0], "texture": "#2"},
				"down": {"uv": [13.5, 0.5, 14, 0], "texture": "#2"}
			}
		},
		{
			"name": "Rack",
			"from": [1, 28, -15],
			"to": [15, 30, 31],
			"rotation": {"angle": 0, "axis": "z", "origin": [26, 21, 16]},
			"faces": {
				"north": {"uv": [14, 0, 13.5, 0.5], "texture": "#2"},
				"east": {"uv": [14, 0, 13.5, 0.5], "texture": "#2"},
				"south": {"uv": [14, 0, 13.5, 0.5], "texture": "#2"},
				"west": {"uv": [14, 0, 13.5, 0.5], "texture": "#2"},
				"up": {"uv": [14, 0.5, 13.5, 0], "texture": "#2"},
				"down": {"uv": [13.5, 0.5, 14, 0], "texture": "#2"}
			}
		},
		{
			"name": "Rack",
			"from": [-6, 22, -15],
			"to": [-2, 23, 31],
			"rotation": {"angle": 0, "axis": "z", "origin": [26, 21, 16]},
			"faces": {
				"north": {"uv": [14, 0, 13.5, 0.5], "texture": "#2"},
				"east": {"uv": [14, 0, 13.5, 0.5], "texture": "#2"},
				"south": {"uv": [14, 0, 13.5, 0.5], "texture": "#2"},
				"west": {"uv": [14, 0, 13.5, 0.5], "texture": "#2"},
				"up": {"uv": [14, 0.5, 13.5, 0], "texture": "#2"},
				"down": {"uv": [13.5, 0.5, 14, 0], "texture": "#2"}
			}
		},
		{
			"name": "Rack",
			"from": [22, 21, -15],
			"to": [26, 22, 31],
			"rotation": {"angle": 0, "axis": "z", "origin": [26, 21, 16]},
			"faces": {
				"north": {"uv": [14, 0, 13.5, 0.5], "texture": "#2"},
				"east": {"uv": [14, 0, 13.5, 0.5], "texture": "#2"},
				"south": {"uv": [14, 0, 13.5, 0.5], "texture": "#2"},
				"west": {"uv": [14, 0, 13.5, 0.5], "texture": "#2"},
				"up": {"uv": [14, 0.5, 13.5, 0], "texture": "#2"},
				"down": {"uv": [13.5, 0.5, 14, 0], "texture": "#2"}
			}
		},
		{
			"from": [-8.1, -6.4, 9.5],
			"to": [24.1, -4, 31],
			"rotation": {"angle": 0, "axis": "y", "origin": [0, 0, -22]},
			"faces": {
				"north": {"uv": [10, 0, 10.5, 0.5], "texture": "#2"},
				"east": {"uv": [10, 0, 10.5, 0.5], "texture": "#2"},
				"south": {"uv": [10, 0, 10.5, 0.5], "texture": "#2"},
				"west": {"uv": [10, 0, 10.5, 0.5], "texture": "#2"},
				"down": {"uv": [10, 0, 10.5, 0.5], "texture": "#2"}
			}
		},
		{
			"from": [-2.1, -14, 9.5],
			"to": [18.1, -6.4, 31],
			"rotation": {"angle": 0, "axis": "y", "origin": [0, 0, -22]},
			"faces": {
				"north": {"uv": [10, 0, 10.5, 0.5], "texture": "#2"},
				"east": {"uv": [10, 0, 10.5, 0.5], "texture": "#2"},
				"south": {"uv": [10, 0, 10.5, 0.5], "texture": "#2"},
				"west": {"uv": [10, 0, 10.5, 0.5], "texture": "#2"},
				"down": {"uv": [10, 0, 10.5, 0.5], "texture": "#2"}
			}
		},
		{
			"from": [20, -10, -10],
			"to": [23, -7, 11],
			"rotation": {"angle": 0, "axis": "y", "origin": [0, 0, -18]},
			"faces": {
				"north": {"uv": [12, 0, 12.5, 0.5], "texture": "#2"},
				"east": {"uv": [12, 0, 12.5, 0.5], "texture": "#2"},
				"south": {"uv": [12, 0, 12.5, 0.5], "texture": "#2"},
				"west": {"uv": [12, 0, 12.5, 0.5], "texture": "#2"},
				"up": {"uv": [12, 0, 12.5, 0.5], "texture": "#2"},
				"down": {"uv": [12, 0, 12.5, 0.5], "texture": "#2"}
			}
		},
		{
			"from": [20, -1, -11],
			"to": [22, 1, -5],
			"rotation": {"angle": 45, "axis": "x", "origin": [0, 0, -18]},
			"faces": {
				"north": {"uv": [9.5, 1, 10, 1.5], "texture": "#2"},
				"east": {"uv": [9.5, 1, 10, 1.5], "texture": "#2"},
				"south": {"uv": [9.5, 1, 10, 1.5], "texture": "#2"},
				"west": {"uv": [9.5, 1, 10, 1.5], "texture": "#2"},
				"up": {"uv": [9.5, 1, 10, 1.5], "texture": "#2"},
				"down": {"uv": [9.5, 1, 10, 1.5], "texture": "#2"}
			}
		},
		{
			"from": [20.1, 8.1, 11],
			"to": [22.1, 10.1, 14],
			"rotation": {"angle": -45, "axis": "z", "origin": [0, 0, -18]},
			"faces": {
				"east": {"uv": [9.5, 1, 10, 1.5], "texture": "#2"},
				"south": {"uv": [9.5, 1, 10, 1.5], "texture": "#2"},
				"west": {"uv": [9.5, 1, 10, 1.5], "texture": "#2"},
				"up": {"uv": [9.5, 1, 10, 1.5], "texture": "#2"},
				"down": {"uv": [9.5, 1, 10, 1.5], "texture": "#2"}
			}
		},
		{
			"from": [17.1, 8.1, 13],
			"to": [21.1, 10.1, 15],
			"rotation": {"angle": -45, "axis": "z", "origin": [0, 0, -18]},
			"faces": {
				"north": {"uv": [9.5, 1, 10, 1.5], "texture": "#2"},
				"east": {"uv": [9.5, 1, 10, 1.5], "texture": "#2"},
				"south": {"uv": [9.5, 1, 10, 1.5], "texture": "#2"},
				"up": {"uv": [9.5, 1, 10, 1.5], "texture": "#2"},
				"down": {"uv": [9.5, 1, 10, 1.5], "texture": "#2"}
			}
		},
		{
			"from": [17.9, -7.4, -15],
			"to": [22.1, -4, -12],
			"rotation": {"angle": 0, "axis": "y", "origin": [0, 0, -40]},
			"faces": {
				"north": {"uv": [10, 0, 10.5, 0.5], "texture": "#2"},
				"east": {"uv": [10, 0, 10.5, 0.5], "texture": "#2"},
				"south": {"uv": [10, 0, 10.5, 0.5], "texture": "#2"},
				"down": {"uv": [10, 0, 10.5, 0.5], "texture": "#2"}
			}
		},
		{
			"from": [1.9, -14, -15.5],
			"to": [17.9, -4, -1],
			"rotation": {"angle": 0, "axis": "y", "origin": [0, 0, -22]},
			"faces": {
				"north": {"uv": [10, 0, 10.5, 0.5], "texture": "#2"},
				"east": {"uv": [10, 0, 10.5, 0.5], "texture": "#2"},
				"south": {"uv": [10, 0, 10.5, 0.5], "texture": "#2"},
				"west": {"uv": [10, 0, 10.5, 0.5], "texture": "#2"},
				"down": {"uv": [10, 0, 10.5, 0.5], "texture": "#2"}
			}
		},
		{
			"from": [-7.1, -14, -10.5],
			"to": [-3.9, -4.1, 4],
			"rotation": {"angle": 0, "axis": "y", "origin": [0, 0, -22]},
			"faces": {
				"north": {"uv": [10, 0, 10.5, 0.5], "texture": "#2"},
				"east": {"uv": [10, 0, 10.5, 0.5], "texture": "#2"},
				"south": {"uv": [10, 0, 10.5, 0.5], "texture": "#2"},
				"west": {"uv": [10, 0, 10.5, 0.5], "texture": "#2"},
				"down": {"uv": [10, 0, 10.5, 0.5], "texture": "#2"}
			}
		},
		{
			"from": [-7.1, -14, -14.5],
			"to": [-3.9, -7.1, -10.5],
			"rotation": {"angle": 0, "axis": "y", "origin": [0, 0, -22]},
			"faces": {
				"north": {"uv": [10, 0, 10.5, 0.5], "texture": "#2"},
				"east": {"uv": [10, 0, 10.5, 0.5], "texture": "#2"},
				"west": {"uv": [10, 0, 10.5, 0.5], "texture": "#2"},
				"up": {"uv": [10, 0, 10.5, 0.5], "texture": "#2"},
				"down": {"uv": [10, 0, 10.5, 0.5], "texture": "#2"}
			}
		}
	],
	"display": {
		"gui": {
			"rotation": [25, 135, 0],
			"scale": [0.25, 0.25, 0.25]
		},
		"head": {
			"scale": [2, 2, 2]
		}
	},
	"groups": [
		{
			"name": "Body",
			"origin": [8, 8, 8],
			"color": 0,
			"children": [
				0,
				{
					"name": "Roof",
					"origin": [0, 0, 0],
					"color": 0,
					"children": [1, 2, 3, 4, 5, 6, 7, 8, 9, 10, 11, 12, 13]
				},
				{
					"name": "Walls",
					"origin": [0, 0, 0],
					"color": 0,
					"children": [
						{
							"name": "group",
							"origin": [0, 0, 0],
							"color": 0,
							"children": [14, 15, 16]
						},
						{
							"name": "group",
							"origin": [0, 0, 0],
							"color": 0,
							"children": [17, 18, 19]
						}
					]
				},
				{
					"name": "Window",
					"origin": [8, 8, 8],
					"color": 0,
					"children": [20, 21, 22, 23, 24, 25, 26, 27, 28]
				},
				{
					"name": "Window",
					"origin": [8, 8, 8],
					"color": 0,
					"children": [29, 30, 31, 32, 33, 34, 35, 36, 37]
				}
			]
		},
		{
			"name": "Racks",
			"origin": [26, 21, 0],
			"color": 0,
			"children": [38, 39, 40, 41, 42]
		},
		{
			"name": "Engine",
			"origin": [8, 8, 8],
			"color": 0,
			"children": [
				{
					"name": "group",
					"origin": [-9, -4, 0],
					"color": 0,
					"children": [43, 44]
				},
				{
					"name": "group",
					"origin": [8, 8, 8],
					"color": 0,
					"children": [45, 46, 47, 48, 49]
				},
				{
					"name": "group",
					"origin": [8, 8, 8],
					"color": 0,
					"children": [50, 51, 52]
				}
			]
		}
	]
}