{
	"credit": "Made with Blockbench",
	"texture_size": [128, 128],
	"textures": {
		"1": "item/amalon/tc/c158/front",
		"2": "item/amalon/tc/c158/base",
		"3": "item/amalon/tc/c158/skin",
		"particle": "item/amalon/tc/c158/base"
	},
	"elements": [
		{
			"name": "Side",
			"from": [-11, 2, 12],
			"to": [-10, 10, 17.5],
			"rotation": {"angle": 0, "axis": "y", "origin": [0, 0, 16]},
			"faces": {
				"north": {"uv": [14, 15, 13.5, 15.5], "texture": "#1"},
				"east": {"uv": [14, 0, 13.5, 0.5], "texture": "#2"},
				"south": {"uv": [14, 15, 13.5, 15.5], "texture": "#1"},
				"west": {"uv": [16, 1.875, 15.25, 2.875], "texture": "#3"},
				"up": {"uv": [13.5, 15.5, 14, 15], "texture": "#1"},
				"down": {"uv": [16, 2.875, 15.25, 3], "rotation": 270, "texture": "#3"}
			}
		},
		{
			"name": "Side",
			"from": [-11, 20, 12],
			"to": [-10, 25, 17.5],
			"rotation": {"angle": 0, "axis": "y", "origin": [0, 0, 16]},
			"faces": {
				"north": {"uv": [14, 15, 13.5, 15.5], "texture": "#1"},
				"east": {"uv": [14, 0, 13.5, 0.5], "texture": "#2"},
				"south": {"uv": [14, 15, 13.5, 15.5], "texture": "#1"},
				"west": {"uv": [16, 0, 15.25, 0.625], "texture": "#3"},
				"up": {"uv": [13.5, 15.5, 14, 15], "texture": "#1"},
				"down": {"uv": [15.25, 15.5, 15.75, 15], "texture": "#1"}
			}
		},
		{
			"name": "Side",
			"from": [-10, -2, 12],
			"to": [-9, 3, 17.5],
			"rotation": {"angle": 0, "axis": "y", "origin": [0, 0, 16]},
			"faces": {
				"north": {"uv": [14, 15, 13.5, 15.5], "texture": "#1"},
				"east": {"uv": [14, 0, 13.5, 0.5], "texture": "#2"},
				"south": {"uv": [14, 15, 13.5, 15.5], "texture": "#1"},
				"west": {"uv": [16, 2.875, 15.25, 3.5], "texture": "#3"},
				"up": {"uv": [13.5, 0.5, 14, 0], "texture": "#2"},
				"down": {"uv": [16, 3.5, 15.25, 3.625], "rotation": 270, "texture": "#3"}
			}
		},
		{
			"name": "Side",
			"from": [-9, -3, 12],
			"to": [-8, -1, 17.5],
			"rotation": {"angle": 0, "axis": "y", "origin": [0, 0, 16]},
			"faces": {
				"north": {"uv": [14, 15, 13.5, 15.5], "texture": "#1"},
				"east": {"uv": [14, 0, 13.5, 0.5], "texture": "#2"},
				"south": {"uv": [14, 15, 13.5, 15.5], "texture": "#1"},
				"west": {"uv": [16, 3.5, 15.25, 3.75], "texture": "#3"},
				"up": {"uv": [13.5, 0.5, 14, 0], "texture": "#2"},
				"down": {"uv": [15.25, 13.5, 15.75, 13], "texture": "#1"}
			}
		},
		{
			"name": "Side",
			"from": [-11, 11, 12],
			"to": [-10, 19, 13],
			"rotation": {"angle": 0, "axis": "y", "origin": [0, 0, 16]},
			"faces": {
				"north": {"uv": [14, 15, 13.5, 15.5], "texture": "#1"},
				"east": {"uv": [14, 0, 13.5, 0.5], "texture": "#2"},
				"south": {"uv": [14, 15, 13.5, 15.5], "texture": "#1"},
				"west": {"uv": [0, 6.5, 1, 16], "texture": "#1"},
				"up": {"uv": [13.5, 15.5, 14, 15], "texture": "#1"},
				"down": {"uv": [13.5, 15.5, 14, 15], "texture": "#1"}
			}
		},
		{
			"name": "Side",
			"from": [-11, 10, 16.5],
			"to": [-10, 20, 17.5],
			"rotation": {"angle": 0, "axis": "y", "origin": [0, 0, 16]},
			"faces": {
				"north": {"uv": [14, 15, 13.5, 15.5], "texture": "#1"},
				"east": {"uv": [14, 0, 13.5, 0.5], "texture": "#2"},
				"south": {"uv": [14, 15, 13.5, 15.5], "texture": "#1"},
				"west": {"uv": [15.375, 0.625, 15.25, 1.875], "texture": "#3"},
				"up": {"uv": [13.5, 15.5, 14, 15], "texture": "#1"},
				"down": {"uv": [15.25, 15.5, 15.75, 15], "texture": "#1"}
			}
		},
		{
			"name": "Side",
			"from": [-11, 2, 17.5],
			"to": [-10, 25, 18],
			"rotation": {"angle": 0, "axis": "y", "origin": [0, 0, 16]},
			"faces": {
				"north": {"uv": [14, 15, 13.5, 15.5], "texture": "#1"},
				"east": {"uv": [14, 0, 13.5, 0.5], "texture": "#2"},
				"south": {"uv": [14, 15, 13.5, 15.5], "texture": "#1"},
				"west": {"uv": [10.5, 1, 11, 1.5], "texture": "#2"},
				"up": {"uv": [13.5, 15.5, 14, 15], "texture": "#1"},
				"down": {"uv": [10.5, 1.5, 11, 1], "texture": "#2"}
			}
		},
		{
			"name": "Side",
			"from": [-10, -2, 17.5],
			"to": [-9, 3, 18],
			"rotation": {"angle": 0, "axis": "y", "origin": [0, 0, 16]},
			"faces": {
				"north": {"uv": [14, 15, 13.5, 15.5], "texture": "#1"},
				"east": {"uv": [14, 0, 13.5, 0.5], "texture": "#2"},
				"south": {"uv": [14, 15, 13.5, 15.5], "texture": "#1"},
				"west": {"uv": [10.5, 1, 11, 1.5], "texture": "#2"},
				"up": {"uv": [13.5, 0.5, 14, 0], "texture": "#2"},
				"down": {"uv": [10.5, 1.5, 11, 1], "texture": "#2"}
			}
		},
		{
			"name": "Side",
			"from": [-10, -2, 11.5],
			"to": [-9, 3, 12],
			"rotation": {"angle": 0, "axis": "y", "origin": [0, 0, 16]},
			"faces": {
				"north": {"uv": [11, 1, 10.5, 1.5], "texture": "#2"},
				"east": {"uv": [14, 0, 13.5, 0.5], "texture": "#2"},
				"south": {"uv": [14, 15, 13.5, 15.5], "texture": "#1"},
				"west": {"uv": [10.5, 1, 11, 1.5], "texture": "#2"},
				"up": {"uv": [13.5, 0.5, 14, 0], "texture": "#2"},
				"down": {"uv": [10.5, 1.5, 11, 1], "texture": "#2"}
			}
		},
		{
			"name": "Side",
			"from": [-9, -3, 17.5],
			"to": [-8, -1, 18],
			"rotation": {"angle": 0, "axis": "y", "origin": [0, 0, 16]},
			"faces": {
				"north": {"uv": [14, 15, 13.5, 15.5], "texture": "#1"},
				"east": {"uv": [14, 0, 13.5, 0.5], "texture": "#2"},
				"south": {"uv": [14, 15, 13.5, 15.5], "texture": "#1"},
				"west": {"uv": [10.5, 1, 11, 1.5], "texture": "#2"},
				"up": {"uv": [13.5, 0.5, 14, 0], "texture": "#2"},
				"down": {"uv": [10.5, 1.5, 11, 1], "texture": "#2"}
			}
		},
		{
			"name": "Side",
			"from": [-9, -3, 11.5],
			"to": [-8, -1, 12],
			"rotation": {"angle": 0, "axis": "y", "origin": [0, 0, 16]},
			"faces": {
				"north": {"uv": [11, 1, 10.5, 1.5], "texture": "#2"},
				"east": {"uv": [14, 0, 13.5, 0.5], "texture": "#2"},
				"south": {"uv": [14, 15, 13.5, 15.5], "texture": "#1"},
				"west": {"uv": [10.5, 1, 11, 1.5], "texture": "#2"},
				"up": {"uv": [13.5, 0.5, 14, 0], "texture": "#2"},
				"down": {"uv": [10.5, 1.5, 11, 1], "texture": "#2"}
			}
		},
		{
			"name": "Side",
			"from": [-11, 2, 11.5],
			"to": [-10, 25, 12],
			"rotation": {"angle": 0, "axis": "y", "origin": [0, 0, 16]},
			"faces": {
				"north": {"uv": [11, 1, 10.5, 1.5], "texture": "#2"},
				"east": {"uv": [14, 0, 13.5, 0.5], "texture": "#2"},
				"south": {"uv": [14, 15, 13.5, 15.5], "texture": "#1"},
				"west": {"uv": [10.5, 1, 11, 1.5], "texture": "#2"},
				"up": {"uv": [13.5, 15.5, 14, 15], "texture": "#1"},
				"down": {"uv": [10.5, 1.5, 11, 1], "texture": "#2"}
			}
		},
		{
			"name": "Side",
			"from": [-11, 19, 15.5],
			"to": [-10, 20, 16.5],
			"rotation": {"angle": 0, "axis": "y", "origin": [0, 0, 16]},
			"faces": {
				"north": {"uv": [14, 15, 13.5, 15.5], "texture": "#1"},
				"east": {"uv": [14, 0, 13.5, 0.5], "texture": "#2"},
				"south": {"uv": [14, 15, 13.5, 15.5], "texture": "#1"},
				"west": {"uv": [15.5, 0.625, 15.375, 0.75], "texture": "#3"},
				"up": {"uv": [13.5, 15.5, 14, 15], "texture": "#1"},
				"down": {"uv": [15.25, 15.5, 15.75, 15], "texture": "#1"}
			}
		},
		{
			"name": "Side",
			"from": [-11, 10, 15.5],
			"to": [-10, 11, 16.5],
			"rotation": {"angle": 0, "axis": "y", "origin": [0, 0, 16]},
			"faces": {
				"north": {"uv": [14, 15, 13.5, 15.5], "texture": "#1"},
				"east": {"uv": [14, 0, 13.5, 0.5], "texture": "#2"},
				"south": {"uv": [14, 15, 13.5, 15.5], "texture": "#1"},
				"west": {"uv": [15.5, 1.75, 15.375, 1.875], "texture": "#3"},
				"up": {"uv": [13.5, 15.5, 14, 15], "texture": "#1"},
				"down": {"uv": [15.25, 15.5, 15.75, 15], "texture": "#1"}
			}
		},
		{
			"name": "Side",
			"from": [-11, 19, 12],
			"to": [-10, 20, 14],
			"rotation": {"angle": 0, "axis": "y", "origin": [0, 0, 16]},
			"faces": {
				"north": {"uv": [14, 15, 13.5, 15.5], "texture": "#1"},
				"east": {"uv": [14, 0, 13.5, 0.5], "texture": "#2"},
				"south": {"uv": [14, 15, 13.5, 15.5], "texture": "#1"},
				"west": {"uv": [16, 0.625, 15.75, 0.75], "texture": "#3"},
				"up": {"uv": [13.5, 15.5, 14, 15], "texture": "#1"},
				"down": {"uv": [15.25, 15.5, 15.75, 15], "texture": "#1"}
			}
		},
		{
			"name": "Side",
			"from": [-11, 10, 12],
			"to": [-10, 11, 14],
			"rotation": {"angle": 0, "axis": "y", "origin": [0, 0, 16]},
			"faces": {
				"north": {"uv": [14, 15, 13.5, 15.5], "texture": "#1"},
				"east": {"uv": [14, 0, 13.5, 0.5], "texture": "#2"},
				"south": {"uv": [14, 15, 13.5, 15.5], "texture": "#1"},
				"west": {"uv": [16, 1.75, 15.75, 1.875], "texture": "#3"},
				"up": {"uv": [13.5, 15.5, 14, 15], "texture": "#1"},
				"down": {"uv": [15.25, 15.5, 15.75, 15], "texture": "#1"}
			}
		}
	],
	"display": {
		"gui": {
			"rotation": [25, 135, 0],
			"translation": [-8.75, 0.25, 0],
			"scale": [0.6, 0.6, 0.6]
		},
		"head": {
			"scale": [2, 2, 2]
		}
	},
	"groups": [
		{
			"name": "RightDoor",
			"origin": [8, 8, 8],
			"color": 0,
			"children": [0, 1, 2, 3, 4, 5, 6, 7, 8, 9, 10, 11, 12, 13, 14, 15]
		}
	]
}