{
	"credit": "Made with Blockbench",
	"texture_size": [128, 128],
	"textures": {
		"1": "item/amalon/tc/c158/front",
		"2": "item/amalon/tc/c158/base",
		"3": "item/amalon/tc/c158/skin",
		"particle": "item/amalon/tc/c158/base"
	},
	"elements": [
		{
			"name": "Side",
			"from": [-11, 2, 5.5],
			"to": [-10, 10, 11],
			"faces": {
				"north": {"uv": [13.5, 15, 14, 15.5], "texture": "#1"},
				"east": {"uv": [13.5, 0, 14, 0.5], "texture": "#2"},
				"south": {"uv": [13.5, 15, 14, 15.5], "texture": "#1"},
				"west": {"uv": [15.25, 1.875, 16, 2.875], "texture": "#3"},
				"up": {"uv": [13.5, 15, 14, 15.5], "texture": "#1"},
				"down": {"uv": [15.25, 2.875, 16, 3], "rotation": 270, "texture": "#3"}
			}
		},
		{
			"name": "Side",
			"from": [-11, 20, 5.5],
			"to": [-10, 25, 11],
			"faces": {
				"north": {"uv": [13.5, 15, 14, 15.5], "texture": "#1"},
				"east": {"uv": [13.5, 0, 14, 0.5], "texture": "#2"},
				"south": {"uv": [13.5, 15, 14, 15.5], "texture": "#1"},
				"west": {"uv": [15.25, 0, 16, 0.625], "texture": "#3"},
				"up": {"uv": [13.5, 15, 14, 15.5], "texture": "#1"},
				"down": {"uv": [15.25, 15, 15.75, 15.5], "texture": "#1"}
			}
		},
		{
			"name": "Side",
			"from": [-10, -2, 5.5],
			"to": [-9, 3, 11],
			"faces": {
				"north": {"uv": [13.5, 15, 14, 15.5], "texture": "#1"},
				"east": {"uv": [13.5, 0, 14, 0.5], "texture": "#2"},
				"south": {"uv": [13.5, 15, 14, 15.5], "texture": "#1"},
				"west": {"uv": [15.25, 2.875, 16, 3.5], "texture": "#3"},
				"up": {"uv": [13.5, 0, 14, 0.5], "texture": "#2"},
				"down": {"uv": [15.25, 3.5, 16, 3.625], "rotation": 270, "texture": "#3"}
			}
		},
		{
			"name": "Side",
			"from": [-9, -3, 5.5],
			"to": [-8, -1, 11],
			"faces": {
				"north": {"uv": [13.5, 15, 14, 15.5], "texture": "#1"},
				"east": {"uv": [13.5, 0, 14, 0.5], "texture": "#2"},
				"south": {"uv": [13.5, 15, 14, 15.5], "texture": "#1"},
				"west": {"uv": [15.25, 3.5, 16, 3.75], "texture": "#3"},
				"up": {"uv": [13.5, 0, 14, 0.5], "texture": "#2"},
				"down": {"uv": [15.25, 13, 15.75, 13.5], "texture": "#1"}
			}
		},
		{
			"name": "Side",
			"from": [-11, 11, 10],
			"to": [-10, 19, 11],
			"faces": {
				"north": {"uv": [13.5, 15, 14, 15.5], "texture": "#1"},
				"east": {"uv": [13.5, 0, 14, 0.5], "texture": "#2"},
				"south": {"uv": [13.5, 15, 14, 15.5], "texture": "#1"},
				"west": {"uv": [1, 6.5, 0, 16], "texture": "#1"},
				"up": {"uv": [13.5, 15, 14, 15.5], "texture": "#1"},
				"down": {"uv": [13.5, 15, 14, 15.5], "texture": "#1"}
			}
		},
		{
			"name": "Side",
			"from": [-11, 10, 5.5],
			"to": [-10, 20, 6.5],
			"faces": {
				"north": {"uv": [13.5, 15, 14, 15.5], "texture": "#1"},
				"east": {"uv": [13.5, 0, 14, 0.5], "texture": "#2"},
				"south": {"uv": [13.5, 15, 14, 15.5], "texture": "#1"},
				"west": {"uv": [15.25, 0.625, 15.375, 1.875], "texture": "#3"},
				"up": {"uv": [13.5, 15, 14, 15.5], "texture": "#1"},
				"down": {"uv": [15.25, 15, 15.75, 15.5], "texture": "#1"}
			}
		},
		{
			"name": "Side",
			"from": [-11, 2, 5],
			"to": [-10, 25, 5.5],
			"faces": {
				"north": {"uv": [13.5, 15, 14, 15.5], "texture": "#1"},
				"east": {"uv": [13.5, 0, 14, 0.5], "texture": "#2"},
				"south": {"uv": [13.5, 15, 14, 15.5], "texture": "#1"},
				"west": {"uv": [11, 1, 10.5, 1.5], "texture": "#2"},
				"up": {"uv": [13.5, 15, 14, 15.5], "texture": "#1"},
				"down": {"uv": [10.5, 1, 11, 1.5], "texture": "#2"}
			}
		},
		{
			"name": "Side",
			"from": [-10, -2, 5],
			"to": [-9, 3, 5.5],
			"faces": {
				"north": {"uv": [13.5, 15, 14, 15.5], "texture": "#1"},
				"east": {"uv": [13.5, 0, 14, 0.5], "texture": "#2"},
				"south": {"uv": [13.5, 15, 14, 15.5], "texture": "#1"},
				"west": {"uv": [11, 1, 10.5, 1.5], "texture": "#2"},
				"up": {"uv": [13.5, 0, 14, 0.5], "texture": "#2"},
				"down": {"uv": [10.5, 1, 11, 1.5], "texture": "#2"}
			}
		},
		{
			"name": "Side",
			"from": [-10, -2, 11],
			"to": [-9, 3, 11.5],
			"faces": {
				"north": {"uv": [13.5, 15, 14, 15.5], "texture": "#1"},
				"east": {"uv": [13.5, 0, 14, 0.5], "texture": "#2"},
				"south": {"uv": [10.5, 1, 11, 1.5], "texture": "#2"},
				"west": {"uv": [11, 1, 10.5, 1.5], "texture": "#2"},
				"up": {"uv": [13.5, 0, 14, 0.5], "texture": "#2"},
				"down": {"uv": [10.5, 1, 11, 1.5], "texture": "#2"}
			}
		},
		{
			"name": "Side",
			"from": [-9, -3, 5],
			"to": [-8, -1, 5.5],
			"faces": {
				"north": {"uv": [13.5, 15, 14, 15.5], "texture": "#1"},
				"east": {"uv": [13.5, 0, 14, 0.5], "texture": "#2"},
				"south": {"uv": [13.5, 15, 14, 15.5], "texture": "#1"},
				"west": {"uv": [11, 1, 10.5, 1.5], "texture": "#2"},
				"up": {"uv": [13.5, 0, 14, 0.5], "texture": "#2"},
				"down": {"uv": [10.5, 1, 11, 1.5], "texture": "#2"}
			}
		},
		{
			"name": "Side",
			"from": [-9, -3, 11],
			"to": [-8, -1, 11.5],
			"faces": {
				"north": {"uv": [13.5, 15, 14, 15.5], "texture": "#1"},
				"east": {"uv": [13.5, 0, 14, 0.5], "texture": "#2"},
				"south": {"uv": [10.5, 1, 11, 1.5], "texture": "#2"},
				"west": {"uv": [11, 1, 10.5, 1.5], "texture": "#2"},
				"up": {"uv": [13.5, 0, 14, 0.5], "texture": "#2"},
				"down": {"uv": [10.5, 1, 11, 1.5], "texture": "#2"}
			}
		},
		{
			"name": "Side",
			"from": [-11, 2, 11],
			"to": [-10, 25, 11.5],
			"faces": {
				"north": {"uv": [13.5, 15, 14, 15.5], "texture": "#1"},
				"east": {"uv": [13.5, 0, 14, 0.5], "texture": "#2"},
				"south": {"uv": [10.5, 1, 11, 1.5], "texture": "#2"},
				"west": {"uv": [11, 1, 10.5, 1.5], "texture": "#2"},
				"up": {"uv": [13.5, 15, 14, 15.5], "texture": "#1"},
				"down": {"uv": [10.5, 1, 11, 1.5], "texture": "#2"}
			}
		},
		{
			"name": "Side",
			"from": [-11, 19, 6.5],
			"to": [-10, 20, 7.5],
			"faces": {
				"north": {"uv": [13.5, 15, 14, 15.5], "texture": "#1"},
				"east": {"uv": [13.5, 0, 14, 0.5], "texture": "#2"},
				"south": {"uv": [13.5, 15, 14, 15.5], "texture": "#1"},
				"west": {"uv": [15.375, 0.625, 15.5, 0.75], "texture": "#3"},
				"up": {"uv": [13.5, 15, 14, 15.5], "texture": "#1"},
				"down": {"uv": [15.25, 15, 15.75, 15.5], "texture": "#1"}
			}
		},
		{
			"name": "Side",
			"from": [-11, 10, 6.5],
			"to": [-10, 11, 7.5],
			"faces": {
				"north": {"uv": [13.5, 15, 14, 15.5], "texture": "#1"},
				"east": {"uv": [13.5, 0, 14, 0.5], "texture": "#2"},
				"south": {"uv": [13.5, 15, 14, 15.5], "texture": "#1"},
				"west": {"uv": [15.375, 1.75, 15.5, 1.875], "texture": "#3"},
				"up": {"uv": [13.5, 15, 14, 15.5], "texture": "#1"},
				"down": {"uv": [15.25, 15, 15.75, 15.5], "texture": "#1"}
			}
		},
		{
			"name": "Side",
			"from": [-11, 19, 9],
			"to": [-10, 20, 11],
			"faces": {
				"north": {"uv": [13.5, 15, 14, 15.5], "texture": "#1"},
				"east": {"uv": [13.5, 0, 14, 0.5], "texture": "#2"},
				"south": {"uv": [13.5, 15, 14, 15.5], "texture": "#1"},
				"west": {"uv": [15.75, 0.625, 16, 0.75], "texture": "#3"},
				"up": {"uv": [13.5, 15, 14, 15.5], "texture": "#1"},
				"down": {"uv": [15.25, 15, 15.75, 15.5], "texture": "#1"}
			}
		},
		{
			"name": "Side",
			"from": [-11, 10, 9],
			"to": [-10, 11, 11],
			"faces": {
				"north": {"uv": [13.5, 15, 14, 15.5], "texture": "#1"},
				"east": {"uv": [13.5, 0, 14, 0.5], "texture": "#2"},
				"south": {"uv": [13.5, 15, 14, 15.5], "texture": "#1"},
				"west": {"uv": [15.75, 1.75, 16, 1.875], "texture": "#3"},
				"up": {"uv": [13.5, 15, 14, 15.5], "texture": "#1"},
				"down": {"uv": [15.25, 15, 15.75, 15.5], "texture": "#1"}
			}
		}
	],
	"display": {
		"gui": {
			"rotation": [25, 135, 0],
			"translation": [-9.25, 1.5, 0],
			"scale": [0.6, 0.6, 0.6]
		},
		"head": {
			"scale": [2, 2, 2]
		}
	},
	"groups": [
		{
			"name": "LeftDoor",
			"origin": [8, 8, 8],
			"color": 0,
			"children": [0, 1, 2, 3, 4, 5, 6, 7, 8, 9, 10, 11, 12, 13, 14, 15]
		}
	]
}