{
	"format_version": "1.21.11",
	"credit": "Made with Blockbench",
	"texture_size": [128, 128],
	"textures": {
		"1": "item/amalon/tc/c158/front",
		"2": "item/amalon/tc/c158/base",
		"3": "item/amalon/tc/c158/skin",
		"particle": "item/amalon/tc/c158/base"
	},
	"elements": [
		{
			"name": "FrontDoor",
			"from": [4, -1, -11],
			"to": [12, 25, -10],
			"faces": {
				"north": {"uv": [15, 13, 15.5, 13.5], "texture": "#1"},
				"east": {"uv": [0, 0, 0.5, 0.5], "texture": "#1"},
				"south": {"uv": [0, 0, 0.5, 0.5], "texture": "#1"},
				"west": {"uv": [0, 0, 0.5, 0.5], "texture": "#1"},
				"up": {"uv": [0, 0, 0.5, 0.5], "texture": "#1"},
				"down": {"uv": [0, 0, 0.5, 0.5], "texture": "#1"}
			}
		},
		{
			"name": "FrontDoor",
			"from": [14, -6, -11],
			"to": [25, -5, -4],
			"faces": {
				"north": {"uv": [0.5, 0, 1, 0.5], "texture": "#1"},
				"east": {"uv": [0.5, 0, 1, 0.5], "texture": "#1"},
				"south": {"uv": [0.5, 0, 1, 0.5], "texture": "#1"},
				"west": {"uv": [0.5, 0, 1, 0.5], "texture": "#1"},
				"up": {"uv": [0.5, 0, 1, 0.5], "texture": "#1"},
				"down": {"uv": [0.5, 0, 1, 0.5], "texture": "#1"}
			}
		},
		{
			"name": "FrontDoor",
			"from": [14, -9, -11],
			"to": [24, -6, -5],
			"faces": {
				"north": {"uv": [0.5, 0, 1, 0.5], "texture": "#1"},
				"east": {"uv": [0.5, 0, 1, 0.5], "texture": "#1"},
				"south": {"uv": [0.5, 0, 1, 0.5], "texture": "#1"},
				"west": {"uv": [0.5, 0, 1, 0.5], "texture": "#1"},
				"up": {"uv": [0.5, 0, 1, 0.5], "texture": "#1"},
				"down": {"uv": [0.5, 0, 1, 0.5], "texture": "#1"}
			}
		},
		{
			"name": "FrontDoor",
			"from": [-7, -11, -10.2],
			"to": [2, -9, -6],
			"faces": {
				"north": {"uv": [0.5, 0, 1, 0.5], "texture": "#1"},
				"east": {"uv": [0.5, 0, 1, 0.5], "texture": "#1"},
				"south": {"uv": [0.5, 0, 1, 0.5], "texture": "#1"},
				"west": {"uv": [0.5, 0, 1, 0.5], "texture": "#1"},
				"up": {"uv": [0.5, 0, 1, 0.5], "texture": "#1"},
				"down": {"uv": [0.5, 0, 1, 0.5], "texture": "#1"}
			}
		},
		{
			"name": "FrontDoor",
			"from": [-5, -10, -11],
			"to": [2, -9, -10],
			"faces": {
				"north": {"uv": [0.5, 0, 1, 0.5], "texture": "#1"},
				"east": {"uv": [0.5, 0, 1, 0.5], "texture": "#1"},
				"south": {"uv": [0.5, 0, 1, 0.5], "texture": "#1"},
				"west": {"uv": [0.5, 0, 1, 0.5], "texture": "#1"},
				"up": {"uv": [0.5, 0, 1, 0.5], "texture": "#1"},
				"down": {"uv": [0.5, 0, 1, 0.5], "texture": "#1"}
			}
		},
		{
			"name": "FrontDoor",
			"from": [-1, -11, -11],
			"to": [2, -10, -10],
			"faces": {
				"north": {"uv": [0.5, 0, 1, 0.5], "texture": "#1"},
				"east": {"uv": [0.5, 0, 1, 0.5], "texture": "#1"},
				"south": {"uv": [0.5, 0, 1, 0.5], "texture": "#1"},
				"west": {"uv": [0.5, 0, 1, 0.5], "texture": "#1"},
				"up": {"uv": [0.5, 0, 1, 0.5], "texture": "#1"},
				"down": {"uv": [0.5, 0, 1, 0.5], "texture": "#1"}
			}
		},
		{
			"name": "FrontDoor",
			"from": [14, -11, -10.2],
			"to": [23, -9, -6],
			"faces": {
				"north": {"uv": [0.5, 0, 1, 0.5], "texture": "#1"},
				"east": {"uv": [0.5, 0, 1, 0.5], "texture": "#1"},
				"south": {"uv": [0.5, 0, 1, 0.5], "texture": "#1"},
				"west": {"uv": [0.5, 0, 1, 0.5], "texture": "#1"},
				"up": {"uv": [0.5, 0, 1, 0.5], "texture": "#1"},
				"down": {"uv": [0.5, 0, 1, 0.5], "texture": "#1"}
			}
		},
		{
			"name": "FrontDoor",
			"from": [14, -10, -11],
			"to": [21, -9, -10],
			"faces": {
				"north": {"uv": [0.5, 0, 1, 0.5], "texture": "#1"},
				"east": {"uv": [0.5, 0, 1, 0.5], "texture": "#1"},
				"south": {"uv": [0.5, 0, 1, 0.5], "texture": "#1"},
				"west": {"uv": [0.5, 0, 1, 0.5], "texture": "#1"},
				"up": {"uv": [0.5, 0, 1, 0.5], "texture": "#1"},
				"down": {"uv": [0.5, 0, 1, 0.5], "texture": "#1"}
			}
		},
		{
			"name": "FrontDoor",
			"from": [14, -11, -11],
			"to": [17, -10, -10],
			"faces": {
				"north": {"uv": [0.5, 0, 1, 0.5], "texture": "#1"},
				"east": {"uv": [0.5, 0, 1, 0.5], "texture": "#1"},
				"south": {"uv": [0.5, 0, 1, 0.5], "texture": "#1"},
				"west": {"uv": [0.5, 0, 1, 0.5], "texture": "#1"},
				"up": {"uv": [0.5, 0, 1, 0.5], "texture": "#1"},
				"down": {"uv": [0.5, 0, 1, 0.5], "texture": "#1"}
			}
		},
		{
			"name": "FrontDoor",
			"from": [-8, -9, -11],
			"to": [2, -6, -5],
			"faces": {
				"north": {"uv": [0.5, 0, 1, 0.5], "texture": "#1"},
				"east": {"uv": [0.5, 0, 1, 0.5], "texture": "#1"},
				"south": {"uv": [0.5, 0, 1, 0.5], "texture": "#1"},
				"west": {"uv": [0.5, 0, 1, 0.5], "texture": "#1"},
				"up": {"uv": [0.5, 0, 1, 0.5], "texture": "#1"},
				"down": {"uv": [0.5, 0, 1, 0.5], "texture": "#1"}
			}
		},
		{
			"name": "FrontDoor",
			"from": [-9, -6, -11],
			"to": [2, -5, -4],
			"faces": {
				"north": {"uv": [0.5, 0, 1, 0.5], "texture": "#1"},
				"east": {"uv": [0.5, 0, 1, 0.5], "texture": "#1"},
				"south": {"uv": [0.5, 0, 1, 0.5], "texture": "#1"},
				"west": {"uv": [0.5, 0, 1, 0.5], "texture": "#1"},
				"up": {"uv": [0.5, 0, 1, 0.5], "texture": "#1"},
				"down": {"uv": [0.5, 0, 1, 0.5], "texture": "#1"}
			}
		},
		{
			"name": "FrontDoor",
			"from": [1, -12, -11],
			"to": [15, -11, -10],
			"faces": {
				"north": {"uv": [0.5, 0, 1, 0.5], "texture": "#1"},
				"east": {"uv": [0.5, 0, 1, 0.5], "texture": "#1"},
				"south": {"uv": [0.5, 0, 1, 0.5], "texture": "#1"},
				"west": {"uv": [0.5, 0, 1, 0.5], "texture": "#1"},
				"up": {"uv": [0.5, 0, 1, 0.5], "texture": "#1"},
				"down": {"uv": [0.5, 0, 1, 0.5], "texture": "#1"}
			}
		},
		{
			"name": "FrontDoor",
			"from": [5, -13, -11],
			"to": [11, -12, -10],
			"faces": {
				"north": {"uv": [0.5, 0, 1, 0.5], "texture": "#1"},
				"east": {"uv": [0.5, 0, 1, 0.5], "texture": "#1"},
				"south": {"uv": [0.5, 0, 1, 0.5], "texture": "#1"},
				"west": {"uv": [0.5, 0, 1, 0.5], "texture": "#1"},
				"up": {"uv": [0.5, 0, 1, 0.5], "texture": "#1"},
				"down": {"uv": [0.5, 0, 1, 0.5], "texture": "#1"}
			}
		},
		{
			"name": "FrontDoor",
			"from": [7.7, -15, -11],
			"to": [8.3, -13, -10],
			"faces": {
				"north": {"uv": [0.5, 0, 1, 0.5], "texture": "#1"},
				"east": {"uv": [0.5, 0, 1, 0.5], "texture": "#1"},
				"south": {"uv": [0.5, 0, 1, 0.5], "texture": "#1"},
				"west": {"uv": [0.5, 0, 1, 0.5], "texture": "#1"},
				"up": {"uv": [0.5, 0, 1, 0.5], "texture": "#1"},
				"down": {"uv": [0.5, 0, 1, 0.5], "texture": "#1"}
			}
		},
		{
			"name": "FrontDoor",
			"from": [-7, -12, -10.1],
			"to": [23, -11, -6],
			"faces": {
				"north": {"uv": [0.5, 0, 1, 0.5], "texture": "#1"},
				"east": {"uv": [0.5, 0, 1, 0.5], "texture": "#1"},
				"south": {"uv": [0.5, 0, 1, 0.5], "texture": "#1"},
				"west": {"uv": [0.5, 0, 1, 0.5], "texture": "#1"},
				"up": {"uv": [0.5, 0, 1, 0.5], "texture": "#1"},
				"down": {"uv": [0.5, 0, 1, 0.5], "texture": "#1"}
			}
		},
		{
			"name": "FrontDoor",
			"from": [-6, -14, -10],
			"to": [22, -12, -7],
			"faces": {
				"north": {"uv": [0.5, 0, 1, 0.5], "texture": "#1"},
				"east": {"uv": [0.5, 0, 1, 0.5], "texture": "#1"},
				"south": {"uv": [0.5, 0, 1, 0.5], "texture": "#1"},
				"west": {"uv": [0.5, 0, 1, 0.5], "texture": "#1"},
				"up": {"uv": [0.5, 0, 1, 0.5], "texture": "#1"},
				"down": {"uv": [0.5, 0, 1, 0.5], "texture": "#1"}
			}
		},
		{
			"name": "FrontDoor",
			"from": [-6, -15, -10.1],
			"to": [22, -14, -7],
			"faces": {
				"north": {"uv": [0.5, 0, 1, 0.5], "texture": "#1"},
				"east": {"uv": [0.5, 0, 1, 0.5], "texture": "#1"},
				"south": {"uv": [0.5, 0, 1, 0.5], "texture": "#1"},
				"west": {"uv": [0.5, 0, 1, 0.5], "texture": "#1"},
				"up": {"uv": [0.5, 0, 1, 0.5], "texture": "#1"},
				"down": {"uv": [0.5, 0, 1, 0.5], "texture": "#1"}
			}
		},
		{
			"name": "FrontDoor",
			"from": [-5, -16, -11],
			"to": [21, -15, -7],
			"faces": {
				"north": {"uv": [0.5, 0, 1, 0.5], "texture": "#1"},
				"east": {"uv": [0.5, 0, 1, 0.5], "texture": "#1"},
				"south": {"uv": [0.5, 0, 1, 0.5], "texture": "#1"},
				"west": {"uv": [0.5, 0, 1, 0.5], "texture": "#1"},
				"up": {"uv": [0.5, 0, 1, 0.5], "texture": "#1"},
				"down": {"uv": [0.5, 0, 1, 0.5], "texture": "#1"}
			}
		},
		{
			"name": "FrontDoor",
			"from": [14, -5, -10],
			"to": [24, -4, -4],
			"faces": {
				"north": {"uv": [0.5, 0, 1, 0.5], "texture": "#1"},
				"east": {"uv": [0.5, 0, 1, 0.5], "texture": "#1"},
				"south": {"uv": [0.5, 0, 1, 0.5], "texture": "#1"},
				"west": {"uv": [0.5, 0, 1, 0.5], "texture": "#1"},
				"up": {"uv": [0.5, 0, 1, 0.5], "texture": "#1"},
				"down": {"uv": [0.5, 0, 1, 0.5], "texture": "#1"}
			}
		},
		{
			"name": "FrontDoor",
			"from": [-8, -5, -10],
			"to": [2, -4, -4],
			"faces": {
				"north": {"uv": [0.5, 0, 1, 0.5], "texture": "#1"},
				"east": {"uv": [0.5, 0, 1, 0.5], "texture": "#1"},
				"south": {"uv": [0.5, 0, 1, 0.5], "texture": "#1"},
				"west": {"uv": [0.5, 0, 1, 0.5], "texture": "#1"},
				"up": {"uv": [0.5, 0, 1, 0.5], "texture": "#1"},
				"down": {"uv": [0.5, 0, 1, 0.5], "texture": "#1"}
			}
		},
		{
			"name": "Panel",
			"from": [-7, 27, -11],
			"to": [23, 28, -9],
			"faces": {
				"north": {"uv": [0.5, 0, 1, 0.5], "texture": "#1"},
				"east": {"uv": [0.5, 0, 1, 0.5], "texture": "#1"},
				"south": {"uv": [0.5, 0, 1, 0.5], "texture": "#1"},
				"west": {"uv": [0.5, 0, 1, 0.5], "texture": "#1"},
				"up": {"uv": [0.5, 0, 1, 0.5], "texture": "#1"},
				"down": {"uv": [0.5, 0, 1, 0.5], "texture": "#1"}
			}
		},
		{
			"name": "Panel",
			"from": [-9, 26, -11],
			"to": [25, 27, -9],
			"faces": {
				"north": {"uv": [0.5, 0, 1, 0.5], "texture": "#1"},
				"east": {"uv": [0.5, 0, 1, 0.5], "texture": "#1"},
				"south": {"uv": [0.5, 0, 1, 0.5], "texture": "#1"},
				"west": {"uv": [0.5, 0, 1, 0.5], "texture": "#1"},
				"up": {"uv": [0.5, 0, 1, 0.5], "texture": "#1"},
				"down": {"uv": [0.5, 0, 1, 0.5], "texture": "#1"}
			}
		},
		{
			"name": "Panel",
			"from": [21, 25, -11],
			"to": [26, 26, -9],
			"faces": {
				"north": {"uv": [0.5, 0, 1, 0.5], "texture": "#1"},
				"east": {"uv": [0.5, 0, 1, 0.5], "texture": "#1"},
				"south": {"uv": [0.5, 0, 1, 0.5], "texture": "#1"},
				"west": {"uv": [0.5, 0, 1, 0.5], "texture": "#1"},
				"up": {"uv": [0.5, 0, 1, 0.5], "texture": "#1"},
				"down": {"uv": [0.5, 0, 1, 0.5], "texture": "#1"}
			}
		},
		{
			"name": "Panel",
			"from": [-10, 25, -11],
			"to": [-5, 26, -9],
			"faces": {
				"north": {"uv": [0.5, 0, 1, 0.5], "texture": "#1"},
				"east": {"uv": [0.5, 0, 1, 0.5], "texture": "#1"},
				"south": {"uv": [0.5, 0, 1, 0.5], "texture": "#1"},
				"west": {"uv": [0.5, 0, 1, 0.5], "texture": "#1"},
				"up": {"uv": [0.5, 0, 1, 0.5], "texture": "#1"},
				"down": {"uv": [0.5, 0, 1, 0.5], "texture": "#1"}
			}
		},
		{
			"name": "Panel",
			"from": [1, 25, -11],
			"to": [15, 26, -9],
			"faces": {
				"north": {"uv": [15, 13, 15.5, 13.5], "texture": "#1"},
				"east": {"uv": [0, 0, 0.5, 0.5], "texture": "#1"},
				"south": {"uv": [0, 0, 0.5, 0.5], "texture": "#1"},
				"west": {"uv": [0, 0, 0.5, 0.5], "texture": "#1"},
				"up": {"uv": [0, 0, 0.5, 0.5], "texture": "#1"},
				"down": {"uv": [0, 0, 0.5, 0.5], "texture": "#1"}
			}
		},
		{
			"name": "Panel",
			"from": [26, 10, -10],
			"to": [27, 25, -9],
			"faces": {
				"north": {"uv": [0.5, 0, 1, 0.5], "texture": "#1"},
				"east": {"uv": [0.5, 0, 1, 0.5], "texture": "#1"},
				"south": {"uv": [0.5, 0, 1, 0.5], "texture": "#1"},
				"west": {"uv": [0.5, 0, 1, 0.5], "texture": "#1"},
				"up": {"uv": [0.5, 0, 1, 0.5], "texture": "#1"},
				"down": {"uv": [0.5, 0, 1, 0.5], "texture": "#1"}
			}
		},
		{
			"name": "Panel",
			"from": [25, -2, -11],
			"to": [26, 25, -9],
			"faces": {
				"north": {"uv": [0.5, 0, 1, 0.5], "texture": "#1"},
				"east": {"uv": [0.5, 0, 1, 0.5], "texture": "#1"},
				"south": {"uv": [0.5, 0, 1, 0.5], "texture": "#1"},
				"west": {"uv": [0.5, 0, 1, 0.5], "texture": "#1"},
				"up": {"uv": [0.5, 0, 1, 0.5], "texture": "#1"},
				"down": {"uv": [0.5, 0, 1, 0.5], "texture": "#1"}
			}
		},
		{
			"name": "Panel",
			"from": [-11, 10, -10],
			"to": [-10, 25, -9],
			"faces": {
				"north": {"uv": [0.5, 0, 1, 0.5], "texture": "#1"},
				"east": {"uv": [0.5, 0, 1, 0.5], "texture": "#1"},
				"south": {"uv": [0.5, 0, 1, 0.5], "texture": "#1"},
				"west": {"uv": [0.5, 0, 1, 0.5], "texture": "#1"},
				"up": {"uv": [0.5, 0, 1, 0.5], "texture": "#1"},
				"down": {"uv": [0.5, 0, 1, 0.5], "texture": "#1"}
			}
		},
		{
			"name": "Panel",
			"from": [-10, -2, -11],
			"to": [-9, 25, -9],
			"faces": {
				"north": {"uv": [0.5, 0, 1, 0.5], "texture": "#1"},
				"east": {"uv": [0.5, 0, 1, 0.5], "texture": "#1"},
				"south": {"uv": [0.5, 0, 1, 0.5], "texture": "#1"},
				"west": {"uv": [0.5, 0, 1, 0.5], "texture": "#1"},
				"up": {"uv": [0.5, 0, 1, 0.5], "texture": "#1"},
				"down": {"uv": [0.5, 0, 1, 0.5], "texture": "#1"}
			}
		},
		{
			"name": "Panel",
			"from": [-9, -4, -11],
			"to": [2, -3, -9],
			"faces": {
				"north": {"uv": [0.5, 0, 1, 0.5], "texture": "#1"},
				"east": {"uv": [0.5, 0, 1, 0.5], "texture": "#1"},
				"south": {"uv": [0.5, 0, 1, 0.5], "texture": "#1"},
				"west": {"uv": [0.5, 0, 1, 0.5], "texture": "#1"},
				"up": {"uv": [0.5, 0, 1, 0.5], "texture": "#1"},
				"down": {"uv": [0.5, 0, 1, 0.5], "texture": "#1"}
			}
		},
		{
			"name": "Panel",
			"from": [-8, -3, -11],
			"to": [4, 5, -9],
			"faces": {
				"north": {"uv": [15, 13, 15.5, 13.5], "texture": "#1"},
				"east": {"uv": [0, 0, 0.5, 0.5], "texture": "#1"},
				"south": {"uv": [13.5, 1, 14, 1.5], "texture": "#2"},
				"west": {"uv": [0, 0, 0.5, 0.5], "texture": "#1"},
				"up": {"uv": [0, 0, 0.5, 0.5], "texture": "#1"},
				"down": {"uv": [0, 0, 0.5, 0.5], "texture": "#1"}
			}
		},
		{
			"name": "Panel",
			"from": [12, -3, -11],
			"to": [24, 5, -9],
			"faces": {
				"north": {"uv": [15, 13, 15.5, 13.5], "texture": "#1"},
				"east": {"uv": [0, 0, 0.5, 0.5], "texture": "#1"},
				"south": {"uv": [0, 0, 0.5, 0.5], "texture": "#1"},
				"west": {"uv": [0, 0, 0.5, 0.5], "texture": "#1"},
				"up": {"uv": [0, 0, 0.5, 0.5], "texture": "#1"},
				"down": {"uv": [0, 0, 0.5, 0.5], "texture": "#1"}
			}
		},
		{
			"name": "Panel",
			"from": [14, -4, -11],
			"to": [25, -3, -9],
			"faces": {
				"north": {"uv": [0.5, 0, 1, 0.5], "texture": "#1"},
				"east": {"uv": [0.5, 0, 1, 0.5], "texture": "#1"},
				"south": {"uv": [0.5, 0, 1, 0.5], "texture": "#1"},
				"west": {"uv": [0.5, 0, 1, 0.5], "texture": "#1"},
				"up": {"uv": [0.5, 0, 1, 0.5], "texture": "#1"},
				"down": {"uv": [0.5, 0, 1, 0.5], "texture": "#1"}
			}
		},
		{
			"name": "Panel",
			"from": [24, -3, -11],
			"to": [25, -2, -9],
			"faces": {
				"north": {"uv": [0.5, 0, 1, 0.5], "texture": "#1"},
				"east": {"uv": [0.5, 0, 1, 0.5], "texture": "#1"},
				"south": {"uv": [0.5, 0, 1, 0.5], "texture": "#1"},
				"west": {"uv": [0.5, 0, 1, 0.5], "texture": "#1"},
				"up": {"uv": [0.5, 0, 1, 0.5], "texture": "#1"},
				"down": {"uv": [0.5, 0, 1, 0.5], "texture": "#1"}
			}
		},
		{
			"name": "Panel",
			"from": [23, -2, -11],
			"to": [25, -1, -9],
			"faces": {
				"north": {"uv": [15, 13, 15.5, 13.5], "texture": "#1"},
				"east": {"uv": [0, 0, 0.5, 0.5], "texture": "#1"},
				"south": {"uv": [0, 0, 0.5, 0.5], "texture": "#1"},
				"west": {"uv": [0, 0, 0.5, 0.5], "texture": "#1"},
				"up": {"uv": [0, 0, 0.5, 0.5], "texture": "#1"},
				"down": {"uv": [0, 0, 0.5, 0.5], "texture": "#1"}
			}
		},
		{
			"name": "Panel",
			"from": [24, -1, -11],
			"to": [25, 0, -9],
			"faces": {
				"north": {"uv": [15, 13, 15.5, 13.5], "texture": "#1"},
				"east": {"uv": [0, 0, 0.5, 0.5], "texture": "#1"},
				"south": {"uv": [0, 0, 0.5, 0.5], "texture": "#1"},
				"west": {"uv": [0, 0, 0.5, 0.5], "texture": "#1"},
				"up": {"uv": [0, 0, 0.5, 0.5], "texture": "#1"},
				"down": {"uv": [0, 0, 0.5, 0.5], "texture": "#1"}
			}
		},
		{
			"name": "Panel",
			"from": [24, 24, -11],
			"to": [25, 25, -9],
			"faces": {
				"north": {"uv": [0.5, 0, 1, 0.5], "texture": "#1"},
				"east": {"uv": [0.5, 0, 1, 0.5], "texture": "#1"},
				"south": {"uv": [0.5, 0, 1, 0.5], "texture": "#1"},
				"west": {"uv": [0.5, 0, 1, 0.5], "texture": "#1"},
				"up": {"uv": [0.5, 0, 1, 0.5], "texture": "#1"},
				"down": {"uv": [0.5, 0, 1, 0.5], "texture": "#1"}
			}
		},
		{
			"name": "Panel",
			"from": [-9, 24, -11],
			"to": [-8, 25, -9],
			"faces": {
				"north": {"uv": [0.5, 0, 1, 0.5], "texture": "#1"},
				"east": {"uv": [0, 0, 0.5, 0.5], "texture": "#1"},
				"south": {"uv": [13.5, 0, 14, 0.5], "texture": "#2"},
				"west": {"uv": [0, 0, 0.5, 0.5], "texture": "#1"},
				"up": {"uv": [0, 0, 0.5, 0.5], "texture": "#1"},
				"down": {"uv": [0, 0, 0.5, 0.5], "texture": "#1"}
			}
		},
		{
			"name": "Panel",
			"from": [-9, -3, -11],
			"to": [-8, 6, -9],
			"rotation": {"angle": 0, "axis": "y", "origin": [0, -3, 0]},
			"faces": {
				"north": {"uv": [0.5, 0, 1, 0.5], "texture": "#1"},
				"east": {"uv": [0.5, 0, 1, 0.5], "texture": "#1"},
				"south": {"uv": [0.5, 0, 1, 0.5], "texture": "#1"},
				"west": {"uv": [0.5, 0, 1, 0.5], "texture": "#1"},
				"up": {"uv": [0.5, 0, 1, 0.5], "texture": "#1"},
				"down": {"uv": [0.5, 0, 1, 0.5], "texture": "#1"}
			}
		},
		{
			"name": "Panel",
			"from": [24, -2, -11],
			"to": [25, 6, -9],
			"faces": {
				"north": {"uv": [0.5, 0, 1, 0.5], "texture": "#1"},
				"east": {"uv": [0.5, 0, 1, 0.5], "texture": "#1"},
				"south": {"uv": [0.5, 0, 1, 0.5], "texture": "#1"},
				"west": {"uv": [0.5, 0, 1, 0.5], "texture": "#1"},
				"up": {"uv": [0.5, 0, 1, 0.5], "texture": "#1"},
				"down": {"uv": [0.5, 0, 1, 0.5], "texture": "#1"}
			}
		},
		{
			"name": "Panel",
			"from": [12, 5, -11],
			"to": [15, 6, -9],
			"faces": {
				"north": {"uv": [15, 13, 15.5, 13.5], "texture": "#1"},
				"east": {"uv": [0, 0, 0.5, 0.5], "texture": "#1"},
				"south": {"uv": [0, 0, 0.5, 0.5], "texture": "#1"},
				"west": {"uv": [0, 0, 0.5, 0.5], "texture": "#1"},
				"up": {"uv": [0, 0, 0.5, 0.5], "texture": "#1"},
				"down": {"uv": [0, 0, 0.5, 0.5], "texture": "#1"}
			}
		},
		{
			"name": "Panel",
			"from": [1, 5, -11],
			"to": [4, 6, -9],
			"faces": {
				"north": {"uv": [15, 13, 15.5, 13.5], "texture": "#1"},
				"east": {"uv": [0, 0, 0.5, 0.5], "texture": "#1"},
				"south": {"uv": [0, 0, 0.5, 0.5], "texture": "#1"},
				"west": {"uv": [0, 0, 0.5, 0.5], "texture": "#1"},
				"up": {"uv": [0, 0, 0.5, 0.5], "texture": "#1"},
				"down": {"uv": [0, 0, 0.5, 0.5], "texture": "#1"}
			}
		},
		{
			"name": "Panel",
			"from": [-9, -3, -11],
			"to": [-6, -2, -9],
			"faces": {
				"north": {"uv": [15, 13, 15.5, 13.5], "texture": "#1"},
				"east": {"uv": [0, 0, 0.5, 0.5], "texture": "#1"},
				"south": {"uv": [0, 0, 0.5, 0.5], "texture": "#1"},
				"west": {"uv": [0, 0, 0.5, 0.5], "texture": "#1"},
				"up": {"uv": [0, 0, 0.5, 0.5], "texture": "#1"},
				"down": {"uv": [0, 0, 0.5, 0.5], "texture": "#1"}
			}
		},
		{
			"name": "Panel",
			"from": [-5, 28, -11],
			"to": [21, 29, -9],
			"faces": {
				"north": {"uv": [0.5, 0, 1, 0.5], "texture": "#1"},
				"east": {"uv": [0.5, 0, 1, 0.5], "texture": "#1"},
				"south": {"uv": [0.5, 0, 1, 0.5], "texture": "#1"},
				"west": {"uv": [0.5, 0, 1, 0.5], "texture": "#1"},
				"up": {"uv": [0.5, 0, 1, 0.5], "texture": "#1"},
				"down": {"uv": [0.5, 0, 1, 0.5], "texture": "#1"}
			}
		},
		{
			"name": "Panel",
			"from": [-3, 29, -11],
			"to": [19, 30, -9],
			"faces": {
				"north": {"uv": [0.5, 0, 1, 0.5], "texture": "#1"},
				"east": {"uv": [0.5, 0, 1, 0.5], "texture": "#1"},
				"south": {"uv": [0.5, 0, 1, 0.5], "texture": "#1"},
				"west": {"uv": [0.5, 0, 1, 0.5], "texture": "#1"},
				"up": {"uv": [0.5, 0, 1, 0.5], "texture": "#1"},
				"down": {"uv": [0.5, 0, 1, 0.5], "texture": "#1"}
			}
		},
		{
			"name": "Panel",
			"from": [1, 30, -11],
			"to": [15, 31, -9],
			"faces": {
				"north": {"uv": [0.5, 0, 1, 0.5], "texture": "#1"},
				"east": {"uv": [0.5, 0, 1, 0.5], "texture": "#1"},
				"south": {"uv": [0.5, 0, 1, 0.5], "texture": "#1"},
				"west": {"uv": [0.5, 0, 1, 0.5], "texture": "#1"},
				"up": {"uv": [0.5, 0, 1, 0.5], "texture": "#1"},
				"down": {"uv": [0.5, 0, 1, 0.5], "texture": "#1"}
			}
		},
		{
			"name": "Panel",
			"from": [6, 31, -10],
			"to": [10, 32, -9],
			"faces": {
				"north": {"uv": [0.5, 0, 1, 0.5], "texture": "#1"},
				"east": {"uv": [0.5, 0, 1, 0.5], "texture": "#1"},
				"south": {"uv": [0.5, 0, 1, 0.5], "texture": "#1"},
				"west": {"uv": [0.5, 0, 1, 0.5], "texture": "#1"},
				"up": {"uv": [0.5, 0, 1, 0.5], "texture": "#1"},
				"down": {"uv": [0.5, 0, 1, 0.5], "texture": "#1"}
			}
		},
		{
			"name": "Panel",
			"from": [-5, 25, -11],
			"to": [1, 26, -9],
			"faces": {
				"north": {"uv": [0, 0, 0.5, 0.5], "texture": "#1"},
				"east": {"uv": [0, 0, 0.5, 0.5], "texture": "#1"},
				"south": {"uv": [0, 0, 0.5, 0.5], "texture": "#1"},
				"west": {"uv": [0, 0, 0.5, 0.5], "texture": "#1"},
				"up": {"uv": [0, 0, 0.5, 0.5], "texture": "#1"},
				"down": {"uv": [0, 0, 0.5, 0.5], "texture": "#1"}
			}
		},
		{
			"name": "Panel",
			"from": [-8, 22, -11],
			"to": [2, 25, -9],
			"faces": {
				"north": {"uv": [13.5, 15, 14, 15.5], "texture": "#1"},
				"east": {"uv": [0, 0, 0.5, 0.5], "texture": "#1"},
				"south": {"uv": [13.5, 0, 14, 0.5], "texture": "#2"},
				"west": {"uv": [0, 0, 0.5, 0.5], "texture": "#1"},
				"up": {"uv": [0, 0, 0.5, 0.5], "texture": "#1"},
				"down": {"uv": [13.5, 0, 14, 0.5], "texture": "#2"}
			}
		},
		{
			"name": "Panel",
			"from": [-9, 6, -11],
			"to": [2, 10, -9],
			"faces": {
				"north": {"uv": [13.5, 15, 14, 15.5], "texture": "#1"},
				"east": {"uv": [0, 0, 0.5, 0.5], "texture": "#1"},
				"south": {"uv": [13.5, 1, 14, 1.5], "texture": "#2"},
				"west": {"uv": [0, 0, 0.5, 0.5], "texture": "#1"},
				"up": {"uv": [13.5, 1, 14, 1.5], "texture": "#2"},
				"down": {"uv": [0, 0, 0.5, 0.5], "texture": "#1"}
			}
		},
		{
			"name": "Panel",
			"from": [-8, 5, -11],
			"to": [1, 6, -9],
			"faces": {
				"north": {"uv": [13.5, 15, 14, 15.5], "texture": "#1"},
				"east": {"uv": [0, 0, 0.5, 0.5], "texture": "#1"},
				"south": {"uv": [13.5, 1, 14, 1.5], "texture": "#2"},
				"west": {"uv": [0, 0, 0.5, 0.5], "texture": "#1"},
				"up": {"uv": [0, 0, 0.5, 0.5], "texture": "#1"},
				"down": {"uv": [0, 0, 0.5, 0.5], "texture": "#1"}
			}
		},
		{
			"name": "Panel",
			"from": [1, 10, -11],
			"to": [2, 22, -9],
			"faces": {
				"north": {"uv": [13.5, 15, 14, 15.5], "texture": "#1"},
				"east": {"uv": [0, 0, 0.5, 0.5], "texture": "#1"},
				"south": {"uv": [13.5, 0, 14, 0.5], "texture": "#2"},
				"west": {"uv": [13.5, 0, 14, 0.5], "texture": "#2"},
				"up": {"uv": [0, 0, 0.5, 0.5], "texture": "#1"},
				"down": {"uv": [0, 0, 0.5, 0.5], "texture": "#1"}
			}
		},
		{
			"name": "Panel",
			"from": [-8, 13, -11],
			"to": [1, 22, -9],
			"faces": {
				"north": {"uv": [12.5, 15, 13, 15.5], "texture": "#1"},
				"east": {"uv": [0, 0, 0.5, 0.5], "texture": "#1"},
				"south": {"uv": [12.5, 15, 13, 15.5], "texture": "#1"},
				"west": {"uv": [0, 0, 0.5, 0.5], "texture": "#1"},
				"up": {"uv": [0, 0, 0.5, 0.5], "texture": "#1"},
				"down": {"uv": [0, 0, 0.5, 0.5], "texture": "#1"}
			}
		},
		{
			"name": "Panel",
			"from": [-9, 10, -11],
			"to": [-8, 24, -9],
			"faces": {
				"north": {"uv": [13.5, 15, 14, 15.5], "texture": "#1"},
				"east": {"uv": [13.5, 0, 14, 0.5], "texture": "#2"},
				"south": {"uv": [13.5, 0, 14, 0.5], "texture": "#2"},
				"west": {"uv": [0, 0, 0.5, 0.5], "texture": "#1"},
				"up": {"uv": [0, 0, 0.5, 0.5], "texture": "#1"},
				"down": {"uv": [0, 0, 0.5, 0.5], "texture": "#1"}
			}
		},
		{
			"name": "Panel",
			"from": [15, 25, -11],
			"to": [21, 26, -9],
			"faces": {
				"north": {"uv": [0, 0, 0.5, 0.5], "texture": "#1"},
				"east": {"uv": [0, 0, 0.5, 0.5], "texture": "#1"},
				"south": {"uv": [0, 0, 0.5, 0.5], "texture": "#1"},
				"west": {"uv": [0, 0, 0.5, 0.5], "texture": "#1"},
				"up": {"uv": [0, 0, 0.5, 0.5], "texture": "#1"},
				"down": {"uv": [0, 0, 0.5, 0.5], "texture": "#1"}
			}
		},
		{
			"name": "Panel",
			"from": [14, 22, -11],
			"to": [24, 25, -9],
			"faces": {
				"north": {"uv": [13.5, 15, 14, 15.5], "texture": "#1"},
				"east": {"uv": [0, 0, 0.5, 0.5], "texture": "#1"},
				"south": {"uv": [0, 0, 0.5, 0.5], "texture": "#1"},
				"west": {"uv": [0, 0, 0.5, 0.5], "texture": "#1"},
				"up": {"uv": [0, 0, 0.5, 0.5], "texture": "#1"},
				"down": {"uv": [0, 0, 0.5, 0.5], "texture": "#1"}
			}
		},
		{
			"name": "Panel",
			"from": [14, 6, -11],
			"to": [25, 10, -9],
			"faces": {
				"north": {"uv": [13.5, 15, 14, 15.5], "texture": "#1"},
				"east": {"uv": [0, 0, 0.5, 0.5], "texture": "#1"},
				"south": {"uv": [0, 0, 0.5, 0.5], "texture": "#1"},
				"west": {"uv": [0, 0, 0.5, 0.5], "texture": "#1"},
				"up": {"uv": [0, 0, 0.5, 0.5], "texture": "#1"},
				"down": {"uv": [0, 0, 0.5, 0.5], "texture": "#1"}
			}
		},
		{
			"name": "Panel",
			"from": [15, 5, -11],
			"to": [24, 6, -9],
			"faces": {
				"north": {"uv": [13.5, 15, 14, 15.5], "texture": "#1"},
				"east": {"uv": [0, 0, 0.5, 0.5], "texture": "#1"},
				"south": {"uv": [0, 0, 0.5, 0.5], "texture": "#1"},
				"west": {"uv": [0, 0, 0.5, 0.5], "texture": "#1"},
				"up": {"uv": [0, 0, 0.5, 0.5], "texture": "#1"},
				"down": {"uv": [0, 0, 0.5, 0.5], "texture": "#1"}
			}
		},
		{
			"name": "Panel",
			"from": [14, 10, -11],
			"to": [15, 22, -9],
			"faces": {
				"north": {"uv": [13.5, 15, 14, 15.5], "texture": "#1"},
				"east": {"uv": [0, 0, 0.5, 0.5], "texture": "#1"},
				"south": {"uv": [0, 0, 0.5, 0.5], "texture": "#1"},
				"west": {"uv": [0, 0, 0.5, 0.5], "texture": "#1"},
				"up": {"uv": [0, 0, 0.5, 0.5], "texture": "#1"},
				"down": {"uv": [0, 0, 0.5, 0.5], "texture": "#1"}
			}
		},
		{
			"name": "Panel",
			"from": [15, 13, -11],
			"to": [24, 22, -9],
			"faces": {
				"north": {"uv": [12.5, 15, 13, 15.5], "texture": "#1"},
				"east": {"uv": [0, 0, 0.5, 0.5], "texture": "#1"},
				"south": {"uv": [12.5, 15, 13, 15.5], "texture": "#1"},
				"west": {"uv": [0, 0, 0.5, 0.5], "texture": "#1"},
				"up": {"uv": [0, 0, 0.5, 0.5], "texture": "#1"},
				"down": {"uv": [0, 0, 0.5, 0.5], "texture": "#1"}
			}
		},
		{
			"name": "Panel",
			"from": [24, 10, -11],
			"to": [25, 24, -9],
			"faces": {
				"north": {"uv": [13.5, 15, 14, 15.5], "texture": "#1"},
				"east": {"uv": [0, 0, 0.5, 0.5], "texture": "#1"},
				"south": {"uv": [0, 0, 0.5, 0.5], "texture": "#1"},
				"west": {"uv": [0, 0, 0.5, 0.5], "texture": "#1"},
				"up": {"uv": [0, 0, 0.5, 0.5], "texture": "#1"},
				"down": {"uv": [0, 0, 0.5, 0.5], "texture": "#1"}
			}
		},
		{
			"from": [12, -3, -14],
			"to": [14, 27, -11],
			"faces": {
				"north": {"uv": [15, 15, 15.5, 15.5], "texture": "#1"},
				"east": {"uv": [15, 15, 15.5, 15.5], "texture": "#1"},
				"south": {"uv": [15, 15, 15.5, 15.5], "texture": "#1"},
				"west": {"uv": [15, 15, 15.5, 15.5], "texture": "#1"},
				"up": {"uv": [15, 15, 15.5, 15.5], "texture": "#1"},
				"down": {"uv": [15, 15, 15.5, 15.5], "texture": "#1"}
			}
		},
		{
			"from": [3, 25, -14],
			"to": [13, 28, -11],
			"faces": {
				"north": {"uv": [15, 15, 15.5, 15.5], "texture": "#1"},
				"east": {"uv": [15, 15, 15.5, 15.5], "texture": "#1"},
				"south": {"uv": [15, 15, 15.5, 15.5], "texture": "#1"},
				"west": {"uv": [15, 15, 15.5, 15.5], "texture": "#1"},
				"up": {"uv": [15, 15, 15.5, 15.5], "texture": "#1"},
				"down": {"uv": [15, 15, 15.5, 15.5], "texture": "#1"}
			}
		},
		{
			"from": [4, -3, -14],
			"to": [12, -1, -9],
			"faces": {
				"north": {"uv": [15, 15, 15.5, 15.5], "texture": "#1"},
				"east": {"uv": [15, 15, 15.5, 15.5], "texture": "#1"},
				"south": {"uv": [15, 15, 15.5, 15.5], "texture": "#1"},
				"west": {"uv": [15, 15, 15.5, 15.5], "texture": "#1"},
				"up": {"uv": [15, 15, 15.5, 15.5], "texture": "#1"},
				"down": {"uv": [15, 15, 15.5, 15.5], "texture": "#1"}
			}
		},
		{
			"from": [2, -3, -14],
			"to": [4, 27, -11],
			"faces": {
				"north": {"uv": [15, 15, 15.5, 15.5], "texture": "#1"},
				"east": {"uv": [15, 15, 15.5, 15.5], "texture": "#1"},
				"south": {"uv": [15, 15, 15.5, 15.5], "texture": "#1"},
				"west": {"uv": [15, 15, 15.5, 15.5], "texture": "#1"},
				"up": {"uv": [15, 15, 15.5, 15.5], "texture": "#1"},
				"down": {"uv": [15, 15, 15.5, 15.5], "texture": "#1"}
			}
		},
		{
			"from": [12, -3, -11],
			"to": [22, 2, -9],
			"faces": {
				"north": {"uv": [15, 15, 15.5, 15.5], "texture": "#1"},
				"east": {"uv": [15, 15, 15.5, 15.5], "texture": "#1"},
				"south": {"uv": [15, 15, 15.5, 15.5], "texture": "#1"},
				"west": {"uv": [15, 15, 15.5, 15.5], "texture": "#1"},
				"up": {"uv": [15, 15, 15.5, 15.5], "texture": "#1"},
				"down": {"uv": [15, 15, 15.5, 15.5], "texture": "#1"}
			}
		},
		{
			"from": [23, -1, -11],
			"to": [24, 2, -9],
			"faces": {
				"north": {"uv": [15, 15, 15.5, 15.5], "texture": "#1"},
				"east": {"uv": [15, 15, 15.5, 15.5], "texture": "#1"},
				"south": {"uv": [15, 15, 15.5, 15.5], "texture": "#1"},
				"west": {"uv": [15, 15, 15.5, 15.5], "texture": "#1"},
				"up": {"uv": [15, 15, 15.5, 15.5], "texture": "#1"},
				"down": {"uv": [15, 15, 15.5, 15.5], "texture": "#1"}
			}
		},
		{
			"from": [24, 0, -11],
			"to": [25, 1, -9],
			"faces": {
				"north": {"uv": [15, 15, 15.5, 15.5], "texture": "#1"},
				"east": {"uv": [15, 15, 15.5, 15.5], "texture": "#1"},
				"south": {"uv": [15, 15, 15.5, 15.5], "texture": "#1"},
				"west": {"uv": [15, 15, 15.5, 15.5], "texture": "#1"},
				"up": {"uv": [15, 15, 15.5, 15.5], "texture": "#1"},
				"down": {"uv": [15, 15, 15.5, 15.5], "texture": "#1"}
			}
		},
		{
			"from": [22, -2, -11],
			"to": [23, 2, -9],
			"faces": {
				"north": {"uv": [15, 15, 15.5, 15.5], "texture": "#1"},
				"east": {"uv": [15, 15, 15.5, 15.5], "texture": "#1"},
				"south": {"uv": [15, 15, 15.5, 15.5], "texture": "#1"},
				"west": {"uv": [15, 15, 15.5, 15.5], "texture": "#1"},
				"up": {"uv": [15, 15, 15.5, 15.5], "texture": "#1"},
				"down": {"uv": [15, 15, 15.5, 15.5], "texture": "#1"}
			}
		},
		{
			"from": [-9, 0, -11],
			"to": [-8, 1, -9],
			"faces": {
				"north": {"uv": [15, 15, 15.5, 15.5], "texture": "#1"},
				"east": {"uv": [15, 15, 15.5, 15.5], "texture": "#1"},
				"south": {"uv": [15, 15, 15.5, 15.5], "texture": "#1"},
				"west": {"uv": [15, 15, 15.5, 15.5], "texture": "#1"},
				"up": {"uv": [15, 15, 15.5, 15.5], "texture": "#1"},
				"down": {"uv": [15, 15, 15.5, 15.5], "texture": "#1"}
			}
		},
		{
			"from": [-8, -1, -11],
			"to": [-7, 2, -9],
			"faces": {
				"north": {"uv": [15, 15, 15.5, 15.5], "texture": "#1"},
				"east": {"uv": [15, 15, 15.5, 15.5], "texture": "#1"},
				"south": {"uv": [13.5, 1, 14, 1.5], "texture": "#2"},
				"west": {"uv": [15, 15, 15.5, 15.5], "texture": "#1"},
				"up": {"uv": [15, 15, 15.5, 15.5], "texture": "#1"},
				"down": {"uv": [15, 15, 15.5, 15.5], "texture": "#1"}
			}
		},
		{
			"from": [-7, -2, -11],
			"to": [-6, 2, -9],
			"faces": {
				"north": {"uv": [15, 15, 15.5, 15.5], "texture": "#1"},
				"east": {"uv": [15, 15, 15.5, 15.5], "texture": "#1"},
				"south": {"uv": [13.5, 1, 14, 1.5], "texture": "#2"},
				"west": {"uv": [15, 15, 15.5, 15.5], "texture": "#1"},
				"up": {"uv": [15, 15, 15.5, 15.5], "texture": "#1"},
				"down": {"uv": [15, 15, 15.5, 15.5], "texture": "#1"}
			}
		},
		{
			"from": [-6, -3, -11],
			"to": [4, 2, -9],
			"faces": {
				"north": {"uv": [15, 15, 15.5, 15.5], "texture": "#1"},
				"east": {"uv": [15, 15, 15.5, 15.5], "texture": "#1"},
				"south": {"uv": [13.5, 1, 14, 1.5], "texture": "#2"},
				"west": {"uv": [15, 15, 15.5, 15.5], "texture": "#1"},
				"up": {"uv": [15, 15, 15.5, 15.5], "texture": "#1"},
				"down": {"uv": [15, 15, 15.5, 15.5], "texture": "#1"}
			}
		},
		{
			"name": "Floor",
			"from": [-8, -4, -9],
			"to": [24, -2, 21],
			"faces": {
				"north": {"uv": [13.5, 15, 14, 15.5], "texture": "#1"},
				"east": {"uv": [13.5, 15, 14, 15.5], "texture": "#1"},
				"south": {"uv": [13.5, 15, 14, 15.5], "texture": "#1"},
				"west": {"uv": [13.5, 15, 14, 15.5], "texture": "#1"},
				"up": {"uv": [13.5, 15, 14, 15.5], "texture": "#1"},
				"down": {"uv": [13.5, 15, 14, 15.5], "texture": "#1"}
			}
		},
		{
			"name": "Step",
			"from": [-11, -4, 5],
			"to": [-8, -3, 18],
			"faces": {
				"north": {"uv": [0.5, 0, 1, 0.5], "texture": "#1"},
				"east": {"uv": [0.5, 0, 1, 0.5], "texture": "#1"},
				"south": {"uv": [0.5, 0, 1, 0.5], "texture": "#1"},
				"west": {"uv": [0.5, 0, 1, 0.5], "texture": "#1"},
				"up": {"uv": [0.5, 0, 1, 0.5], "texture": "#1"},
				"down": {"uv": [0.5, 0, 1, 0.5], "texture": "#1"}
			}
		},
		{
			"name": "Step",
			"from": [24, -4, 5],
			"to": [27, -3, 18],
			"rotation": {"angle": 0, "axis": "y", "origin": [16, 0, 0]},
			"faces": {
				"north": {"uv": [1, 0, 0.5, 0.5], "texture": "#1"},
				"east": {"uv": [1, 0, 0.5, 0.5], "texture": "#1"},
				"south": {"uv": [1, 0, 0.5, 0.5], "texture": "#1"},
				"west": {"uv": [1, 0, 0.5, 0.5], "texture": "#1"},
				"up": {"uv": [1, 0, 0.5, 0.5], "texture": "#1"},
				"down": {"uv": [1, 0, 0.5, 0.5], "texture": "#1"}
			}
		},
		{
			"name": "Roof",
			"from": [-10, 25, -9],
			"to": [-9, 26, 21],
			"faces": {
				"north": {"uv": [13.5, 15, 14, 15.5], "texture": "#1"},
				"east": {"uv": [13.5, 0, 14, 0.5], "texture": "#2"},
				"south": {"uv": [10.5, 15, 11, 15.5], "texture": "#1"},
				"west": {"uv": [13.5, 15, 14, 15.5], "texture": "#1"},
				"up": {"uv": [14, 15, 13.5, 15.5], "texture": "#1"},
				"down": {"uv": [13.5, 0, 14, 0.5], "texture": "#2"}
			}
		},
		{
			"name": "Roof",
			"from": [-9, 26, -9],
			"to": [-7, 27, 21],
			"faces": {
				"north": {"uv": [13.5, 15, 14, 15.5], "texture": "#1"},
				"east": {"uv": [13.5, 0, 14, 0.5], "texture": "#2"},
				"south": {"uv": [10.5, 15, 11, 15.5], "texture": "#1"},
				"west": {"uv": [13.5, 15, 14, 15.5], "texture": "#1"},
				"up": {"uv": [13.5, 15, 14, 15.5], "texture": "#1"},
				"down": {"uv": [13.5, 0, 14, 0.5], "texture": "#2"}
			}
		},
		{
			"name": "Roof",
			"from": [-7, 27, -9],
			"to": [-5, 28, 21],
			"faces": {
				"north": {"uv": [13.5, 15, 14, 15.5], "texture": "#1"},
				"east": {"uv": [13.5, 0, 14, 0.5], "texture": "#2"},
				"south": {"uv": [10.5, 15, 11, 15.5], "texture": "#1"},
				"west": {"uv": [13.5, 15, 14, 15.5], "texture": "#1"},
				"up": {"uv": [13.5, 15, 14, 15.5], "texture": "#1"},
				"down": {"uv": [13.5, 0, 14, 0.5], "texture": "#2"}
			}
		},
		{
			"name": "Roof",
			"from": [-5, 28, -9],
			"to": [-3, 29, 21],
			"faces": {
				"north": {"uv": [13.5, 15, 14, 15.5], "texture": "#1"},
				"east": {"uv": [13.5, 0, 14, 0.5], "texture": "#2"},
				"south": {"uv": [10.5, 15, 11, 15.5], "texture": "#1"},
				"west": {"uv": [13.5, 15, 14, 15.5], "texture": "#1"},
				"up": {"uv": [13.5, 15, 14, 15.5], "texture": "#1"},
				"down": {"uv": [13.5, 0, 14, 0.5], "texture": "#2"}
			}
		},
		{
			"name": "Roof",
			"from": [-3, 29, -9],
			"to": [1, 30, 21],
			"faces": {
				"north": {"uv": [13.5, 15, 14, 15.5], "texture": "#1"},
				"east": {"uv": [13.5, 0, 14, 0.5], "texture": "#2"},
				"south": {"uv": [10.5, 15, 11, 15.5], "texture": "#1"},
				"west": {"uv": [13.5, 15, 14, 15.5], "texture": "#1"},
				"up": {"uv": [13.5, 15, 14, 15.5], "texture": "#1"},
				"down": {"uv": [13.5, 0, 14, 0.5], "texture": "#2"}
			}
		},
		{
			"name": "Roof",
			"from": [1, 30, -9],
			"to": [6, 31, 21],
			"faces": {
				"north": {"uv": [13.5, 15, 14, 15.5], "texture": "#1"},
				"east": {"uv": [13.5, 0, 14, 0.5], "texture": "#2"},
				"south": {"uv": [10.5, 15, 11, 15.5], "texture": "#1"},
				"west": {"uv": [13.5, 15, 14, 15.5], "texture": "#1"},
				"up": {"uv": [13.5, 15, 14, 15.5], "texture": "#1"},
				"down": {"uv": [13.5, 0, 14, 0.5], "texture": "#2"}
			}
		},
		{
			"name": "Roof",
			"from": [6, 31, -9],
			"to": [10, 32, 21],
			"faces": {
				"north": {"uv": [13.5, 15, 14, 15.5], "texture": "#1"},
				"east": {"uv": [13.5, 15, 14, 15.5], "texture": "#1"},
				"south": {"uv": [10.5, 15, 11, 15.5], "texture": "#1"},
				"west": {"uv": [13.5, 15, 14, 15.5], "texture": "#1"},
				"up": {"uv": [13.5, 15, 14, 15.5], "texture": "#1"},
				"down": {"uv": [13.5, 0, 14, 0.5], "texture": "#2"}
			}
		},
		{
			"name": "Roof",
			"from": [10, 30, -9],
			"to": [15, 31, 21],
			"faces": {
				"north": {"uv": [13.5, 15, 14, 15.5], "texture": "#1"},
				"east": {"uv": [13.5, 15, 14, 15.5], "texture": "#1"},
				"south": {"uv": [10.5, 15, 11, 15.5], "texture": "#1"},
				"west": {"uv": [13.5, 0, 14, 0.5], "texture": "#2"},
				"up": {"uv": [13.5, 15, 14, 15.5], "texture": "#1"},
				"down": {"uv": [13.5, 0, 14, 0.5], "texture": "#2"}
			}
		},
		{
			"name": "Roof",
			"from": [15, 29, -9],
			"to": [19, 30, 21],
			"faces": {
				"north": {"uv": [13.5, 15, 14, 15.5], "texture": "#1"},
				"east": {"uv": [13.5, 15, 14, 15.5], "texture": "#1"},
				"south": {"uv": [10.5, 15, 11, 15.5], "texture": "#1"},
				"west": {"uv": [13.5, 0, 14, 0.5], "texture": "#2"},
				"up": {"uv": [13.5, 15, 14, 15.5], "texture": "#1"},
				"down": {"uv": [13.5, 0, 14, 0.5], "texture": "#2"}
			}
		},
		{
			"name": "Roof",
			"from": [19, 28, -9],
			"to": [21, 29, 21],
			"faces": {
				"north": {"uv": [13.5, 15, 14, 15.5], "texture": "#1"},
				"east": {"uv": [13.5, 15, 14, 15.5], "texture": "#1"},
				"south": {"uv": [10.5, 15, 11, 15.5], "texture": "#1"},
				"west": {"uv": [13.5, 0, 14, 0.5], "texture": "#2"},
				"up": {"uv": [13.5, 15, 14, 15.5], "texture": "#1"},
				"down": {"uv": [13.5, 0, 14, 0.5], "texture": "#2"}
			}
		},
		{
			"name": "Roof",
			"from": [21, 27, -9],
			"to": [23, 28, 21],
			"faces": {
				"north": {"uv": [13.5, 15, 14, 15.5], "texture": "#1"},
				"east": {"uv": [13.5, 15, 14, 15.5], "texture": "#1"},
				"south": {"uv": [10.5, 15, 11, 15.5], "texture": "#1"},
				"west": {"uv": [13.5, 0, 14, 0.5], "texture": "#2"},
				"up": {"uv": [13.5, 15, 14, 15.5], "texture": "#1"},
				"down": {"uv": [13.5, 0, 14, 0.5], "texture": "#2"}
			}
		},
		{
			"name": "Roof",
			"from": [23, 26, -9],
			"to": [25, 27, 21],
			"faces": {
				"north": {"uv": [13.5, 15, 14, 15.5], "texture": "#1"},
				"east": {"uv": [13.5, 15, 14, 15.5], "texture": "#1"},
				"south": {"uv": [10.5, 15, 11, 15.5], "texture": "#1"},
				"west": {"uv": [13.5, 0, 14, 0.5], "texture": "#2"},
				"up": {"uv": [13.5, 15, 14, 15.5], "texture": "#1"},
				"down": {"uv": [13.5, 0, 14, 0.5], "texture": "#2"}
			}
		},
		{
			"name": "Roof",
			"from": [25, 25, -9],
			"to": [26, 26, 21],
			"faces": {
				"north": {"uv": [13.5, 15, 14, 15.5], "texture": "#1"},
				"east": {"uv": [13.5, 15, 14, 15.5], "texture": "#1"},
				"south": {"uv": [10.5, 15, 11, 15.5], "texture": "#1"},
				"west": {"uv": [13.5, 0, 14, 0.5], "texture": "#2"},
				"up": {"uv": [14, 15, 13.5, 15.5], "texture": "#1"},
				"down": {"uv": [13.5, 0, 14, 0.5], "texture": "#2"}
			}
		},
		{
			"name": "Side",
			"from": [-11, 21, 1],
			"to": [-10, 25, 5],
			"rotation": {"angle": 0, "axis": "y", "origin": [16, 0, 0]},
			"faces": {
				"north": {"uv": [14, 15, 13.5, 15.5], "texture": "#1"},
				"east": {"uv": [14, 0, 13.5, 0.5], "texture": "#2"},
				"south": {"uv": [14, 15, 13.5, 15.5], "texture": "#1"},
				"west": {"uv": [1.25, 0, 1.75, 2.125], "texture": "#3"},
				"up": {"uv": [14, 15, 13.5, 15.5], "texture": "#1"},
				"down": {"uv": [14, 15, 13.5, 15.5], "texture": "#1"}
			}
		},
		{
			"name": "Side",
			"from": [-11, 21, -6],
			"to": [-10, 25, 1],
			"rotation": {"angle": 0, "axis": "y", "origin": [16, 0, 0]},
			"faces": {
				"north": {"uv": [14, 15, 13.5, 15.5], "texture": "#1"},
				"east": {"uv": [14, 0, 13.5, 0.5], "texture": "#2"},
				"south": {"uv": [14, 15, 13.5, 15.5], "texture": "#1"},
				"west": {"uv": [0.375, 0, 1.25, 0.5], "texture": "#3"},
				"up": {"uv": [14, 15, 13.5, 15.5], "texture": "#1"},
				"down": {"uv": [14, 15, 13.5, 15.5], "texture": "#1"}
			}
		},
		{
			"name": "Side",
			"from": [-11, 10, -9],
			"to": [-10, 25, -6],
			"rotation": {"angle": 0, "axis": "y", "origin": [16, 0, 0]},
			"faces": {
				"north": {"uv": [14, 15, 13.5, 15.5], "texture": "#1"},
				"east": {"uv": [14, 0, 13.5, 0.5], "texture": "#2"},
				"south": {"uv": [14, 15, 13.5, 15.5], "texture": "#1"},
				"west": {"uv": [0, 0, 0.375, 1.875], "texture": "#3"},
				"up": {"uv": [14, 15, 13.5, 15.5], "texture": "#1"},
				"down": {"uv": [0, 1.75, 0.375, 1.875], "rotation": 270, "texture": "#3"}
			}
		},
		{
			"name": "Window",
			"from": [-11, 13, -6],
			"to": [-10, 21, 1],
			"rotation": {"angle": 0, "axis": "y", "origin": [16, 0, 0]},
			"faces": {
				"east": {"uv": [13, 15, 12.5, 15.5], "texture": "#1"},
				"west": {"uv": [13, 15, 12.5, 15.5], "texture": "#1"}
			}
		},
		{
			"name": "Side",
			"from": [-11, 9, -6],
			"to": [-10, 11, 5],
			"rotation": {"angle": 0, "axis": "y", "origin": [16, 0, 0]},
			"faces": {
				"north": {"uv": [0.5, 1.75, 0.375, 2], "texture": "#3"},
				"east": {"uv": [14, 0, 13.5, 0.5], "texture": "#2"},
				"south": {"uv": [14, 15, 13.5, 15.5], "texture": "#1"},
				"west": {"uv": [0.375, 1.75, 1.25, 2], "texture": "#3"},
				"up": {"uv": [14, 15, 13.5, 15.5], "texture": "#1"},
				"down": {"uv": [1.25, 1.875, 0.375, 2], "rotation": 270, "texture": "#3"}
			}
		},
		{
			"name": "Window",
			"from": [-11, 8, -1],
			"to": [-10, 9, 0],
			"rotation": {"angle": 0, "axis": "y", "origin": [16, 0, 0]},
			"faces": {
				"north": {"uv": [13, 15, 12.5, 15.5], "texture": "#1"},
				"east": {"uv": [13, 15, 12.5, 15.5], "texture": "#1"},
				"south": {"uv": [13, 15, 12.5, 15.5], "texture": "#1"},
				"west": {"uv": [13, 15, 12.5, 15.5], "texture": "#1"},
				"up": {"uv": [13, 15, 12.5, 15.5], "texture": "#1"},
				"down": {"uv": [13, 15, 12.5, 15.5], "texture": "#1"}
			}
		},
		{
			"name": "Window",
			"from": [-11, 7, -2],
			"to": [-10, 9, -1],
			"rotation": {"angle": 0, "axis": "y", "origin": [16, 0, 0]},
			"faces": {
				"north": {"uv": [13, 15, 12.5, 15.5], "texture": "#1"},
				"east": {"uv": [13, 15, 12.5, 15.5], "texture": "#1"},
				"south": {"uv": [13, 15, 12.5, 15.5], "texture": "#1"},
				"west": {"uv": [13, 15, 12.5, 15.5], "texture": "#1"},
				"up": {"uv": [13, 15, 12.5, 15.5], "texture": "#1"},
				"down": {"uv": [13, 15, 12.5, 15.5], "texture": "#1"}
			}
		},
		{
			"name": "Window",
			"from": [-10, 6, -5],
			"to": [-9, 9, -2],
			"rotation": {"angle": 0, "axis": "y", "origin": [16, 0, 0]},
			"faces": {
				"north": {"uv": [13, 15, 12.5, 15.5], "texture": "#1"},
				"east": {"uv": [13, 15, 12.5, 15.5], "texture": "#1"},
				"south": {"uv": [13, 15, 12.5, 15.5], "texture": "#1"},
				"west": {"uv": [13, 15, 12.5, 15.5], "texture": "#1"},
				"up": {"uv": [13, 15, 12.5, 15.5], "texture": "#1"},
				"down": {"uv": [13, 15, 12.5, 15.5], "texture": "#1"}
			}
		},
		{
			"name": "Window",
			"from": [-10, 7, -6],
			"to": [-9, 9, -5],
			"rotation": {"angle": 0, "axis": "y", "origin": [16, 0, 0]},
			"faces": {
				"north": {"uv": [13, 15, 12.5, 15.5], "texture": "#1"},
				"east": {"uv": [13, 15, 12.5, 15.5], "texture": "#1"},
				"south": {"uv": [13, 15, 12.5, 15.5], "texture": "#1"},
				"west": {"uv": [13, 15, 12.5, 15.5], "texture": "#1"},
				"up": {"uv": [13, 15, 12.5, 15.5], "texture": "#1"},
				"down": {"uv": [13, 15, 12.5, 15.5], "texture": "#1"}
			}
		},
		{
			"name": "Side",
			"from": [-10, 6, -9],
			"to": [-9, 10, -6],
			"rotation": {"angle": 0, "axis": "y", "origin": [16, 0, 0]},
			"faces": {
				"north": {"uv": [14, 15, 13.5, 15.5], "texture": "#1"},
				"east": {"uv": [14, 0, 13.5, 0.5], "texture": "#2"},
				"south": {"uv": [14, 15, 13.5, 15.5], "texture": "#1"},
				"west": {"uv": [0, 1.875, 0.375, 2.375], "texture": "#3"},
				"up": {"uv": [14, 0, 13.5, 0.5], "texture": "#2"},
				"down": {"uv": [14, 15, 13.5, 15.5], "texture": "#1"}
			}
		},
		{
			"name": "Side",
			"from": [-11, 2, -6],
			"to": [-10, 9, 5],
			"rotation": {"angle": 0, "axis": "y", "origin": [16, 0, 0]},
			"faces": {
				"north": {"uv": [1.125, 2.125, 1, 2.875], "texture": "#3"},
				"east": {"uv": [14, 0, 13.5, 0.5], "texture": "#2"},
				"south": {"uv": [14, 15, 13.5, 15.5], "texture": "#1"},
				"west": {"uv": [1, 2.125, 1.75, 2.875], "texture": "#3"},
				"up": {"uv": [1.75, 2.125, 1, 2.25], "rotation": 270, "texture": "#3"},
				"down": {"uv": [1.75, 2.75, 1, 2.875], "rotation": 90, "texture": "#3"}
			}
		},
		{
			"name": "Side",
			"from": [-10, -2, -9],
			"to": [-9, 6, 5],
			"rotation": {"angle": 0, "axis": "y", "origin": [16, 0, 0]},
			"faces": {
				"north": {"uv": [14, 15, 13.5, 15.5], "texture": "#1"},
				"east": {"uv": [14, 1, 13.5, 1.5], "texture": "#2"},
				"south": {"uv": [14, 15, 13.5, 15.5], "texture": "#1"},
				"west": {"uv": [0, 2.375, 1.75, 3.375], "texture": "#3"},
				"up": {"uv": [14, 1, 13.5, 1.5], "texture": "#2"},
				"down": {"uv": [1.75, 3.375, 0, 3.5], "rotation": 90, "texture": "#3"}
			}
		},
		{
			"name": "Side",
			"from": [-9, -4, -9],
			"to": [-8, -1, 5],
			"faces": {
				"north": {"uv": [13.5, 15, 14, 15.5], "texture": "#1"},
				"east": {"uv": [13.5, 1, 14, 1.5], "texture": "#2"},
				"south": {"uv": [13.5, 15, 14, 15.5], "texture": "#1"},
				"west": {"uv": [0, 3.375, 1.75, 3.75], "texture": "#3"},
				"up": {"uv": [13.5, 1, 14, 1.5], "texture": "#2"},
				"down": {"uv": [0, 3.625, 1.75, 3.75], "rotation": 270, "texture": "#3"}
			}
		},
		{
			"name": "Side",
			"from": [26, 21, 1],
			"to": [27, 25, 5],
			"faces": {
				"north": {"uv": [13.5, 15, 14, 15.5], "texture": "#1"},
				"east": {"uv": [1.75, 0, 1.25, 2.125], "texture": "#3"},
				"south": {"uv": [13.5, 15, 14, 15.5], "texture": "#1"},
				"west": {"uv": [13.5, 0, 14, 0.5], "texture": "#2"},
				"up": {"uv": [13.5, 15, 14, 15.5], "texture": "#1"},
				"down": {"uv": [13.5, 15, 14, 15.5], "texture": "#1"}
			}
		},
		{
			"name": "Side",
			"from": [26, 21, -6],
			"to": [27, 25, 1],
			"faces": {
				"north": {"uv": [13.5, 15, 14, 15.5], "texture": "#1"},
				"east": {"uv": [1.25, 0, 0.375, 0.5], "texture": "#3"},
				"south": {"uv": [13.5, 15, 14, 15.5], "texture": "#1"},
				"west": {"uv": [13.5, 0, 14, 0.5], "texture": "#2"},
				"up": {"uv": [13.5, 15, 14, 15.5], "texture": "#1"},
				"down": {"uv": [13.5, 15, 14, 15.5], "texture": "#1"}
			}
		},
		{
			"name": "Side",
			"from": [26, 10, -9],
			"to": [27, 25, -6],
			"faces": {
				"north": {"uv": [13.5, 15, 14, 15.5], "texture": "#1"},
				"east": {"uv": [0.375, 0, 0, 1.875], "texture": "#3"},
				"south": {"uv": [13.5, 15, 14, 15.5], "texture": "#1"},
				"west": {"uv": [13.5, 0, 14, 0.5], "texture": "#2"},
				"up": {"uv": [13.5, 15, 14, 15.5], "texture": "#1"},
				"down": {"uv": [0, 1.875, 0.375, 1.75], "rotation": 270, "texture": "#3"}
			}
		},
		{
			"name": "Window",
			"from": [26, 13, -6],
			"to": [27, 21, 1],
			"faces": {
				"east": {"uv": [12.5, 15, 13, 15.5], "texture": "#1"},
				"west": {"uv": [12.5, 15, 13, 15.5], "texture": "#1"}
			}
		},
		{
			"name": "Side",
			"from": [26, 9, -6],
			"to": [27, 11, 1],
			"faces": {
				"north": {"uv": [0.375, 1.75, 0.5, 2], "texture": "#3"},
				"east": {"uv": [1.25, 1.75, 0.375, 2], "texture": "#3"},
				"south": {"uv": [13.5, 15, 14, 15.5], "texture": "#1"},
				"west": {"uv": [13.5, 0, 14, 0.5], "texture": "#2"},
				"up": {"uv": [13.5, 15, 14, 15.5], "texture": "#1"},
				"down": {"uv": [1.25, 2, 0.375, 1.875], "rotation": 270, "texture": "#3"}
			}
		},
		{
			"name": "Window",
			"from": [26, 8, -1],
			"to": [27, 9, 0],
			"faces": {
				"north": {"uv": [12.5, 15, 13, 15.5], "texture": "#1"},
				"east": {"uv": [12.5, 15, 13, 15.5], "texture": "#1"},
				"south": {"uv": [12.5, 15, 13, 15.5], "texture": "#1"},
				"west": {"uv": [12.5, 15, 13, 15.5], "texture": "#1"},
				"up": {"uv": [12.5, 15, 13, 15.5], "texture": "#1"},
				"down": {"uv": [12.5, 15, 13, 15.5], "texture": "#1"}
			}
		},
		{
			"name": "Window",
			"from": [26, 7, -2],
			"to": [27, 9, -1],
			"faces": {
				"north": {"uv": [12.5, 15, 13, 15.5], "texture": "#1"},
				"east": {"uv": [12.5, 15, 13, 15.5], "texture": "#1"},
				"south": {"uv": [12.5, 15, 13, 15.5], "texture": "#1"},
				"west": {"uv": [12.5, 15, 13, 15.5], "texture": "#1"},
				"up": {"uv": [12.5, 15, 13, 15.5], "texture": "#1"},
				"down": {"uv": [12.5, 15, 13, 15.5], "texture": "#1"}
			}
		},
		{
			"name": "Window",
			"from": [25, 6, -5],
			"to": [26, 9, -2],
			"faces": {
				"north": {"uv": [12.5, 15, 13, 15.5], "texture": "#1"},
				"east": {"uv": [12.5, 15, 13, 15.5], "texture": "#1"},
				"south": {"uv": [12.5, 15, 13, 15.5], "texture": "#1"},
				"west": {"uv": [12.5, 15, 13, 15.5], "texture": "#1"},
				"up": {"uv": [12.5, 15, 13, 15.5], "texture": "#1"},
				"down": {"uv": [12.5, 15, 13, 15.5], "texture": "#1"}
			}
		},
		{
			"name": "Window",
			"from": [25, 7, -6],
			"to": [26, 9, -5],
			"faces": {
				"north": {"uv": [12.5, 15, 13, 15.5], "texture": "#1"},
				"east": {"uv": [12.5, 15, 13, 15.5], "texture": "#1"},
				"south": {"uv": [12.5, 15, 13, 15.5], "texture": "#1"},
				"west": {"uv": [12.5, 15, 13, 15.5], "texture": "#1"},
				"up": {"uv": [12.5, 15, 13, 15.5], "texture": "#1"},
				"down": {"uv": [12.5, 15, 13, 15.5], "texture": "#1"}
			}
		},
		{
			"name": "Side",
			"from": [25, 6, -9],
			"to": [26, 10, -6],
			"faces": {
				"north": {"uv": [13.5, 15, 14, 15.5], "texture": "#1"},
				"east": {"uv": [0.375, 1.875, 0, 2.375], "texture": "#3"},
				"south": {"uv": [13.5, 15, 14, 15.5], "texture": "#1"},
				"west": {"uv": [13.5, 0, 14, 0.5], "texture": "#2"},
				"up": {"uv": [13.5, 0, 14, 0.5], "texture": "#2"},
				"down": {"uv": [13.5, 15, 14, 15.5], "texture": "#1"}
			}
		},
		{
			"name": "Side",
			"from": [26, 2, -6],
			"to": [27, 11, 5],
			"faces": {
				"north": {"uv": [1, 2.125, 1.125, 2.875], "texture": "#3"},
				"east": {"uv": [1.75, 2.125, 1, 2.875], "texture": "#3"},
				"south": {"uv": [13.5, 15, 14, 15.5], "texture": "#1"},
				"west": {"uv": [13.5, 0, 14, 0.5], "texture": "#2"},
				"up": {"uv": [1.75, 2.25, 1, 2.125], "rotation": 270, "texture": "#3"},
				"down": {"uv": [1.75, 2.875, 1, 2.75], "rotation": 90, "texture": "#3"}
			}
		},
		{
			"name": "Side",
			"from": [25, -2, -9],
			"to": [26, 6, 5],
			"faces": {
				"north": {"uv": [13.5, 15, 14, 15.5], "texture": "#1"},
				"east": {"uv": [1.75, 2.375, 0, 3.375], "texture": "#3"},
				"south": {"uv": [13.5, 15, 14, 15.5], "texture": "#1"},
				"west": {"uv": [13.5, 1, 14, 1.5], "texture": "#2"},
				"up": {"uv": [13.5, 1, 14, 1.5], "texture": "#2"},
				"down": {"uv": [1.75, 3.5, 0, 3.375], "rotation": 90, "texture": "#3"}
			}
		},
		{
			"name": "Side",
			"from": [24, -4, -9],
			"to": [25, -1, 5],
			"rotation": {"angle": 0, "axis": "y", "origin": [16, 0, 0]},
			"faces": {
				"north": {"uv": [14, 15, 13.5, 15.5], "texture": "#1"},
				"east": {"uv": [1.75, 3.375, 0, 3.75], "texture": "#3"},
				"south": {"uv": [14, 15, 13.5, 15.5], "texture": "#1"},
				"west": {"uv": [14, 1, 13.5, 1.5], "texture": "#2"},
				"up": {"uv": [14, 1, 13.5, 1.5], "texture": "#2"},
				"down": {"uv": [0, 3.75, 1.75, 3.625], "rotation": 270, "texture": "#3"}
			}
		},
		{
			"name": "Side",
			"from": [-11, 2, 18],
			"to": [-10, 25, 21],
			"faces": {
				"north": {"uv": [13.5, 15, 14, 15.5], "texture": "#1"},
				"east": {"uv": [13.5, 0, 14, 0.5], "texture": "#2"},
				"south": {"uv": [13.5, 15, 14, 15.5], "texture": "#1"},
				"west": {"uv": [1.75, 0, 2.125, 2.875], "texture": "#3"},
				"up": {"uv": [13.5, 15, 14, 15.5], "texture": "#1"},
				"down": {"uv": [1.75, 2.875, 2.125, 3], "rotation": 270, "texture": "#3"}
			}
		},
		{
			"name": "Side",
			"from": [-10, -2, 18],
			"to": [-9, 3, 21],
			"faces": {
				"north": {"uv": [13.5, 15, 14, 15.5], "texture": "#1"},
				"east": {"uv": [13.5, 0, 14, 0.5], "texture": "#2"},
				"south": {"uv": [13.5, 15, 14, 15.5], "texture": "#1"},
				"west": {"uv": [1.75, 2.875, 2.125, 3.5], "texture": "#3"},
				"up": {"uv": [13.5, 0, 14, 0.5], "texture": "#2"},
				"down": {"uv": [1.75, 3.375, 2.125, 3.5], "rotation": 270, "texture": "#3"}
			}
		},
		{
			"name": "Side",
			"from": [-9, -4, 18],
			"to": [-8, -1, 21],
			"faces": {
				"north": {"uv": [13.5, 15, 14, 15.5], "texture": "#1"},
				"east": {"uv": [13.5, 0, 14, 0.5], "texture": "#2"},
				"south": {"uv": [13.5, 15, 14, 15.5], "texture": "#1"},
				"west": {"uv": [1.75, 3.375, 2.125, 3.75], "texture": "#3"},
				"up": {"uv": [13.5, 0, 14, 0.5], "texture": "#2"},
				"down": {"uv": [1.75, 3.625, 2.125, 3.75], "rotation": 270, "texture": "#3"}
			}
		},
		{
			"name": "Side",
			"from": [26, 2, 18],
			"to": [27, 25, 21],
			"rotation": {"angle": 0, "axis": "y", "origin": [16, 0, 0]},
			"faces": {
				"north": {"uv": [14, 15, 13.5, 15.5], "texture": "#1"},
				"east": {"uv": [2.125, 0, 1.75, 2.875], "texture": "#3"},
				"south": {"uv": [14, 15, 13.5, 15.5], "texture": "#1"},
				"west": {"uv": [14, 0, 13.5, 0.5], "texture": "#2"},
				"up": {"uv": [14, 15, 13.5, 15.5], "texture": "#1"},
				"down": {"uv": [1.75, 3, 2.125, 2.875], "rotation": 270, "texture": "#3"}
			}
		},
		{
			"name": "Side",
			"from": [25, -2, 18],
			"to": [26, 3, 21],
			"rotation": {"angle": 0, "axis": "y", "origin": [16, 0, 0]},
			"faces": {
				"north": {"uv": [14, 15, 13.5, 15.5], "texture": "#1"},
				"east": {"uv": [2.125, 2.875, 1.75, 3.5], "texture": "#3"},
				"south": {"uv": [14, 15, 13.5, 15.5], "texture": "#1"},
				"west": {"uv": [14, 0, 13.5, 0.5], "texture": "#2"},
				"up": {"uv": [14, 0, 13.5, 0.5], "texture": "#2"},
				"down": {"uv": [1.75, 3.5, 2.125, 3.375], "rotation": 270, "texture": "#3"}
			}
		},
		{
			"name": "Side",
			"from": [24, -4, 18],
			"to": [25, -1, 21],
			"rotation": {"angle": 0, "axis": "y", "origin": [16, 0, 0]},
			"faces": {
				"north": {"uv": [14, 15, 13.5, 15.5], "texture": "#1"},
				"east": {"uv": [2.125, 3.375, 1.75, 3.75], "texture": "#3"},
				"south": {"uv": [14, 15, 13.5, 15.5], "texture": "#1"},
				"west": {"uv": [14, 0, 13.5, 0.5], "texture": "#2"},
				"up": {"uv": [14, 0, 13.5, 0.5], "texture": "#2"},
				"down": {"uv": [1.75, 3.75, 2.125, 3.625], "rotation": 270, "texture": "#3"}
			}
		},
		{
			"name": "Ceiling",
			"from": [-10, 24, -9],
			"to": [26, 25, 19.5],
			"rotation": {"angle": 0, "axis": "y", "origin": [26, 21, 0]},
			"faces": {
				"north": {"uv": [13.5, 0, 14, 0.5], "texture": "#2"},
				"east": {"uv": [13.5, 0, 14, 0.5], "texture": "#2"},
				"south": {"uv": [13.5, 0, 14, 0.5], "texture": "#2"},
				"west": {"uv": [13.5, 0, 14, 0.5], "texture": "#2"},
				"up": {"uv": [14, 0, 13.5, 0.5], "texture": "#2"},
				"down": {"uv": [13.5, 0, 14, 0.5], "texture": "#2"}
			}
		},
		{
			"name": "Partition",
			"from": [14, -1, 19.5],
			"to": [25, 3, 20.5],
			"rotation": {"angle": 0, "axis": "y", "origin": [26, 21, 0]},
			"faces": {
				"north": {"uv": [13.5, 0, 14, 0.5], "texture": "#2"},
				"east": {"uv": [13.5, 0, 14, 0.5], "texture": "#2"},
				"south": {"uv": [13.5, 0, 14, 0.5], "texture": "#2"},
				"west": {"uv": [13.5, 0, 14, 0.5], "texture": "#2"},
				"up": {"uv": [14, 0, 13.5, 0.5], "texture": "#2"},
				"down": {"uv": [13.5, 0, 14, 0.5], "texture": "#2"}
			}
		},
		{
			"name": "Partition",
			"from": [14, -2, 19.5],
			"to": [24, -1, 20.5],
			"rotation": {"angle": 0, "axis": "y", "origin": [26, 21, 0]},
			"faces": {
				"north": {"uv": [13.5, 0, 14, 0.5], "texture": "#2"},
				"east": {"uv": [13.5, 0, 14, 0.5], "texture": "#2"},
				"south": {"uv": [13.5, 0, 14, 0.5], "texture": "#2"},
				"west": {"uv": [13.5, 0, 14, 0.5], "texture": "#2"},
				"up": {"uv": [14, 0, 13.5, 0.5], "texture": "#2"},
				"down": {"uv": [13.5, 0, 14, 0.5], "texture": "#2"}
			}
		},
		{
			"name": "Partition",
			"from": [14, 3, 19.5],
			"to": [26, 23, 20.5],
			"rotation": {"angle": 0, "axis": "y", "origin": [26, 21, 0]},
			"faces": {
				"north": {"uv": [13.5, 0, 14, 0.5], "texture": "#2"},
				"east": {"uv": [13.5, 0, 14, 0.5], "texture": "#2"},
				"south": {"uv": [13.5, 0, 14, 0.5], "texture": "#2"},
				"west": {"uv": [13.5, 0, 14, 0.5], "texture": "#2"},
				"up": {"uv": [14, 0, 13.5, 0.5], "texture": "#2"},
				"down": {"uv": [13.5, 0, 14, 0.5], "texture": "#2"}
			}
		},
		{
			"name": "Partition",
			"from": [-10, 23, 19.5],
			"to": [26, 25, 20.5],
			"rotation": {"angle": 0, "axis": "y", "origin": [26, 21, 0]},
			"faces": {
				"north": {"uv": [13.5, 0, 14, 0.5], "texture": "#2"},
				"east": {"uv": [13.5, 0, 14, 0.5], "texture": "#2"},
				"south": {"uv": [13.5, 0, 14, 0.5], "texture": "#2"},
				"west": {"uv": [13.5, 0, 14, 0.5], "texture": "#2"},
				"up": {"uv": [14, 0, 13.5, 0.5], "texture": "#2"},
				"down": {"uv": [13.5, 0, 14, 0.5], "texture": "#2"}
			}
		},
		{
			"name": "Partition",
			"from": [-9, 25, 19.5],
			"to": [25, 26, 20.5],
			"rotation": {"angle": 0, "axis": "y", "origin": [26, 21, 0]},
			"faces": {
				"north": {"uv": [13.5, 0, 14, 0.5], "texture": "#2"},
				"east": {"uv": [13.5, 0, 14, 0.5], "texture": "#2"},
				"south": {"uv": [13.5, 0, 14, 0.5], "texture": "#2"},
				"west": {"uv": [13.5, 0, 14, 0.5], "texture": "#2"},
				"up": {"uv": [14, 0, 13.5, 0.5], "texture": "#2"},
				"down": {"uv": [13.5, 0, 14, 0.5], "texture": "#2"}
			}
		},
		{
			"name": "Partition",
			"from": [-7, 26, 19.5],
			"to": [23, 27, 20.5],
			"rotation": {"angle": 0, "axis": "y", "origin": [26, 21, 0]},
			"faces": {
				"north": {"uv": [13.5, 0, 14, 0.5], "texture": "#2"},
				"east": {"uv": [13.5, 0, 14, 0.5], "texture": "#2"},
				"south": {"uv": [13.5, 0, 14, 0.5], "texture": "#2"},
				"west": {"uv": [13.5, 0, 14, 0.5], "texture": "#2"},
				"up": {"uv": [14, 0, 13.5, 0.5], "texture": "#2"},
				"down": {"uv": [13.5, 0, 14, 0.5], "texture": "#2"}
			}
		},
		{
			"name": "Partition",
			"from": [-5, 27, 19.5],
			"to": [21, 28, 20.5],
			"rotation": {"angle": 0, "axis": "y", "origin": [26, 21, 0]},
			"faces": {
				"north": {"uv": [13.5, 0, 14, 0.5], "texture": "#2"},
				"east": {"uv": [13.5, 0, 14, 0.5], "texture": "#2"},
				"south": {"uv": [13.5, 0, 14, 0.5], "texture": "#2"},
				"west": {"uv": [13.5, 0, 14, 0.5], "texture": "#2"},
				"up": {"uv": [14, 0, 13.5, 0.5], "texture": "#2"},
				"down": {"uv": [13.5, 0, 14, 0.5], "texture": "#2"}
			}
		},
		{
			"name": "Partition",
			"from": [-3, 28, 19.5],
			"to": [19, 29, 20.5],
			"rotation": {"angle": 0, "axis": "y", "origin": [26, 21, 0]},
			"faces": {
				"north": {"uv": [13.5, 0, 14, 0.5], "texture": "#2"},
				"east": {"uv": [13.5, 0, 14, 0.5], "texture": "#2"},
				"south": {"uv": [13.5, 0, 14, 0.5], "texture": "#2"},
				"west": {"uv": [13.5, 0, 14, 0.5], "texture": "#2"},
				"up": {"uv": [14, 0, 13.5, 0.5], "texture": "#2"},
				"down": {"uv": [13.5, 0, 14, 0.5], "texture": "#2"}
			}
		},
		{
			"name": "Partition",
			"from": [1, 29, 19.5],
			"to": [15, 30, 20.5],
			"rotation": {"angle": 0, "axis": "y", "origin": [26, 21, 0]},
			"faces": {
				"north": {"uv": [13.5, 0, 14, 0.5], "texture": "#2"},
				"east": {"uv": [13.5, 0, 14, 0.5], "texture": "#2"},
				"south": {"uv": [13.5, 0, 14, 0.5], "texture": "#2"},
				"west": {"uv": [13.5, 0, 14, 0.5], "texture": "#2"},
				"up": {"uv": [14, 0, 13.5, 0.5], "texture": "#2"},
				"down": {"uv": [13.5, 0, 14, 0.5], "texture": "#2"}
			}
		},
		{
			"name": "Partition",
			"from": [6, 30, 19.5],
			"to": [10, 31, 20.5],
			"rotation": {"angle": 0, "axis": "y", "origin": [26, 21, 0]},
			"faces": {
				"north": {"uv": [13.5, 0, 14, 0.5], "texture": "#2"},
				"east": {"uv": [13.5, 0, 14, 0.5], "texture": "#2"},
				"south": {"uv": [13.5, 0, 14, 0.5], "texture": "#2"},
				"west": {"uv": [13.5, 0, 14, 0.5], "texture": "#2"},
				"up": {"uv": [14, 0, 13.5, 0.5], "texture": "#2"},
				"down": {"uv": [13.5, 0, 14, 0.5], "texture": "#2"}
			}
		},
		{
			"name": "Partition",
			"from": [-10, 3, 19.5],
			"to": [2, 23, 20.5],
			"rotation": {"angle": 0, "axis": "y", "origin": [26, 21, 0]},
			"faces": {
				"north": {"uv": [13.5, 0, 14, 0.5], "texture": "#2"},
				"east": {"uv": [13.5, 0, 14, 0.5], "texture": "#2"},
				"south": {"uv": [13.5, 0, 14, 0.5], "texture": "#2"},
				"west": {"uv": [13.5, 0, 14, 0.5], "texture": "#2"},
				"up": {"uv": [14, 0, 13.5, 0.5], "texture": "#2"},
				"down": {"uv": [13.5, 0, 14, 0.5], "texture": "#2"}
			}
		},
		{
			"name": "Partition",
			"from": [-9, -1, 19.5],
			"to": [2, 3, 20.5],
			"rotation": {"angle": 0, "axis": "y", "origin": [26, 21, 0]},
			"faces": {
				"north": {"uv": [13.5, 0, 14, 0.5], "texture": "#2"},
				"east": {"uv": [13.5, 0, 14, 0.5], "texture": "#2"},
				"south": {"uv": [13.5, 0, 14, 0.5], "texture": "#2"},
				"west": {"uv": [13.5, 0, 14, 0.5], "texture": "#2"},
				"up": {"uv": [14, 0, 13.5, 0.5], "texture": "#2"},
				"down": {"uv": [13.5, 0, 14, 0.5], "texture": "#2"}
			}
		},
		{
			"name": "Partition",
			"from": [-8, -2, 19.5],
			"to": [2, -1, 20.5],
			"rotation": {"angle": 0, "axis": "y", "origin": [26, 21, 0]},
			"faces": {
				"north": {"uv": [13.5, 0, 14, 0.5], "texture": "#2"},
				"east": {"uv": [13.5, 0, 14, 0.5], "texture": "#2"},
				"south": {"uv": [13.5, 0, 14, 0.5], "texture": "#2"},
				"west": {"uv": [13.5, 0, 14, 0.5], "texture": "#2"},
				"up": {"uv": [14, 0, 13.5, 0.5], "texture": "#2"},
				"down": {"uv": [13.5, 0, 14, 0.5], "texture": "#2"}
			}
		},
		{
			"name": "Partition",
			"from": [12, 6, 4],
			"to": [26, 24, 5],
			"rotation": {"angle": 0, "axis": "y", "origin": [26, 21, 0]},
			"faces": {
				"north": {"uv": [13.5, 0, 14, 0.5], "texture": "#2"},
				"east": {"uv": [13.5, 0, 14, 0.5], "texture": "#2"},
				"south": {"uv": [13.5, 0, 14, 0.5], "texture": "#2"},
				"west": {"uv": [13.5, 0, 14, 0.5], "texture": "#2"},
				"up": {"uv": [14, 0, 13.5, 0.5], "texture": "#2"},
				"down": {"uv": [13.5, 0, 14, 0.5], "texture": "#2"}
			}
		},
		{
			"name": "Partition",
			"from": [-10, 6, 4],
			"to": [4, 24, 5],
			"rotation": {"angle": 0, "axis": "y", "origin": [26, 21, 0]},
			"faces": {
				"north": {"uv": [13.5, 0, 14, 0.5], "texture": "#2"},
				"east": {"uv": [13.5, 0, 14, 0.5], "texture": "#2"},
				"south": {"uv": [13.5, 0, 14, 0.5], "texture": "#2"},
				"west": {"uv": [13.5, 0, 14, 0.5], "texture": "#2"},
				"up": {"uv": [14, 0, 13.5, 0.5], "texture": "#2"},
				"down": {"uv": [13.5, 0, 14, 0.5], "texture": "#2"}
			}
		},
		{
			"name": "Partition",
			"from": [-9, -1, 4],
			"to": [4, 6, 5],
			"rotation": {"angle": 0, "axis": "y", "origin": [26, 21, 0]},
			"faces": {
				"north": {"uv": [13.5, 0, 14, 0.5], "texture": "#2"},
				"east": {"uv": [13.5, 0, 14, 0.5], "texture": "#2"},
				"south": {"uv": [13.5, 0, 14, 0.5], "texture": "#2"},
				"west": {"uv": [13.5, 0, 14, 0.5], "texture": "#2"},
				"up": {"uv": [14, 0, 13.5, 0.5], "texture": "#2"},
				"down": {"uv": [13.5, 0, 14, 0.5], "texture": "#2"}
			}
		},
		{
			"name": "Partition",
			"from": [-8, -2, 4],
			"to": [4, -1, 5],
			"rotation": {"angle": 0, "axis": "y", "origin": [26, 21, 0]},
			"faces": {
				"north": {"uv": [13.5, 0, 14, 0.5], "texture": "#2"},
				"east": {"uv": [13.5, 0, 14, 0.5], "texture": "#2"},
				"south": {"uv": [13.5, 0, 14, 0.5], "texture": "#2"},
				"west": {"uv": [13.5, 0, 14, 0.5], "texture": "#2"},
				"up": {"uv": [14, 0, 13.5, 0.5], "texture": "#2"},
				"down": {"uv": [13.5, 0, 14, 0.5], "texture": "#2"}
			}
		},
		{
			"name": "Partition",
			"from": [12, -2, 4],
			"to": [24, -1, 5],
			"rotation": {"angle": 0, "axis": "y", "origin": [26, 21, 0]},
			"faces": {
				"north": {"uv": [13.5, 0, 14, 0.5], "texture": "#2"},
				"east": {"uv": [13.5, 0, 14, 0.5], "texture": "#2"},
				"south": {"uv": [13.5, 0, 14, 0.5], "texture": "#2"},
				"west": {"uv": [13.5, 0, 14, 0.5], "texture": "#2"},
				"up": {"uv": [14, 0, 13.5, 0.5], "texture": "#2"},
				"down": {"uv": [13.5, 0, 14, 0.5], "texture": "#2"}
			}
		},
		{
			"name": "Partition",
			"from": [12, -1, 4],
			"to": [25, 6, 5],
			"rotation": {"angle": 0, "axis": "y", "origin": [26, 21, 0]},
			"faces": {
				"north": {"uv": [13.5, 0, 14, 0.5], "texture": "#2"},
				"east": {"uv": [13.5, 0, 14, 0.5], "texture": "#2"},
				"south": {"uv": [13.5, 0, 14, 0.5], "texture": "#2"},
				"west": {"uv": [13.5, 0, 14, 0.5], "texture": "#2"},
				"up": {"uv": [14, 0, 13.5, 0.5], "texture": "#2"},
				"down": {"uv": [13.5, 0, 14, 0.5], "texture": "#2"}
			}
		},
		{
			"from": [-10, 9.725, -6.9],
			"to": [2.9, 10.225, -3.9],
			"rotation": {"angle": 0, "axis": "y", "origin": [0, 0, -1]},
			"faces": {
				"south": {"uv": [13.5, 1, 14, 1.5], "texture": "#2"},
				"up": {"uv": [13.5, 1, 14, 1.5], "texture": "#2"},
				"down": {"uv": [13.5, 1, 14, 1.5], "texture": "#2"}
			}
		},
		{
			"from": [-10, 12, -9],
			"to": [2, 13, -8],
			"faces": {
				"up": {"uv": [13.5, 1, 14, 1.5], "texture": "#2"}
			}
		},
		{
			"from": [-10, 10, -9],
			"to": [2, 13, -8],
			"rotation": {"angle": -22.5, "axis": "x", "origin": [-6, 13, -8]},
			"faces": {
				"south": {"uv": [13.5, 1, 14, 1.5], "texture": "#2"}
			}
		},
		{
			"from": [-1, -1.975, -9.9],
			"to": [2.9, 9.725, -3.9],
			"rotation": {"angle": 0, "axis": "y", "origin": [0, 0, -1]},
			"faces": {
				"south": {"uv": [13.5, 1, 14, 1.5], "texture": "#2"},
				"west": {"uv": [13.5, 1, 14, 1.5], "texture": "#2"}
			}
		},
		{
			"from": [-9.8, -1.975, -9.9],
			"to": [-7.9, 9.725, -3.9],
			"rotation": {"angle": 0, "axis": "y", "origin": [0, 0, -1]},
			"faces": {
				"east": {"uv": [13.5, 1, 14, 1.5], "texture": "#2"},
				"south": {"uv": [13.5, 1, 14, 1.5], "texture": "#2"},
				"west": {"uv": [13.5, 1, 14, 1.5], "texture": "#2"}
			}
		},
		{
			"from": [-9.6, 7.725, -5.05],
			"to": [-8.1, 9.725, -4.2],
			"rotation": {"angle": 22.5, "axis": "x", "origin": [-8, 7, -3.9]},
			"faces": {
				"east": {"uv": [13.5, 1, 14, 1.5], "texture": "#2"},
				"south": {"uv": [13.5, 1, 14, 1.5], "texture": "#2"},
				"west": {"uv": [13.5, 1, 14, 1.5], "texture": "#2"},
				"up": {"uv": [13.5, 1, 14, 1.5], "texture": "#2"}
			}
		},
		{
			"from": [1.2, 7.725, -5.05],
			"to": [2.7, 9.725, -4.2],
			"rotation": {"angle": 22.5, "axis": "x", "origin": [-8, 7, -3.9]},
			"faces": {
				"east": {"uv": [13.5, 1, 14, 1.5], "texture": "#2"},
				"south": {"uv": [13.5, 1, 14, 1.5], "texture": "#2"},
				"west": {"uv": [13.5, 1, 14, 1.5], "texture": "#2"},
				"up": {"uv": [13.5, 1, 14, 1.5], "texture": "#2"}
			}
		},
		{
			"from": [-10.2, 14, -9],
			"to": [-9.2, 17, -8.2],
			"rotation": {"angle": 22.5, "axis": "y", "origin": [-10, 15, -9]},
			"faces": {
				"east": {"uv": [13.5, 0, 14, 0.5], "texture": "#2"},
				"south": {"uv": [13.5, 0, 14, 0.5], "texture": "#2"},
				"west": {"uv": [13.5, 0, 14, 0.5], "texture": "#2"},
				"up": {"uv": [13.5, 0, 14, 0.5], "texture": "#2"},
				"down": {"uv": [13.5, 0, 14, 0.5], "texture": "#2"}
			}
		},
		{
			"from": [-9.3, 9.725, -4.65],
			"to": [-9, 9.825, -4.35],
			"rotation": {"angle": 22.5, "axis": "x", "origin": [-8, 7, -3.9]},
			"faces": {
				"north": {"uv": [11.5, 1, 12, 1.5], "texture": "#2"},
				"east": {"uv": [11.5, 1, 12, 1.5], "texture": "#2"},
				"south": {"uv": [11.5, 1, 12, 1.5], "texture": "#2"},
				"west": {"uv": [11.5, 1, 12, 1.5], "texture": "#2"},
				"up": {"uv": [12.5, 1, 13, 1.5], "texture": "#2"}
			}
		},
		{
			"from": [-8.7, 9.725, -4.65],
			"to": [-8.4, 9.825, -4.35],
			"rotation": {"angle": 22.5, "axis": "x", "origin": [-8, 7, -3.9]},
			"faces": {
				"north": {"uv": [11.5, 1, 12, 1.5], "texture": "#2"},
				"east": {"uv": [11.5, 1, 12, 1.5], "texture": "#2"},
				"south": {"uv": [11.5, 1, 12, 1.5], "texture": "#2"},
				"west": {"uv": [11.5, 1, 12, 1.5], "texture": "#2"},
				"up": {"uv": [12.5, 1, 13, 1.5], "texture": "#2"}
			}
		},
		{
			"from": [1.5, 9.725, -4.65],
			"to": [1.8, 9.825, -4.35],
			"rotation": {"angle": 22.5, "axis": "x", "origin": [-8, 7, -3.9]},
			"faces": {
				"north": {"uv": [11.5, 1, 12, 1.5], "texture": "#2"},
				"east": {"uv": [11.5, 1, 12, 1.5], "texture": "#2"},
				"south": {"uv": [11.5, 1, 12, 1.5], "texture": "#2"},
				"west": {"uv": [11.5, 1, 12, 1.5], "texture": "#2"},
				"up": {"uv": [12.5, 1, 13, 1.5], "texture": "#2"}
			}
		},
		{
			"from": [2.1, 9.725, -4.65],
			"to": [2.4, 9.825, -4.35],
			"rotation": {"angle": 22.5, "axis": "x", "origin": [-8, 7, -3.9]},
			"faces": {
				"north": {"uv": [11.5, 1, 12, 1.5], "texture": "#2"},
				"east": {"uv": [11.5, 1, 12, 1.5], "texture": "#2"},
				"south": {"uv": [11.5, 1, 12, 1.5], "texture": "#2"},
				"west": {"uv": [11.5, 1, 12, 1.5], "texture": "#2"},
				"up": {"uv": [12.5, 1, 13, 1.5], "texture": "#2"}
			}
		},
		{
			"from": [-5.1, 10.3, -8],
			"to": [-2.8, 12.6, -7.8],
			"rotation": {"angle": -22.5, "axis": "x", "origin": [-6, 13, -8]},
			"faces": {
				"east": {"uv": [10.5, 1, 11, 1.5], "rotation": 270, "texture": "#2"},
				"south": {"uv": [11.5, 11.5, 16, 16], "texture": "#2"},
				"west": {"uv": [10.5, 1, 11, 1.5], "rotation": 90, "texture": "#2"},
				"up": {"uv": [10.5, 1, 11, 1.5], "rotation": 180, "texture": "#2"},
				"down": {"uv": [10.5, 1, 11, 1.5], "texture": "#2"}
			}
		},
		{
			"from": [-7.9, 0.4, -3.6],
			"to": [-1, 1.2, 0.7],
			"rotation": {"angle": 22.5, "axis": "x", "origin": [-6, 13, -8]},
			"faces": {
				"north": {"uv": [10.5, 1, 11, 1.5], "texture": "#2"},
				"south": {"uv": [10.5, 1, 11, 1.5], "texture": "#2"},
				"up": {"uv": [14.5, 5.5, 16, 11.5], "texture": "#2"}
			}
		},
		{
			"from": [1, -2, -9],
			"to": [2, 25, -3.8],
			"rotation": {"angle": 22.5, "axis": "y", "origin": [1, 0, -9]},
			"faces": {
				"east": {"uv": [13.5, 0, 14, 0.5], "texture": "#2"},
				"west": {"uv": [13.5, 0, 14, 0.5], "texture": "#2"},
				"up": {"uv": [13.5, 0, 14, 0.5], "texture": "#2"}
			}
		},
		{
			"from": [2.9, -2, -4.6],
			"to": [3.9, 25, -2.4],
			"rotation": {"angle": 0, "axis": "y", "origin": [1, 0, -9]},
			"faces": {
				"east": {"uv": [13.5, 0, 14, 0.5], "texture": "#2"},
				"south": {"uv": [13.5, 0, 14, 0.5], "texture": "#2"},
				"west": {"uv": [13.5, 0, 14, 0.5], "texture": "#2"},
				"up": {"uv": [13.5, 0, 14, 0.5], "texture": "#2"}
			}
		},
		{
			"name": "backrest",
			"from": [-7, 5, 2.9],
			"to": [-1, 15, 3.9],
			"rotation": {"angle": 0, "axis": "y", "origin": [20, 0, 11]},
			"faces": {
				"north": {"uv": [12.5, 0, 15, 5], "texture": "#1"},
				"east": {"uv": [12.5, 0, 13, 5], "texture": "#1"},
				"south": {"uv": [12, 0, 12.5, 0.5], "texture": "#2"},
				"west": {"uv": [14.5, 0, 15, 5], "texture": "#1"},
				"up": {"uv": [12.5, 0.5, 15, 0], "rotation": 180, "texture": "#1"},
				"down": {"uv": [12.5, 0, 12, 0.5], "rotation": 180, "texture": "#2"}
			}
		},
		{
			"name": "seat",
			"from": [-7, 3, -2.1],
			"to": [-1, 5, 2.9],
			"rotation": {"angle": 0, "axis": "y", "origin": [20, 0, 11]},
			"faces": {
				"north": {"uv": [12.5, 4.5, 15, 5], "texture": "#1"},
				"east": {"uv": [12.5, 4, 15, 4.5], "texture": "#1"},
				"south": {"uv": [12, 0, 12.5, 0.5], "texture": "#2"},
				"west": {"uv": [12.5, 4, 15, 4.5], "texture": "#1"},
				"up": {"uv": [15, 4.5, 12.5, 2], "rotation": 180, "texture": "#1"},
				"down": {"uv": [12.5, 0, 12, 0.5], "rotation": 180, "texture": "#2"}
			}
		},
		{
			"name": "armrest",
			"from": [-1, 7, -0.1],
			"to": [0, 8, 3.9],
			"rotation": {"angle": 0, "axis": "y", "origin": [0, 7.5, -2.7]},
			"faces": {
				"north": {"uv": [12, 0, 12.5, 0.5], "texture": "#2"},
				"east": {"uv": [12, 0, 12.5, 0.5], "texture": "#2"},
				"south": {"uv": [12, 0, 12.5, 0.5], "texture": "#2"},
				"west": {"uv": [12, 0, 12.5, 0.5], "texture": "#2"},
				"up": {"uv": [12, 0, 12.5, 0.5], "texture": "#2"},
				"down": {"uv": [12, 0, 12.5, 0.5], "texture": "#2"}
			}
		},
		{
			"name": "armrest",
			"from": [-8, 7, -0.1],
			"to": [-7, 8, 3.9],
			"rotation": {"angle": 0, "axis": "y", "origin": [0, 7.5, -2.7]},
			"faces": {
				"north": {"uv": [12, 0, 12.5, 0.5], "texture": "#2"},
				"east": {"uv": [12, 0, 12.5, 0.5], "texture": "#2"},
				"south": {"uv": [12, 0, 12.5, 0.5], "texture": "#2"},
				"west": {"uv": [12, 0, 12.5, 0.5], "texture": "#2"},
				"up": {"uv": [12, 0, 12.5, 0.5], "texture": "#2"},
				"down": {"uv": [12, 0, 12.5, 0.5], "texture": "#2"}
			}
		},
		{
			"name": "armrest",
			"from": [-5, -2, -0.1],
			"to": [-3, 3, 1.9],
			"rotation": {"angle": 0, "axis": "y", "origin": [0, 7.5, -2.7]},
			"faces": {
				"north": {"uv": [12, 0, 12.5, 0.5], "texture": "#2"},
				"east": {"uv": [12, 0, 12.5, 0.5], "texture": "#2"},
				"south": {"uv": [12, 0, 12.5, 0.5], "texture": "#2"},
				"west": {"uv": [12, 0, 12.5, 0.5], "texture": "#2"},
				"up": {"uv": [12, 0, 12.5, 0.5], "texture": "#2"},
				"down": {"uv": [12, 0, 12.5, 0.5], "texture": "#2"}
			}
		},
		{
			"from": [5, -9, -14],
			"to": [11, -7.5, -10],
			"faces": {
				"north": {"uv": [10.5, 1, 11, 1.5], "texture": "#2"},
				"east": {"uv": [10.5, 1, 11, 1.5], "texture": "#2"},
				"south": {"uv": [10.5, 1, 11, 1.5], "texture": "#2"},
				"west": {"uv": [10.5, 1, 11, 1.5], "texture": "#2"},
				"up": {"uv": [10.5, 1, 11, 1.5], "texture": "#2"},
				"down": {"uv": [10.5, 1, 11, 1.5], "texture": "#2"}
			}
		},
		{
			"from": [6, -7.5, -13],
			"to": [10, -4, -10],
			"faces": {
				"north": {"uv": [10.5, 1, 11, 1.5], "texture": "#2"},
				"east": {"uv": [10.5, 1, 11, 1.5], "texture": "#2"},
				"south": {"uv": [10.5, 1, 11, 1.5], "texture": "#2"},
				"west": {"uv": [10.5, 1, 11, 1.5], "texture": "#2"},
				"up": {"uv": [10.5, 1, 11, 1.5], "texture": "#2"},
				"down": {"uv": [10.5, 1, 11, 1.5], "texture": "#2"}
			}
		},
		{
			"from": [7, -7.4, -15],
			"to": [8, -6.2, -13],
			"faces": {
				"north": {"uv": [10.5, 1, 11, 1.5], "texture": "#2"},
				"east": {"uv": [10.5, 1, 11, 1.5], "texture": "#2"},
				"south": {"uv": [10.5, 1, 11, 1.5], "texture": "#2"},
				"west": {"uv": [10.5, 1, 11, 1.5], "texture": "#2"},
				"up": {"uv": [10.5, 1, 11, 1.5], "texture": "#2"},
				"down": {"uv": [10.5, 1, 11, 1.5], "texture": "#2"}
			}
		},
		{
			"from": [8, -6.1, -15],
			"to": [9, -4.9, -13],
			"faces": {
				"north": {"uv": [10.5, 1, 11, 1.5], "texture": "#2"},
				"east": {"uv": [10.5, 1, 11, 1.5], "texture": "#2"},
				"south": {"uv": [10.5, 1, 11, 1.5], "texture": "#2"},
				"west": {"uv": [10.5, 1, 11, 1.5], "texture": "#2"},
				"up": {"uv": [10.5, 1, 11, 1.5], "texture": "#2"},
				"down": {"uv": [10.5, 1, 11, 1.5], "texture": "#2"}
			}
		},
		{
			"from": [6, -8, -10],
			"to": [10, -5, -5],
			"faces": {
				"north": {"uv": [10, 0, 10.5, 0.5], "texture": "#2"},
				"east": {"uv": [10, 0, 10.5, 0.5], "texture": "#2"},
				"south": {"uv": [10, 0, 10.5, 0.5], "texture": "#2"},
				"west": {"uv": [10, 0, 10.5, 0.5], "texture": "#2"},
				"up": {"uv": [10, 0, 10.5, 0.5], "texture": "#2"},
				"down": {"uv": [10, 0, 10.5, 0.5], "texture": "#2"}
			}
		},
		{
			"from": [6, -5, -8],
			"to": [10, -4, -4],
			"faces": {
				"north": {"uv": [10, 0, 10.5, 0.5], "texture": "#2"},
				"east": {"uv": [10, 0, 10.5, 0.5], "texture": "#2"},
				"south": {"uv": [10, 0, 10.5, 0.5], "texture": "#2"},
				"west": {"uv": [10, 0, 10.5, 0.5], "texture": "#2"},
				"up": {"uv": [10, 0, 10.5, 0.5], "texture": "#2"},
				"down": {"uv": [10, 0, 10.5, 0.5], "texture": "#2"}
			}
		}
	],
	"display": {
		"gui": {
			"rotation": [25, 135, 0],
			"translation": [0.75, 0.25, 0],
			"scale": [0.25, 0.25, 0.25]
		},
		"head": {
			"scale": [2, 2, 2]
		}
	},
	"groups": [
		{
			"name": "Front",
			"origin": [0, 0, 0],
			"color": 0,
			"children": [
				0,
				{
					"name": "Bumper",
					"origin": [0, 0, 0],
					"color": 0,
					"children": [1, 2, 3, 4, 5, 6, 7, 8, 9, 10, 11, 12, 13, 14, 15, 16, 17, 18, 19]
				},
				{
					"name": "Paneling",
					"origin": [0, 0, 0],
					"color": 0,
					"children": [20, 21, 22, 23, 24, 25, 26, 27, 28, 29, 30, 31, 32, 33, 34, 35, 36, 37, 38, 39, 40, 41, 42, 43, 44, 45, 46]
				},
				{
					"name": "Windows",
					"origin": [0, 0, 0],
					"color": 0,
					"children": [47, 48, 49, 50, 51, 52, 53, 54, 55, 56, 57, 58, 59, 60]
				},
				{
					"name": "Door",
					"origin": [0, 0, 0],
					"color": 0,
					"children": [61, 62, 63, 64, 65, 66, 67, 68, 69, 70, 71, 72]
				}
			]
		},
		{
			"name": "Body",
			"origin": [8, 8, 8],
			"color": 0,
			"children": [
				{
					"name": "Floor",
					"origin": [0, 0, 0],
					"color": 0,
					"children": [73, 74, 75]
				},
				{
					"name": "Roof",
					"origin": [0, 0, 0],
					"color": 0,
					"children": [76, 77, 78, 79, 80, 81, 82, 83, 84, 85, 86, 87, 88]
				},
				{
					"name": "group",
					"origin": [0, 0, 0],
					"color": 0,
					"children": [89, 90, 91, 92, 93, 94, 95, 96, 97, 98, 99, 100, 101]
				},
				{
					"name": "group",
					"origin": [0, 0, 0],
					"color": 0,
					"children": [102, 103, 104, 105, 106, 107, 108, 109, 110, 111, 112, 113, 114]
				},
				{
					"name": "group",
					"origin": [0, 0, 0],
					"color": 0,
					"children": [115, 116, 117]
				},
				{
					"name": "group",
					"origin": [0, 0, 0],
					"color": 0,
					"children": [118, 119, 120]
				}
			]
		},
		121,
		{
			"name": "Partitions",
			"origin": [26, 21, 0],
			"color": 0,
			"children": [
				{
					"name": "group",
					"origin": [26, 21, 0],
					"color": 0,
					"children": [122, 123, 124, 125, 126, 127, 128, 129, 130, 131, 132, 133, 134]
				},
				{
					"name": "group",
					"origin": [26, 21, 0],
					"color": 0,
					"children": [135, 136, 137, 138, 139, 140]
				}
			]
		},
		{
			"name": "Cab",
			"origin": [8, 8, 8],
			"color": 0,
			"children": [
				{
					"name": "DrivingDesk",
					"origin": [-6, 13, -7],
					"color": 0,
					"children": [141, 142, 143, 144, 145, 146, 147, 148]
				},
				{
					"name": "Controls",
					"origin": [-6, 13, -7],
					"color": 0,
					"children": [149, 150, 151, 152, 153, 154]
				},
				{
					"name": "group",
					"origin": [1, 0, -9],
					"color": 0,
					"children": [155, 156]
				},
				{
					"name": "Seat",
					"origin": [8, 8, 8],
					"color": 0,
					"children": [157, 158, 159, 160, 161]
				}
			]
		},
		{
			"name": "Coupling",
			"origin": [8, 8, 8],
			"color": 0,
			"children": [162, 163, 164, 165, 166, 167]
		}
	]
}