{
	"format_version": "1.21.11",
	"credit": "Made with Blockbench",
	"texture_size": [32, 32],
	"textures": {
		"1": "item/amalon/tc/c158/front",
		"2": "item/amalon/tc/c158/base",
		"particle": "item/amalon/tc/c158/base"
	},
	"elements": [
		{
			"name": "backrest",
			"from": [-9, 5, -3.2],
			"to": [-3, 15, -2.2],
			"rotation": {"angle": 0, "axis": "y", "origin": [0, 7.5, -2.7]},
			"faces": {
				"north": {"uv": [12, 0, 12.5, 0.5], "texture": "#2"},
				"east": {"uv": [14.5, 0, 15, 5], "texture": "#1"},
				"south": {"uv": [12.5, 0, 15, 5], "texture": "#1"},
				"west": {"uv": [12.5, 0, 13, 5], "texture": "#1"},
				"up": {"uv": [12.5, 0.5, 15, 0], "texture": "#1"},
				"down": {"uv": [12.5, 0, 12, 0.5], "texture": "#2"}
			}
		},
		{
			"name": "seat",
			"from": [-9, 3, -2.2],
			"to": [-3, 5, 2.8],
			"rotation": {"angle": 0, "axis": "y", "origin": [0, 7.5, -2.7]},
			"faces": {
				"north": {"uv": [12, 0, 12.5, 0.5], "texture": "#2"},
				"east": {"uv": [12.5, 4, 15, 4.5], "texture": "#1"},
				"south": {"uv": [12.5, 4.5, 15, 5], "texture": "#1"},
				"west": {"uv": [12.5, 4, 15, 4.5], "texture": "#1"},
				"up": {"uv": [15, 4.5, 12.5, 2], "texture": "#1"},
				"down": {"uv": [12.5, 0, 12, 0.5], "texture": "#2"}
			}
		},
		{
			"name": "armrest",
			"from": [-10, 7, -3.2],
			"to": [-9, 8, 0.8],
			"rotation": {"angle": 0, "axis": "y", "origin": [0, 7.5, -2.7]},
			"faces": {
				"north": {"uv": [12, 0, 12.5, 0.5], "texture": "#2"},
				"east": {"uv": [12, 0, 12.5, 0.5], "texture": "#2"},
				"south": {"uv": [12, 0, 12.5, 0.5], "texture": "#2"},
				"west": {"uv": [12, 0, 12.5, 0.5], "texture": "#2"},
				"up": {"uv": [12, 0, 12.5, 0.5], "texture": "#2"},
				"down": {"uv": [12, 0, 12.5, 0.5], "texture": "#2"}
			}
		},
		{
			"name": "armrest",
			"from": [-3, 7, -3.2],
			"to": [-2, 11, -2.2],
			"rotation": {"angle": 0, "axis": "x", "origin": [-3, 7.5, -2.7]},
			"faces": {
				"north": {"uv": [12, 0, 12.5, 0.5], "rotation": 180, "texture": "#2"},
				"east": {"uv": [12, 0, 12.5, 0.5], "rotation": 90, "texture": "#2"},
				"south": {"uv": [12, 0, 12.5, 0.5], "texture": "#2"},
				"west": {"uv": [12, 0, 12.5, 0.5], "rotation": 270, "texture": "#2"},
				"up": {"uv": [12, 0, 12.5, 0.5], "texture": "#2"},
				"down": {"uv": [12, 0, 12.5, 0.5], "rotation": 180, "texture": "#2"}
			}
		},
		{
			"name": "backrest",
			"from": [-2, 5, -3.2],
			"to": [4, 15, -2.2],
			"faces": {
				"north": {"uv": [12, 0, 12.5, 0.5], "texture": "#2"},
				"east": {"uv": [14.5, 0, 15, 5], "texture": "#1"},
				"south": {"uv": [12.5, 0, 15, 5], "texture": "#1"},
				"west": {"uv": [12.5, 0, 13, 5], "texture": "#1"},
				"up": {"uv": [12.5, 0.5, 15, 0], "texture": "#1"},
				"down": {"uv": [12.5, 0, 12, 0.5], "texture": "#2"}
			}
		},
		{
			"name": "seat",
			"from": [-2, 3, -2.2],
			"to": [4, 5, 2.8],
			"faces": {
				"north": {"uv": [12, 0, 12.5, 0.5], "texture": "#2"},
				"east": {"uv": [12.5, 4, 15, 4.5], "texture": "#1"},
				"south": {"uv": [12.5, 4.5, 15, 5], "texture": "#1"},
				"west": {"uv": [12.5, 4, 15, 4.5], "texture": "#1"},
				"up": {"uv": [15, 4.5, 12.5, 2], "texture": "#1"},
				"down": {"uv": [12.5, 0, 12, 0.5], "texture": "#2"}
			}
		},
		{
			"name": "armrest",
			"from": [4, 7, -3.2],
			"to": [5, 11, -2.2],
			"rotation": {"angle": 0, "axis": "x", "origin": [-3, 7.5, -2.7]},
			"faces": {
				"north": {"uv": [12, 0, 12.5, 0.5], "rotation": 180, "texture": "#2"},
				"east": {"uv": [12, 0, 12.5, 0.5], "rotation": 90, "texture": "#2"},
				"south": {"uv": [12, 0, 12.5, 0.5], "texture": "#2"},
				"west": {"uv": [12, 0, 12.5, 0.5], "rotation": 270, "texture": "#2"},
				"up": {"uv": [12, 0, 12.5, 0.5], "texture": "#2"},
				"down": {"uv": [12, 0, 12.5, 0.5], "rotation": 180, "texture": "#2"}
			}
		},
		{
			"name": "armrest",
			"from": [11, 7, -3.2],
			"to": [12, 11, -2.2],
			"rotation": {"angle": 0, "axis": "x", "origin": [-3, 7.5, -2.7]},
			"faces": {
				"north": {"uv": [12, 0, 12.5, 0.5], "rotation": 180, "texture": "#2"},
				"east": {"uv": [12, 0, 12.5, 0.5], "rotation": 90, "texture": "#2"},
				"south": {"uv": [12, 0, 12.5, 0.5], "texture": "#2"},
				"west": {"uv": [12, 0, 12.5, 0.5], "rotation": 270, "texture": "#2"},
				"up": {"uv": [12, 0, 12.5, 0.5], "texture": "#2"},
				"down": {"uv": [12, 0, 12.5, 0.5], "rotation": 180, "texture": "#2"}
			}
		},
		{
			"name": "backrest",
			"from": [12, 5, -3.2],
			"to": [18, 15, -2.2],
			"faces": {
				"north": {"uv": [12, 0, 12.5, 0.5], "texture": "#2"},
				"east": {"uv": [14.5, 0, 15, 5], "texture": "#1"},
				"south": {"uv": [12.5, 0, 15, 5], "texture": "#1"},
				"west": {"uv": [12.5, 0, 13, 5], "texture": "#1"},
				"up": {"uv": [12.5, 0.5, 15, 0], "texture": "#1"},
				"down": {"uv": [12.5, 0, 12, 0.5], "texture": "#2"}
			}
		},
		{
			"name": "seat",
			"from": [12, 3, -2.2],
			"to": [18, 5, 2.8],
			"faces": {
				"north": {"uv": [12, 0, 12.5, 0.5], "texture": "#2"},
				"east": {"uv": [12.5, 4, 15, 4.5], "texture": "#1"},
				"south": {"uv": [12.5, 4.5, 15, 5], "texture": "#1"},
				"west": {"uv": [12.5, 4, 15, 4.5], "texture": "#1"},
				"up": {"uv": [15, 4.5, 12.5, 2], "texture": "#1"},
				"down": {"uv": [12.5, 0, 12, 0.5], "texture": "#2"}
			}
		},
		{
			"name": "backrest",
			"from": [19, 5, -3.2],
			"to": [25, 15, -2.2],
			"faces": {
				"north": {"uv": [12, 0, 12.5, 0.5], "texture": "#2"},
				"east": {"uv": [14.5, 0, 15, 5], "texture": "#1"},
				"south": {"uv": [12.5, 0, 15, 5], "texture": "#1"},
				"west": {"uv": [12.5, 0, 13, 5], "texture": "#1"},
				"up": {"uv": [12.5, 0.5, 15, 0], "texture": "#1"},
				"down": {"uv": [12.5, 0, 12, 0.5], "texture": "#2"}
			}
		},
		{
			"name": "seat",
			"from": [19, 3, -2.2],
			"to": [25, 5, 2.8],
			"faces": {
				"north": {"uv": [12, 0, 12.5, 0.5], "texture": "#2"},
				"east": {"uv": [12.5, 4, 15, 4.5], "texture": "#1"},
				"south": {"uv": [12.5, 4.5, 15, 5], "texture": "#1"},
				"west": {"uv": [12.5, 4, 15, 4.5], "texture": "#1"},
				"up": {"uv": [15, 4.5, 12.5, 2], "texture": "#1"},
				"down": {"uv": [12.5, 0, 12, 0.5], "texture": "#2"}
			}
		},
		{
			"name": "armrest",
			"from": [18, 7, -3.2],
			"to": [19, 11, -2.2],
			"rotation": {"angle": 0, "axis": "x", "origin": [-3, 7.5, -2.7]},
			"faces": {
				"north": {"uv": [12, 0, 12.5, 0.5], "rotation": 180, "texture": "#2"},
				"east": {"uv": [12, 0, 12.5, 0.5], "rotation": 90, "texture": "#2"},
				"south": {"uv": [12, 0, 12.5, 0.5], "texture": "#2"},
				"west": {"uv": [12, 0, 12.5, 0.5], "rotation": 270, "texture": "#2"},
				"up": {"uv": [12, 0, 12.5, 0.5], "texture": "#2"},
				"down": {"uv": [12, 0, 12.5, 0.5], "rotation": 180, "texture": "#2"}
			}
		},
		{
			"name": "armrest",
			"from": [25, 7, -3.2],
			"to": [26, 8, 0.8],
			"rotation": {"angle": 0, "axis": "x", "origin": [-3, 7.5, -2.7]},
			"faces": {
				"north": {"uv": [12, 0, 12.5, 0.5], "texture": "#2"},
				"east": {"uv": [12, 0, 12.5, 0.5], "texture": "#2"},
				"south": {"uv": [12, 0, 12.5, 0.5], "texture": "#2"},
				"west": {"uv": [12, 0, 12.5, 0.5], "texture": "#2"},
				"up": {"uv": [12, 0, 12.5, 0.5], "texture": "#2"},
				"down": {"uv": [12, 0, 12.5, 0.5], "texture": "#2"}
			}
		},
		{
			"name": "backrest",
			"from": [-9, 5, 18.2],
			"to": [-3, 15, 19.2],
			"rotation": {"angle": 0, "axis": "y", "origin": [20, 0, 11]},
			"faces": {
				"north": {"uv": [12.5, 0, 15, 5], "texture": "#1"},
				"east": {"uv": [12.5, 0, 13, 5], "texture": "#1"},
				"south": {"uv": [12, 0, 12.5, 0.5], "texture": "#2"},
				"west": {"uv": [14.5, 0, 15, 5], "texture": "#1"},
				"up": {"uv": [12.5, 0.5, 15, 0], "rotation": 180, "texture": "#1"},
				"down": {"uv": [12.5, 0, 12, 0.5], "rotation": 180, "texture": "#2"}
			}
		},
		{
			"name": "seat",
			"from": [-9, 3, 13.2],
			"to": [-3, 5, 18.2],
			"rotation": {"angle": 0, "axis": "y", "origin": [20, 0, 11]},
			"faces": {
				"north": {"uv": [12.5, 4.5, 15, 5], "texture": "#1"},
				"east": {"uv": [12.5, 4, 15, 4.5], "texture": "#1"},
				"south": {"uv": [12, 0, 12.5, 0.5], "texture": "#2"},
				"west": {"uv": [12.5, 4, 15, 4.5], "texture": "#1"},
				"up": {"uv": [15, 4.5, 12.5, 2], "rotation": 180, "texture": "#1"},
				"down": {"uv": [12.5, 0, 12, 0.5], "rotation": 180, "texture": "#2"}
			}
		},
		{
			"name": "armrest",
			"from": [-10, 7, 15.2],
			"to": [-9, 8, 19.2],
			"rotation": {"angle": 0, "axis": "y", "origin": [0, 7.5, -2.7]},
			"faces": {
				"north": {"uv": [12, 0, 12.5, 0.5], "texture": "#2"},
				"east": {"uv": [12, 0, 12.5, 0.5], "texture": "#2"},
				"south": {"uv": [12, 0, 12.5, 0.5], "texture": "#2"},
				"west": {"uv": [12, 0, 12.5, 0.5], "texture": "#2"},
				"up": {"uv": [12, 0, 12.5, 0.5], "texture": "#2"},
				"down": {"uv": [12, 0, 12.5, 0.5], "texture": "#2"}
			}
		},
		{
			"name": "armrest",
			"from": [-3, 7, 18.2],
			"to": [-2, 11, 19.2],
			"rotation": {"angle": 0, "axis": "x", "origin": [0, 7.5, 18.7]},
			"faces": {
				"north": {"uv": [12, 0, 12.5, 0.5], "rotation": 180, "texture": "#2"},
				"east": {"uv": [12, 0, 12.5, 0.5], "rotation": 270, "texture": "#2"},
				"south": {"uv": [12, 0, 12.5, 0.5], "texture": "#2"},
				"west": {"uv": [12, 0, 12.5, 0.5], "rotation": 90, "texture": "#2"},
				"up": {"uv": [12, 0, 12.5, 0.5], "rotation": 180, "texture": "#2"},
				"down": {"uv": [12, 0, 12.5, 0.5], "texture": "#2"}
			}
		},
		{
			"name": "backrest",
			"from": [-2, 5, 18.2],
			"to": [4, 15, 19.2],
			"rotation": {"angle": 0, "axis": "y", "origin": [20, 0, 11]},
			"faces": {
				"north": {"uv": [12.5, 0, 15, 5], "texture": "#1"},
				"east": {"uv": [12.5, 0, 13, 5], "texture": "#1"},
				"south": {"uv": [12, 0, 12.5, 0.5], "texture": "#2"},
				"west": {"uv": [14.5, 0, 15, 5], "texture": "#1"},
				"up": {"uv": [12.5, 0.5, 15, 0], "rotation": 180, "texture": "#1"},
				"down": {"uv": [12.5, 0, 12, 0.5], "rotation": 180, "texture": "#2"}
			}
		},
		{
			"name": "seat",
			"from": [-2, 3, 13.2],
			"to": [4, 5, 18.2],
			"rotation": {"angle": 0, "axis": "y", "origin": [20, 0, 11]},
			"faces": {
				"north": {"uv": [12.5, 4.5, 15, 5], "texture": "#1"},
				"east": {"uv": [12.5, 4, 15, 4.5], "texture": "#1"},
				"south": {"uv": [12, 0, 12.5, 0.5], "texture": "#2"},
				"west": {"uv": [12.5, 4, 15, 4.5], "texture": "#1"},
				"up": {"uv": [15, 4.5, 12.5, 2], "rotation": 180, "texture": "#1"},
				"down": {"uv": [12.5, 0, 12, 0.5], "rotation": 180, "texture": "#2"}
			}
		},
		{
			"name": "armrest",
			"from": [4, 7, 18.2],
			"to": [5, 11, 19.2],
			"rotation": {"angle": 0, "axis": "x", "origin": [0, 7.5, 18.7]},
			"faces": {
				"north": {"uv": [12, 0, 12.5, 0.5], "rotation": 180, "texture": "#2"},
				"east": {"uv": [12, 0, 12.5, 0.5], "rotation": 270, "texture": "#2"},
				"south": {"uv": [12, 0, 12.5, 0.5], "texture": "#2"},
				"west": {"uv": [12, 0, 12.5, 0.5], "rotation": 90, "texture": "#2"},
				"up": {"uv": [12, 0, 12.5, 0.5], "rotation": 180, "texture": "#2"},
				"down": {"uv": [12, 0, 12.5, 0.5], "texture": "#2"}
			}
		},
		{
			"name": "backrest",
			"from": [12, 5, 18.2],
			"to": [18, 15, 19.2],
			"rotation": {"angle": 0, "axis": "y", "origin": [20, 0, 11]},
			"faces": {
				"north": {"uv": [12.5, 0, 15, 5], "texture": "#1"},
				"east": {"uv": [12.5, 0, 13, 5], "texture": "#1"},
				"south": {"uv": [12, 0, 12.5, 0.5], "texture": "#2"},
				"west": {"uv": [14.5, 0, 15, 5], "texture": "#1"},
				"up": {"uv": [12.5, 0.5, 15, 0], "rotation": 180, "texture": "#1"},
				"down": {"uv": [12.5, 0, 12, 0.5], "rotation": 180, "texture": "#2"}
			}
		},
		{
			"name": "seat",
			"from": [12, 3, 13.2],
			"to": [18, 5, 18.2],
			"rotation": {"angle": 0, "axis": "y", "origin": [20, 0, 11]},
			"faces": {
				"north": {"uv": [12.5, 4.5, 15, 5], "texture": "#1"},
				"east": {"uv": [12.5, 4, 15, 4.5], "texture": "#1"},
				"south": {"uv": [12, 0, 12.5, 0.5], "texture": "#2"},
				"west": {"uv": [12.5, 4, 15, 4.5], "texture": "#1"},
				"up": {"uv": [15, 4.5, 12.5, 2], "rotation": 180, "texture": "#1"},
				"down": {"uv": [12.5, 0, 12, 0.5], "rotation": 180, "texture": "#2"}
			}
		},
		{
			"name": "armrest",
			"from": [11, 7, 18.2],
			"to": [12, 11, 19.2],
			"rotation": {"angle": 0, "axis": "x", "origin": [0, 7.5, 18.7]},
			"faces": {
				"north": {"uv": [12, 0, 12.5, 0.5], "rotation": 180, "texture": "#2"},
				"east": {"uv": [12, 0, 12.5, 0.5], "rotation": 270, "texture": "#2"},
				"south": {"uv": [12, 0, 12.5, 0.5], "texture": "#2"},
				"west": {"uv": [12, 0, 12.5, 0.5], "rotation": 90, "texture": "#2"},
				"up": {"uv": [12, 0, 12.5, 0.5], "rotation": 180, "texture": "#2"},
				"down": {"uv": [12, 0, 12.5, 0.5], "texture": "#2"}
			}
		},
		{
			"name": "backrest",
			"from": [19, 5, 18.2],
			"to": [25, 15, 19.2],
			"rotation": {"angle": 0, "axis": "y", "origin": [20, 0, 11]},
			"faces": {
				"north": {"uv": [12.5, 0, 15, 5], "texture": "#1"},
				"east": {"uv": [12.5, 0, 13, 5], "texture": "#1"},
				"south": {"uv": [12, 0, 12.5, 0.5], "texture": "#2"},
				"west": {"uv": [14.5, 0, 15, 5], "texture": "#1"},
				"up": {"uv": [12.5, 0.5, 15, 0], "rotation": 180, "texture": "#1"},
				"down": {"uv": [12.5, 0, 12, 0.5], "rotation": 180, "texture": "#2"}
			}
		},
		{
			"name": "seat",
			"from": [19, 3, 13.2],
			"to": [25, 5, 18.2],
			"rotation": {"angle": 0, "axis": "y", "origin": [20, 0, 11]},
			"faces": {
				"north": {"uv": [12.5, 4.5, 15, 5], "texture": "#1"},
				"east": {"uv": [12.5, 4, 15, 4.5], "texture": "#1"},
				"south": {"uv": [12, 0, 12.5, 0.5], "texture": "#2"},
				"west": {"uv": [12.5, 4, 15, 4.5], "texture": "#1"},
				"up": {"uv": [15, 4.5, 12.5, 2], "rotation": 180, "texture": "#1"},
				"down": {"uv": [12.5, 0, 12, 0.5], "rotation": 180, "texture": "#2"}
			}
		},
		{
			"name": "armrest",
			"from": [18, 7, 18.2],
			"to": [19, 11, 19.2],
			"rotation": {"angle": 0, "axis": "x", "origin": [0, 7.5, 18.7]},
			"faces": {
				"north": {"uv": [12, 0, 12.5, 0.5], "rotation": 180, "texture": "#2"},
				"east": {"uv": [12, 0, 12.5, 0.5], "rotation": 270, "texture": "#2"},
				"south": {"uv": [12, 0, 12.5, 0.5], "texture": "#2"},
				"west": {"uv": [12, 0, 12.5, 0.5], "rotation": 90, "texture": "#2"},
				"up": {"uv": [12, 0, 12.5, 0.5], "rotation": 180, "texture": "#2"},
				"down": {"uv": [12, 0, 12.5, 0.5], "texture": "#2"}
			}
		},
		{
			"name": "armrest",
			"from": [25, 7, 15.2],
			"to": [26, 8, 19.2],
			"rotation": {"angle": 0, "axis": "y", "origin": [0, 7.5, -2.7]},
			"faces": {
				"north": {"uv": [12, 0, 12.5, 0.5], "texture": "#2"},
				"east": {"uv": [12, 0, 12.5, 0.5], "texture": "#2"},
				"south": {"uv": [12, 0, 12.5, 0.5], "texture": "#2"},
				"west": {"uv": [12, 0, 12.5, 0.5], "texture": "#2"},
				"up": {"uv": [12, 0, 12.5, 0.5], "texture": "#2"},
				"down": {"uv": [12, 0, 12.5, 0.5], "texture": "#2"}
			}
		},
		{
			"name": "Support",
			"from": [-4, -2, -1.5],
			"to": [3, 1, 2.5],
			"faces": {
				"north": {"uv": [13.5, 15, 14, 15.5], "texture": "#1"},
				"east": {"uv": [13.5, 15, 14, 15.5], "texture": "#1"},
				"south": {"uv": [13.5, 15, 14, 15.5], "texture": "#1"},
				"west": {"uv": [13.5, 15, 14, 15.5], "texture": "#1"},
				"up": {"uv": [13.5, 15, 14, 15.5], "texture": "#1"}
			}
		},
		{
			"name": "Support",
			"from": [13, -2, -1.5],
			"to": [20, 1, 2.5],
			"faces": {
				"north": {"uv": [13.5, 15, 14, 15.5], "texture": "#1"},
				"east": {"uv": [13.5, 15, 14, 15.5], "texture": "#1"},
				"south": {"uv": [13.5, 15, 14, 15.5], "texture": "#1"},
				"west": {"uv": [13.5, 15, 14, 15.5], "texture": "#1"},
				"up": {"uv": [13.5, 15, 14, 15.5], "texture": "#1"}
			}
		},
		{
			"name": "Support",
			"from": [13, -2, 13.5],
			"to": [20, 1, 17.5],
			"faces": {
				"north": {"uv": [13.5, 15, 14, 15.5], "texture": "#1"},
				"east": {"uv": [13.5, 15, 14, 15.5], "texture": "#1"},
				"south": {"uv": [13.5, 15, 14, 15.5], "texture": "#1"},
				"west": {"uv": [13.5, 15, 14, 15.5], "texture": "#1"},
				"up": {"uv": [13.5, 15, 14, 15.5], "texture": "#1"}
			}
		},
		{
			"name": "Support",
			"from": [-4, -2, 13.5],
			"to": [3, 1, 17.5],
			"faces": {
				"north": {"uv": [13.5, 15, 14, 15.5], "texture": "#1"},
				"east": {"uv": [13.5, 15, 14, 15.5], "texture": "#1"},
				"south": {"uv": [13.5, 15, 14, 15.5], "texture": "#1"},
				"west": {"uv": [13.5, 15, 14, 15.5], "texture": "#1"},
				"up": {"uv": [13.5, 15, 14, 15.5], "texture": "#1"}
			}
		},
		{
			"name": "Support",
			"from": [20, -2, 14.5],
			"to": [24, 1, 16.5],
			"faces": {
				"north": {"uv": [13.5, 15, 14, 15.5], "texture": "#1"},
				"south": {"uv": [13.5, 15, 14, 15.5], "texture": "#1"},
				"up": {"uv": [13.5, 15, 14, 15.5], "texture": "#1"}
			}
		},
		{
			"name": "Support",
			"from": [20, -2, -0.5],
			"to": [24, 1, 1.5],
			"faces": {
				"north": {"uv": [13.5, 15, 14, 15.5], "texture": "#1"},
				"south": {"uv": [13.5, 15, 14, 15.5], "texture": "#1"},
				"up": {"uv": [13.5, 15, 14, 15.5], "texture": "#1"}
			}
		},
		{
			"name": "Support",
			"from": [-8, -2, -0.5],
			"to": [-4, 1, 1.5],
			"faces": {
				"north": {"uv": [13.5, 15, 14, 15.5], "texture": "#1"},
				"south": {"uv": [13.5, 15, 14, 15.5], "texture": "#1"},
				"up": {"uv": [13.5, 15, 14, 15.5], "texture": "#1"}
			}
		},
		{
			"name": "Support",
			"from": [-8, -2, 14.5],
			"to": [-4, 1, 16.5],
			"faces": {
				"north": {"uv": [13.5, 15, 14, 15.5], "texture": "#1"},
				"south": {"uv": [13.5, 15, 14, 15.5], "texture": "#1"},
				"up": {"uv": [13.5, 15, 14, 15.5], "texture": "#1"}
			}
		},
		{
			"name": "Support",
			"from": [0, 1, 14.5],
			"to": [2, 3, 16.5],
			"faces": {
				"north": {"uv": [13.5, 15, 14, 15.5], "texture": "#1"},
				"east": {"uv": [13.5, 15, 14, 15.5], "texture": "#1"},
				"south": {"uv": [13.5, 15, 14, 15.5], "texture": "#1"},
				"west": {"uv": [13.5, 15, 14, 15.5], "texture": "#1"}
			}
		},
		{
			"name": "Support",
			"from": [0, 1, -0.5],
			"to": [2, 3, 1.5],
			"faces": {
				"north": {"uv": [13.5, 15, 14, 15.5], "texture": "#1"},
				"east": {"uv": [13.5, 15, 14, 15.5], "texture": "#1"},
				"south": {"uv": [13.5, 15, 14, 15.5], "texture": "#1"},
				"west": {"uv": [13.5, 15, 14, 15.5], "texture": "#1"}
			}
		},
		{
			"name": "Support",
			"from": [14, 1, -0.5],
			"to": [16, 3, 1.5],
			"faces": {
				"north": {"uv": [13.5, 15, 14, 15.5], "texture": "#1"},
				"east": {"uv": [13.5, 15, 14, 15.5], "texture": "#1"},
				"south": {"uv": [13.5, 15, 14, 15.5], "texture": "#1"},
				"west": {"uv": [13.5, 15, 14, 15.5], "texture": "#1"}
			}
		},
		{
			"name": "Support",
			"from": [14, 1, 14.5],
			"to": [16, 3, 16.5],
			"faces": {
				"north": {"uv": [13.5, 15, 14, 15.5], "texture": "#1"},
				"east": {"uv": [13.5, 15, 14, 15.5], "texture": "#1"},
				"south": {"uv": [13.5, 15, 14, 15.5], "texture": "#1"},
				"west": {"uv": [13.5, 15, 14, 15.5], "texture": "#1"}
			}
		},
		{
			"name": "Table",
			"from": [-10, 8, 3.5],
			"to": [5, 9, 12.5],
			"rotation": {"angle": 0, "axis": "y", "origin": [26, 21, 0]},
			"faces": {
				"north": {"uv": [12, 0, 12.5, 0.5], "texture": "#2"},
				"east": {"uv": [12, 0, 12.5, 0.5], "texture": "#2"},
				"south": {"uv": [12, 0, 12.5, 0.5], "texture": "#2"},
				"up": {"uv": [14, 0, 13.5, 0.5], "texture": "#2"},
				"down": {"uv": [12, 0, 12.5, 0.5], "texture": "#2"}
			}
		},
		{
			"name": "Leg",
			"from": [1, -2, 7.5],
			"to": [2, 8, 8.5],
			"rotation": {"angle": 0, "axis": "y", "origin": [26, 21, 0]},
			"faces": {
				"north": {"uv": [12, 0, 12.5, 0.5], "texture": "#2"},
				"east": {"uv": [12, 0, 12.5, 0.5], "texture": "#2"},
				"south": {"uv": [12, 0, 12.5, 0.5], "texture": "#2"},
				"west": {"uv": [12, 0, 12.5, 0.5], "texture": "#2"}
			}
		},
		{
			"name": "Table",
			"from": [11, 8, 3.5],
			"to": [26, 9, 12.5],
			"rotation": {"angle": 0, "axis": "y", "origin": [-10, 21, 0]},
			"faces": {
				"north": {"uv": [12.5, 0, 12, 0.5], "texture": "#2"},
				"south": {"uv": [12.5, 0, 12, 0.5], "texture": "#2"},
				"west": {"uv": [12.5, 0, 12, 0.5], "texture": "#2"},
				"up": {"uv": [13.5, 0, 14, 0.5], "texture": "#2"},
				"down": {"uv": [12.5, 0, 12, 0.5], "texture": "#2"}
			}
		},
		{
			"name": "Leg",
			"from": [14, -2, 7.5],
			"to": [15, 8, 8.5],
			"rotation": {"angle": 0, "axis": "y", "origin": [-10, 21, 0]},
			"faces": {
				"north": {"uv": [12.5, 0, 12, 0.5], "texture": "#2"},
				"east": {"uv": [12.5, 0, 12, 0.5], "texture": "#2"},
				"south": {"uv": [12.5, 0, 12, 0.5], "texture": "#2"},
				"west": {"uv": [12.5, 0, 12, 0.5], "texture": "#2"}
			}
		}
	],
	"display": {
		"gui": {
			"rotation": [25, 108, 0],
			"translation": [0, 0.25, 0],
			"scale": [0.5, 0.5, 0.5]
		},
		"head": {
			"scale": [2, 2, 2]
		}
	},
	"groups": [
		{
			"name": "Seating",
			"origin": [8, 8, 8],
			"color": 0,
			"children": [
				{
					"name": "Seat",
					"origin": [8, 8, 8],
					"color": 0,
					"children": [0, 1, 2, 3]
				},
				{
					"name": "Seat",
					"origin": [8, 8, 8],
					"color": 0,
					"children": [4, 5, 6]
				},
				{
					"name": "Seat",
					"origin": [8, 8, 8],
					"color": 0,
					"children": [7, 8, 9]
				},
				{
					"name": "Seat",
					"origin": [8, 8, 8],
					"color": 0,
					"children": [10, 11, 12, 13]
				},
				{
					"name": "Seat",
					"origin": [8, 8, 8],
					"color": 0,
					"children": [14, 15, 16, 17]
				},
				{
					"name": "Seat",
					"origin": [8, 8, 8],
					"color": 0,
					"children": [18, 19, 20]
				},
				{
					"name": "Seat",
					"origin": [8, 8, 8],
					"color": 0,
					"children": [21, 22, 23]
				},
				{
					"name": "Seat",
					"origin": [8, 8, 8],
					"color": 0,
					"children": [24, 25, 26, 27]
				},
				{
					"name": "Supports",
					"origin": [0, 0, 0],
					"color": 0,
					"children": [28, 29, 30, 31, 32, 33, 34, 35, 36, 37, 38, 39]
				}
			]
		},
		{
			"name": "Tables",
			"origin": [26, 21, 0],
			"color": 0,
			"children": [
				{
					"name": "Table",
					"origin": [26, 21, 0],
					"color": 0,
					"children": [40, 41]
				},
				{
					"name": "Table",
					"origin": [26, 21, 0],
					"color": 0,
					"children": [42, 43]
				}
			]
		}
	]
}