{
	"model": {
		"type": "minecraft:range_dispatch",
		"property": "minecraft:custom_model_data",
		"fallback": {
			"type": "minecraft:model",
			"model": "minecraft:item/golden_pickaxe"
		},
		"entries": [
			{
				"threshold": 1000,
				"model": {
					"type": "minecraft:model",
					"model": "item/amalon/tc/c158/front"
				}
			},
			{
				"threshold": 1001,
				"model": {
					"type": "minecraft:model",
					"model": "item/amalon/tc/c158/body1"
				}
			},
			{
				"threshold": 1002,
				"model": {
					"type": "minecraft:model",
					"model": "item/amalon/tc/c158/body2"
				}
			},
			{
				"threshold": 1003,
				"model": {
					"type": "minecraft:model",
					"model": "item/amalon/tc/c158/body3"
				}
			},
			{
				"threshold": 1004,
				"model": {
					"type": "minecraft:model",
					"model": "item/amalon/tc/c158/body4"
				}
			},
			{
				"threshold": 1005,
				"model": {
					"type": "minecraft:model",
					"model": "item/amalon/tc/c158/body5"
				}
			},
			{
				"threshold": 1006,
				"model": {
					"type": "minecraft:model",
					"model": "item/amalon/tc/c158/back"
				}
			},
			{
				"threshold": 1010,
				"model": {
					"type": "minecraft:model",
					"model": "item/amalon/tc/c158/door_left"
				}
			},
			{
				"threshold": 1011,
				"model": {
					"type": "minecraft:model",
					"model": "item/amalon/tc/c158/door_right"
				}
			},
			{
				"threshold": 1020,
				"model": {
					"type": "minecraft:model",
					"model": "item/amalon/tc/c158/interior_tables"
				}
			},
			{
				"threshold": 1030,
				"model": {
					"type": "minecraft:model",
					"model": "item/amalon/tc/c158/bogie"
				}
			},
			{
				"threshold": 1100,
				"model": {
					"type": "minecraft:model",
					"model": "item/amalon/tc/c158/gw/front"
				}
			},
			{
				"threshold": 1101,
				"model": {
					"type": "minecraft:model",
					"model": "item/amalon/tc/c158/gw/body1"
				}
			},
			{
				"threshold": 1102,
				"model": {
					"type": "minecraft:model",
					"model": "item/amalon/tc/c158/gw/body2"
				}
			},
			{
				"threshold": 1103,
				"model": {
					"type": "minecraft:model",
					"model": "item/amalon/tc/c158/gw/body3"
				}
			},
			{
				"threshold": 1104,
				"model": {
					"type": "minecraft:model",
					"model": "item/amalon/tc/c158/gw/body4"
				}
			},
			{
				"threshold": 1105,
				"model": {
					"type": "minecraft:model",
					"model": "item/amalon/tc/c158/gw/body5"
				}
			},
			{
				"threshold": 1106,
				"model": {
					"type": "minecraft:model",
					"model": "item/amalon/tc/c158/gw/back"
				}
			},
			{
				"threshold": 1110,
				"model": {
					"type": "minecraft:model",
					"model": "item/amalon/tc/c158/gw/door_left"
				}
			},
			{
				"threshold": 1111,
				"model": {
					"type": "minecraft:model",
					"model": "item/amalon/tc/c158/gw/door_right"
				}
			},
			{
				"threshold": 1120,
				"model": {
					"type": "minecraft:model",
					"model": "item/amalon/tc/c158/gw/interior_tables"
				}
			},
			{
				"threshold": 2000,
				"model": {
					"type": "minecraft:model",
					"model": "item/amalon/tc/metro/body_front"
				}
			},
			{
				"threshold": 2001,
				"model": {
					"type": "minecraft:model",
					"model": "item/amalon/tc/metro/body_2"
				}
			},
			{
				"threshold": 2002,
				"model": {
					"type": "minecraft:model",
					"model": "item/amalon/tc/metro/body_3"
				}
			},
			{
				"threshold": 2003,
				"model": {
					"type": "minecraft:model",
					"model": "item/amalon/tc/metro/body_back"
				}
			},
			{
				"threshold": 2010,
				"model": {
					"type": "minecraft:model",
					"model": "item/amalon/tc/metro/door_left"
				}
			},
			{
				"threshold": 2011,
				"model": {
					"type": "minecraft:model",
					"model": "item/amalon/tc/metro/door_right"
				}
			},
			{
				"threshold": 2020,
				"model": {
					"type": "minecraft:model",
					"model": "item/amalon/tc/metro/seats_metro"
				}
			},
			{
				"threshold": 2021,
				"model": {
					"type": "minecraft:model",
					"model": "item/amalon/tc/metro/seats_airline"
				}
			},
			{
				"threshold": 2030,
				"model": {
					"type": "minecraft:model",
					"model": "item/amalon/tc/metro/bogie"
				}
			},
			{
				"threshold": 2100,
				"model": {
					"type": "minecraft:model",
					"model": "item/amalon/tc/metro/red/body_front"
				}
			},
			{
				"threshold": 2101,
				"model": {
					"type": "minecraft:model",
					"model": "item/amalon/tc/metro/red/body_2"
				}
			},
			{
				"threshold": 2102,
				"model": {
					"type": "minecraft:model",
					"model": "item/amalon/tc/metro/red/body_3"
				}
			},
			{
				"threshold": 2103,
				"model": {
					"type": "minecraft:model",
					"model": "item/amalon/tc/metro/red/body_back"
				}
			},
			{
				"threshold": 2110,
				"model": {
					"type": "minecraft:model",
					"model": "item/amalon/tc/metro/red/door_left"
				}
			},
			{
				"threshold": 2111,
				"model": {
					"type": "minecraft:model",
					"model": "item/amalon/tc/metro/red/door_right"
				}
			},
			{
				"threshold": 2120,
				"model": {
					"type": "minecraft:model",
					"model": "item/amalon/tc/metro/red/seats_metro"
				}
			},
			{
				"threshold": 2121,
				"model": {
					"type": "minecraft:model",
					"model": "item/amalon/tc/metro/red/seats_airline"
				}
			},
			{
				"threshold": 2200,
				"model": {
					"type": "minecraft:model",
					"model": "item/amalon/tc/metro/yel/body_front"
				}
			},
			{
				"threshold": 2201,
				"model": {
					"type": "minecraft:model",
					"model": "item/amalon/tc/metro/yel/body_2"
				}
			},
			{
				"threshold": 2202,
				"model": {
					"type": "minecraft:model",
					"model": "item/amalon/tc/metro/yel/body_3"
				}
			},
			{
				"threshold": 2203,
				"model": {
					"type": "minecraft:model",
					"model": "item/amalon/tc/metro/yel/body_back"
				}
			},
			{
				"threshold": 2210,
				"model": {
					"type": "minecraft:model",
					"model": "item/amalon/tc/metro/yel/door_left"
				}
			},
			{
				"threshold": 2211,
				"model": {
					"type": "minecraft:model",
					"model": "item/amalon/tc/metro/yel/door_right"
				}
			},
			{
				"threshold": 2220,
				"model": {
					"type": "minecraft:model",
					"model": "item/amalon/tc/metro/yel/seats_metro"
				}
			},
			{
				"threshold": 2221,
				"model": {
					"type": "minecraft:model",
					"model": "item/amalon/tc/metro/yel/seats_airline"
				}
			},
			{
				"threshold": 3000,
				"model": {
					"type": "minecraft:model",
					"model": "item/amalon/tc/a4/body1"
				}
			},
			{
				"threshold": 3001,
				"model": {
					"type": "minecraft:model",
					"model": "item/amalon/tc/a4/body2"
				}
			},
			{
				"threshold": 3002,
				"model": {
					"type": "minecraft:model",
					"model": "item/amalon/tc/a4/body3"
				}
			},
			{
				"threshold": 3003,
				"model": {
					"type": "minecraft:model",
					"model": "item/amalon/tc/a4/body4"
				}
			},
			{
				"threshold": 3010,
				"model": {
					"type": "minecraft:model",
					"model": "item/amalon/tc/a4/tender1"
				}
			},
			{
				"threshold": 3011,
				"model": {
					"type": "minecraft:model",
					"model": "item/amalon/tc/a4/tender2"
				}
			},
			{
				"threshold": 3012,
				"model": {
					"type": "minecraft:model",
					"model": "item/amalon/tc/a4/tender3"
				}
			},
			{
				"threshold": 3020,
				"model": {
					"type": "minecraft:model",
					"model": "item/amalon/tc/a4/wheels_lead"
				}
			},
			{
				"threshold": 3021,
				"model": {
					"type": "minecraft:model",
					"model": "item/amalon/tc/a4/wheels_pow"
				}
			},
			{
				"threshold": 3022,
				"model": {
					"type": "minecraft:model",
					"model": "item/amalon/tc/a4/wheels_drive"
				}
			},
			{
				"threshold": 3023,
				"model": {
					"type": "minecraft:model",
					"model": "item/amalon/tc/a4/wheels_trail"
				}
			},
			{
				"threshold": 3024,
				"model": {
					"type": "minecraft:model",
					"model": "item/amalon/tc/a4/wheels_tender"
				}
			},
			{
				"threshold": 3030,
				"model": {
					"type": "minecraft:model",
					"model": "item/amalon/tc/a4/coupling_rod"
				}
			},
			{
				"threshold": 3031,
				"model": {
					"type": "minecraft:model",
					"model": "item/amalon/tc/a4/connecting_rod"
				}
			},
			{
				"threshold": 3032,
				"model": {
					"type": "minecraft:model",
					"model": "item/amalon/tc/a4/piston_rod"
				}
			},
			{
				"threshold": 3033,
				"model": {
					"type": "minecraft:model",
					"model": "item/amalon/tc/a4/eccentric_rod"
				}
			},
			{
				"threshold": 3034,
				"model": {
					"type": "minecraft:model",
					"model": "item/amalon/tc/a4/expansion_link"
				}
			},
			{
				"threshold": 3035,
				"model": {
					"type": "minecraft:model",
					"model": "item/amalon/tc/a4/extension_rod"
				}
			},
			{
				"threshold": 3036,
				"model": {
					"type": "minecraft:model",
					"model": "item/amalon/tc/a4/valve_rod"
				}
			},
			{
				"threshold": 3037,
				"model": {
					"type": "minecraft:model",
					"model": "item/amalon/tc/a4/combi_lever"
				}
			},
			{
				"threshold": 3040,
				"model": {
					"type": "minecraft:model",
					"model": "item/amalon/tc/a4/leader"
				}
			},
			{
				"threshold": 3041,
				"model": {
					"type": "minecraft:model",
					"model": "item/amalon/tc/a4/trailer"
				}
			}
		]
	}
}
